{
  "type": "FeatureCollection",
  "name": "cocle_boundary_presentation_v1",
  "crs": {
    "type": "name",
    "properties": {
      "name": "EPSG:4326"
    }
  },
  "features": [
    {
      "type": "Feature",
      "properties": {
        "_presentation_only": true,
        "_source_boundary": "data/reference/cocle.geojson",
        "_simplification_method": "Ramer-Douglas-Peucker per source ring with deterministic extrema retention",
        "_simplification_tolerance_degrees": 0.00014
      },
      "geometry": {
        "type": "MultiPolygon",
        "coordinates": [
          [
            [
              [
                -80.27304564258952,
                8.299907164594012
              ],
              [
                -80.27096758084964,
                8.298731547395413
              ],
              [
                -80.26733050715562,
                8.298739032195662
              ],
              [
                -80.26684936797975,
                8.298536856475694
              ],
              [
                -80.26680381829343,
                8.298748471271946
              ],
              [
                -80.2670658701528,
                8.298922031021933
              ],
              [
                -80.26693715890406,
                8.299025223209808
              ],
              [
                -80.26390660683212,
                8.299771760668422
              ],
              [
                -80.2611882960081,
                8.298927600054693
              ],
              [
                -80.25964680444216,
                8.29876479467643
              ],
              [
                -80.25706948489963,
                8.299184001405168
              ],
              [
                -80.25350603542562,
                8.300250647897704
              ],
              [
                -80.25243278097827,
                8.300250230255072
              ],
              [
                -80.25083614928803,
                8.299798639075265
              ],
              [
                -80.24949001372724,
                8.300068417445523
              ],
              [
                -80.24926936702089,
                8.299738432040304
              ],
              [
                -80.2494083471505,
                8.299519051240004
              ],
              [
                -80.25097681713248,
                8.299044136238273
              ],
              [
                -80.25415041220619,
                8.298447701169087
              ],
              [
                -80.26084798519898,
                8.297756746431569
              ],
              [
                -80.26502306521266,
                8.296907483625038
              ],
              [
                -80.26850548921674,
                8.29660741595795
              ],
              [
                -80.26871600290877,
                8.296608476046437
              ],
              [
                -80.27133044958497,
                8.297055614699046
              ],
              [
                -80.27405272783052,
                8.29839408595175
              ],
              [
                -80.27521132365722,
                8.29859854054989
              ],
              [
                -80.2757842884346,
                8.29934547795603
              ],
              [
                -80.27579973592178,
                8.299445776742246
              ],
              [
                -80.27570873760105,
                8.299632932097795
              ],
              [
                -80.27492448301484,
                8.299803773394077
              ],
              [
                -80.27427435933583,
                8.300484989590553
              ],
              [
                -80.27420227942474,
                8.300493087180493
              ],
              [
                -80.27325950608966,
                8.300045627767648
              ],
              [
                -80.27304564258952,
                8.299907164594012
              ]
            ]
          ],
          [
            [
              [
                -80.31081340809334,
                8.300553122586358
              ],
              [
                -80.31088456405658,
                8.30055090306148
              ],
              [
                -80.31123607836507,
                8.300760448230927
              ],
              [
                -80.31147379931052,
                8.301498493393257
              ],
              [
                -80.31145728422617,
                8.301513679995548
              ],
              [
                -80.31142264444526,
                8.301523501557956
              ],
              [
                -80.31068632974022,
                8.301077282515566
              ],
              [
                -80.31060328136793,
                8.300877154928624
              ],
              [
                -80.310732005017,
                8.30057440164024
              ],
              [
                -80.31081340809334,
                8.300553122586358
              ]
            ]
          ],
          [
            [
              [
                -80.273108336984,
                8.303016525474975
              ],
              [
                -80.26990482625526,
                8.302439068762142
              ],
              [
                -80.2677000293098,
                8.302494842412743
              ],
              [
                -80.26688938463205,
                8.301925240712599
              ],
              [
                -80.26651843111247,
                8.301003679391378
              ],
              [
                -80.26652124394973,
                8.300971063032115
              ],
              [
                -80.26695991607775,
                8.300836349945746
              ],
              [
                -80.26822110231666,
                8.300896883749557
              ],
              [
                -80.27365995385512,
                8.302028812897133
              ],
              [
                -80.27375390133932,
                8.302878847634846
              ],
              [
                -80.27348792073553,
                8.303077787763899
              ],
              [
                -80.27327202566656,
                8.303041268412514
              ],
              [
                -80.273108336984,
                8.303016525474975
              ]
            ]
          ],
          [
            [
              [
                -80.29366890730346,
                8.303912599762743
              ],
              [
                -80.29420319767856,
                8.303797461122308
              ],
              [
                -80.29450006615927,
                8.303949619738836
              ],
              [
                -80.29469083177334,
                8.304594204836095
              ],
              [
                -80.29468824918004,
                8.304629330099571
              ],
              [
                -80.29438639432354,
                8.305073358735712
              ],
              [
                -80.29429306020258,
                8.30510541257547
              ],
              [
                -80.29361630258312,
                8.30497793885222
              ],
              [
                -80.29306873694736,
                8.304491342574078
              ],
              [
                -80.29305862293859,
                8.304467462749681
              ],
              [
                -80.29359166755961,
                8.303947941730337
              ],
              [
                -80.29366890730346,
                8.303912599762743
              ]
            ]
          ],
          [
            [
              [
                -80.1950772616631,
                9.056854624583643
              ],
              [
                -80.19527257655574,
                9.052775528245082
              ],
              [
                -80.19483820985884,
                9.049958444382725
              ],
              [
                -80.19438419932858,
                9.049340406996569
              ],
              [
                -80.19165602312924,
                9.048087679662883
              ],
              [
                -80.18978964913252,
                9.046284853774566
              ],
              [
                -80.18958973004942,
                9.045160432746371
              ],
              [
                -80.19004601565432,
                9.04352675463647
              ],
              [
                -80.19006097544577,
                9.042346969382791
              ],
              [
                -80.18969911479707,
                9.041119807516148
              ],
              [
                -80.18919321643018,
                9.04045542644472
              ],
              [
                -80.18748077179382,
                9.039887354827757
              ],
              [
                -80.18475359319939,
                9.04217949311864
              ],
              [
                -80.1841368775923,
                9.041998743598192
              ],
              [
                -80.18308137399016,
                9.040902382378157
              ],
              [
                -80.1827945835581,
                9.03998395895869
              ],
              [
                -80.18282276361792,
                9.03869675120941
              ],
              [
                -80.18405310629302,
                9.035985591111043
              ],
              [
                -80.18437310836003,
                9.033698526921796
              ],
              [
                -80.18361110576522,
                9.032790622581524
              ],
              [
                -80.18096298056123,
                9.032227319388008
              ],
              [
                -80.17968296886654,
                9.03125033001646
              ],
              [
                -80.17949713171733,
                9.030725909895123
              ],
              [
                -80.17970777288275,
                9.029576791838561
              ],
              [
                -80.17941212421677,
                9.02834220823978
              ],
              [
                -80.17843417768802,
                9.026632656619174
              ],
              [
                -80.1787705984353,
                9.025755619774039
              ],
              [
                -80.1806481859863,
                9.024767689640475
              ],
              [
                -80.18174168725801,
                9.023685932893333
              ],
              [
                -80.18190569804597,
                9.022589216238046
              ],
              [
                -80.18226911271705,
                9.021840187826118
              ],
              [
                -80.18460295840258,
                9.02027249313032
              ],
              [
                -80.18517348103497,
                9.019036157354945
              ],
              [
                -80.18493073635592,
                9.018393051973963
              ],
              [
                -80.1820567842402,
                9.016355853959174
              ],
              [
                -80.18177825539564,
                9.015445100216024
              ],
              [
                -80.18275980480101,
                9.012355954231328
              ],
              [
                -80.1831447598113,
                9.012040003353935
              ],
              [
                -80.1838553734539,
                9.011908327632117
              ],
              [
                -80.18419546014512,
                9.011526392560233
              ],
              [
                -80.18453984534187,
                9.008955992446387
              ],
              [
                -80.18319467808563,
                9.00855418160614
              ],
              [
                -80.1830719612284,
                9.008216318862738
              ],
              [
                -80.18337301944284,
                9.007159870178993
              ],
              [
                -80.18295039884309,
                9.006113576692341
              ],
              [
                -80.18217718891256,
                9.005199380854805
              ],
              [
                -80.18176993588533,
                9.003581447148381
              ],
              [
                -80.18118138009145,
                9.002405880953166
              ],
              [
                -80.17734563904752,
                8.998987455097733
              ],
              [
                -80.1770273817441,
                8.997634388899892
              ],
              [
                -80.17782529543611,
                8.996009848363341
              ],
              [
                -80.17841158036589,
                8.995455369727045
              ],
              [
                -80.17916983528885,
                8.995181394619037
              ],
              [
                -80.18086582033605,
                8.995277984886785
              ],
              [
                -80.18116372577208,
                8.99508411136199
              ],
              [
                -80.18081273244314,
                8.99376341607163
              ],
              [
                -80.18011402565644,
                8.992593723747294
              ],
              [
                -80.17882734894319,
                8.99227088967472
              ],
              [
                -80.1775183543345,
                8.992670490355069
              ],
              [
                -80.17723452365195,
                8.992481802766344
              ],
              [
                -80.17711995241,
                8.992033350823727
              ],
              [
                -80.1773465615615,
                8.991455769225258
              ],
              [
                -80.17888661623603,
                8.989617620890112
              ],
              [
                -80.17999723930357,
                8.989070945764817
              ],
              [
                -80.1812629444101,
                8.987800245859031
              ],
              [
                -80.18131846675153,
                8.987151265059268
              ],
              [
                -80.180309571084,
                8.985927111943653
              ],
              [
                -80.17941755959025,
                8.985423955020195
              ],
              [
                -80.17882744085126,
                8.985429503925724
              ],
              [
                -80.17824360000799,
                8.98513904988116
              ],
              [
                -80.17772370220625,
                8.983555256817839
              ],
              [
                -80.17705679574206,
                8.982582995049102
              ],
              [
                -80.17650192119288,
                8.982655606023624
              ],
              [
                -80.17295716808513,
                8.984906019865715
              ],
              [
                -80.17214721499305,
                8.98478840164652
              ],
              [
                -80.17251009842074,
                8.984069000179344
              ],
              [
                -80.17238520380062,
                8.98367944075788
              ],
              [
                -80.17138965330781,
                8.983545969117857
              ],
              [
                -80.17111065185254,
                8.983194147519772
              ],
              [
                -80.17164451715698,
                8.981877470610298
              ],
              [
                -80.17160559331298,
                8.98069715568437
              ],
              [
                -80.1721813416746,
                8.979616539830884
              ],
              [
                -80.17403679588017,
                8.977572453620411
              ],
              [
                -80.17590052375742,
                8.97478697836877
              ],
              [
                -80.17551015993111,
                8.973446827609427
              ],
              [
                -80.17623371116737,
                8.972101519388685
              ],
              [
                -80.17644697259678,
                8.971135528754083
              ],
              [
                -80.17554542000282,
                8.968681089021397
              ],
              [
                -80.17445838077103,
                8.968228698082346
              ],
              [
                -80.17337659438998,
                8.968362800927414
              ],
              [
                -80.17188674555781,
                8.969986176882456
              ],
              [
                -80.17012052874928,
                8.971092053652113
              ],
              [
                -80.1678108176151,
                8.97163892121254
              ],
              [
                -80.16644379004626,
                8.971542625061778
              ],
              [
                -80.16612803698112,
                8.971301971253846
              ],
              [
                -80.16615304403292,
                8.971053629083201
              ],
              [
                -80.1672926408352,
                8.970437243441152
              ],
              [
                -80.16761174545009,
                8.969992291745543
              ],
              [
                -80.16775576440469,
                8.967774619391086
              ],
              [
                -80.16663790743844,
                8.966755447164866
              ],
              [
                -80.16570988736405,
                8.966631240356206
              ],
              [
                -80.16459946206,
                8.967653324227332
              ],
              [
                -80.16377004240269,
                8.969011522221082
              ],
              [
                -80.16319469757401,
                8.968959782474071
              ],
              [
                -80.16267491490335,
                8.968038000853749
              ],
              [
                -80.16272079136367,
                8.963930018373995
              ],
              [
                -80.16184895414825,
                8.962772141876918
              ],
              [
                -80.16071514476438,
                8.962452007911168
              ],
              [
                -80.15852440294313,
                8.962822605944128
              ],
              [
                -80.15796493897615,
                8.963108327778597
              ],
              [
                -80.1557469473602,
                8.964827448743277
              ],
              [
                -80.15492329320591,
                8.966152042422516
              ],
              [
                -80.15442863440896,
                8.966541816470963
              ],
              [
                -80.15316298266501,
                8.966566247406293
              ],
              [
                -80.1524217944222,
                8.966223242247917
              ],
              [
                -80.15222180354601,
                8.965820228207743
              ],
              [
                -80.15227779186719,
                8.965153373358383
              ],
              [
                -80.15415287717002,
                8.96285559218022
              ],
              [
                -80.15431751997556,
                8.962052173022558
              ],
              [
                -80.15387611045024,
                8.961749051372536
              ],
              [
                -80.15260679380448,
                8.961936975684141
              ],
              [
                -80.15206576011953,
                8.96176244246409
              ],
              [
                -80.15122346074368,
                8.960559673363921
              ],
              [
                -80.15067744513347,
                8.958947529002968
              ],
              [
                -80.1498460078032,
                8.958308779782737
              ],
              [
                -80.1491816073277,
                8.958160769055615
              ],
              [
                -80.14741313061081,
                8.958528758754905
              ],
              [
                -80.14572771963327,
                8.957286839779592
              ],
              [
                -80.14545114145527,
                8.956481862645733
              ],
              [
                -80.14649877627453,
                8.953670645558468
              ],
              [
                -80.146154184609,
                8.952178628684388
              ],
              [
                -80.14562635513816,
                8.95126627536975
              ],
              [
                -80.14435484301642,
                8.94998818522665
              ],
              [
                -80.14019575615737,
                8.948389438224504
              ],
              [
                -80.1405416134454,
                8.947595122458221
              ],
              [
                -80.14150716856612,
                8.947055031900828
              ],
              [
                -80.14204807575877,
                8.94622521841516
              ],
              [
                -80.1417604266651,
                8.945624641448761
              ],
              [
                -80.14106183739382,
                8.945292263932881
              ],
              [
                -80.14002088657422,
                8.945533004008368
              ],
              [
                -80.13975141136703,
                8.945132502676666
              ],
              [
                -80.13985314601813,
                8.944755731109344
              ],
              [
                -80.1421554017583,
                8.943800270993572
              ],
              [
                -80.14347496245338,
                8.942991847484388
              ],
              [
                -80.14427960432945,
                8.942011521987594
              ],
              [
                -80.14454877318299,
                8.940324885000207
              ],
              [
                -80.14360895232451,
                8.938413370912631
              ],
              [
                -80.14318873895057,
                8.938082369193141
              ],
              [
                -80.14272602554735,
                8.93792654988991
              ],
              [
                -80.14208216530224,
                8.93810057623356
              ],
              [
                -80.14086986179323,
                8.938932893479093
              ],
              [
                -80.13999559478064,
                8.938734354781246
              ],
              [
                -80.13938890955127,
                8.938182082066778
              ],
              [
                -80.13930120481895,
                8.937447209209603
              ],
              [
                -80.13967360022879,
                8.936455503748185
              ],
              [
                -80.14102913844339,
                8.935620203213865
              ],
              [
                -80.14162779635755,
                8.934024510639247
              ],
              [
                -80.14120790701658,
                8.93382990098135
              ],
              [
                -80.14044346677548,
                8.93388091508727
              ],
              [
                -80.13852522584756,
                8.934939543463331
              ],
              [
                -80.13759395335175,
                8.935079571642557
              ],
              [
                -80.13645855234535,
                8.935826274244139
              ],
              [
                -80.13532873136445,
                8.936125540016647
              ],
              [
                -80.13439161971748,
                8.936145716809804
              ],
              [
                -80.13399839789774,
                8.935469148930311
              ],
              [
                -80.13446565364221,
                8.933365526671698
              ],
              [
                -80.13413146109536,
                8.93127834391408
              ],
              [
                -80.13428710645312,
                8.93051616797145
              ],
              [
                -80.13461798325692,
                8.93038279246121
              ],
              [
                -80.1362007178854,
                8.931007644474219
              ],
              [
                -80.13675949798791,
                8.93097351419739
              ],
              [
                -80.13775847714915,
                8.93033460311574
              ],
              [
                -80.13909060390125,
                8.928866452473871
              ],
              [
                -80.13902451157551,
                8.928311451632164
              ],
              [
                -80.138548463649,
                8.927777968134047
              ],
              [
                -80.13722939102405,
                8.927993151987307
              ],
              [
                -80.13659961833974,
                8.927640819495585
              ],
              [
                -80.13628058197295,
                8.926321812412542
              ],
              [
                -80.13645032741533,
                8.924612848919594
              ],
              [
                -80.13670700484812,
                8.924196051202742
              ],
              [
                -80.13936165339334,
                8.92290572340035
              ],
              [
                -80.1407603936003,
                8.923250091674412
              ],
              [
                -80.14100042142455,
                8.923653373970108
              ],
              [
                -80.14086930967022,
                8.924078242697414
              ],
              [
                -80.13971879041021,
                8.924423257494018
              ],
              [
                -80.13952603624979,
                8.924742120091649
              ],
              [
                -80.1398594278858,
                8.926601883091426
              ],
              [
                -80.14032878534064,
                8.927178011647092
              ],
              [
                -80.14075539762891,
                8.927193345022195
              ],
              [
                -80.14135928476357,
                8.9254521336432
              ],
              [
                -80.14320573486833,
                8.922984534984737
              ],
              [
                -80.14389991060912,
                8.921629751076619
              ],
              [
                -80.1435620270665,
                8.920162244568008
              ],
              [
                -80.14455789620216,
                8.919034989557382
              ],
              [
                -80.14492106475208,
                8.91892280408321
              ],
              [
                -80.14671165634749,
                8.92141057150337
              ],
              [
                -80.14700604321058,
                8.922643861815997
              ],
              [
                -80.1468646842807,
                8.924003582752421
              ],
              [
                -80.14726847756046,
                8.924247742995442
              ],
              [
                -80.14829005697518,
                8.924041321465525
              ],
              [
                -80.1484827697997,
                8.92352712924035
              ],
              [
                -80.14798393555161,
                8.923394357364359
              ],
              [
                -80.14790199985038,
                8.92311021323569
              ],
              [
                -80.14913186615514,
                8.920791786779052
              ],
              [
                -80.14884230271578,
                8.919685165879532
              ],
              [
                -80.14913008793279,
                8.918734990148286
              ],
              [
                -80.14824137698206,
                8.917480839221223
              ],
              [
                -80.14796799800047,
                8.916402043237298
              ],
              [
                -80.1479030997502,
                8.913944950740001
              ],
              [
                -80.14846017263513,
                8.912612850527108
              ],
              [
                -80.14905260406552,
                8.91245900677434
              ],
              [
                -80.15097541442847,
                8.914180646593872
              ],
              [
                -80.15259608464562,
                8.914950789661896
              ],
              [
                -80.15316088143874,
                8.914609234150607
              ],
              [
                -80.15435711175918,
                8.91298877473806
              ],
              [
                -80.15751040616114,
                8.912339559798124
              ],
              [
                -80.15893535707083,
                8.911762673144302
              ],
              [
                -80.15940431225579,
                8.910601951528747
              ],
              [
                -80.15796406539482,
                8.909512186255835
              ],
              [
                -80.15748046356244,
                8.90840402902122
              ],
              [
                -80.15751032973142,
                8.907318626450875
              ],
              [
                -80.15819216112736,
                8.906706217704048
              ],
              [
                -80.15934809988559,
                8.906919787892658
              ],
              [
                -80.16100970509379,
                8.906616986539092
              ],
              [
                -80.16206520227587,
                8.902886528223869
              ],
              [
                -80.16294458910238,
                8.902307110254776
              ],
              [
                -80.16409174203453,
                8.900617437202667
              ],
              [
                -80.1648439460396,
                8.899918013683124
              ],
              [
                -80.16564716817338,
                8.897684390412833
              ],
              [
                -80.16600236088365,
                8.897444889051465
              ],
              [
                -80.16645251613578,
                8.897485326787667
              ],
              [
                -80.16703379315864,
                8.89880909797476
              ],
              [
                -80.16806040620284,
                8.899183795902653
              ],
              [
                -80.16873561210872,
                8.900285364726045
              ],
              [
                -80.16924384812913,
                8.900459136981008
              ],
              [
                -80.17017121462142,
                8.89936203875812
              ],
              [
                -80.16905165965963,
                8.898373866227496
              ],
              [
                -80.16900315031066,
                8.89777229963107
              ],
              [
                -80.17288508975834,
                8.895950744704335
              ],
              [
                -80.17364620203824,
                8.894773527938968
              ],
              [
                -80.17336211436931,
                8.894045381846434
              ],
              [
                -80.17140462772905,
                8.89372069092476
              ],
              [
                -80.17054699680327,
                8.893063850121285
              ],
              [
                -80.1704992838776,
                8.891615427372937
              ],
              [
                -80.16994090766944,
                8.890320070186462
              ],
              [
                -80.16945745693948,
                8.887589307992116
              ],
              [
                -80.16971878902613,
                8.885030136200362
              ],
              [
                -80.16955272766522,
                8.883849358047426
              ],
              [
                -80.17004593543602,
                8.882424706698693
              ],
              [
                -80.16882216911273,
                8.881540640628048
              ],
              [
                -80.16772148989433,
                8.880110487926443
              ],
              [
                -80.16690900413265,
                8.878524484545059
              ],
              [
                -80.16654288010095,
                8.8768940366626
              ],
              [
                -80.16659175381984,
                8.876620239365497
              ],
              [
                -80.16699527161802,
                8.876505454248845
              ],
              [
                -80.16966756292123,
                8.87717308296425
              ],
              [
                -80.17054441306931,
                8.877677942759831
              ],
              [
                -80.17096667074162,
                8.877448819691013
              ],
              [
                -80.17068936699945,
                8.876284367154902
              ],
              [
                -80.16942182800389,
                8.87496459411587
              ],
              [
                -80.16938362967471,
                8.873562949437554
              ],
              [
                -80.16838134034673,
                8.871821943103791
              ],
              [
                -80.16816870927741,
                8.871009497749451
              ],
              [
                -80.168381970332,
                8.870265277095937
              ],
              [
                -80.16809856709011,
                8.869694688994539
              ],
              [
                -80.16821098382951,
                8.86875767744203
              ],
              [
                -80.16867957177097,
                8.86811644618036
              ],
              [
                -80.16941304084983,
                8.866072077523361
              ],
              [
                -80.17009853802963,
                8.865474028239866
              ],
              [
                -80.16901878503967,
                8.864248550876876
              ],
              [
                -80.1681096998668,
                8.861948442041069
              ],
              [
                -80.16831394437392,
                8.861061734716936
              ],
              [
                -80.1690789432343,
                8.860947152505384
              ],
              [
                -80.16956860593362,
                8.860300217142228
              ],
              [
                -80.16891023675079,
                8.859093593500976
              ],
              [
                -80.16917023628065,
                8.857914496455884
              ],
              [
                -80.16872899557846,
                8.857320613393084
              ],
              [
                -80.167338774893,
                8.857591223215326
              ],
              [
                -80.16661856744919,
                8.857497200931437
              ],
              [
                -80.16638744277499,
                8.857176577717247
              ],
              [
                -80.16716806184425,
                8.856092581023255
              ],
              [
                -80.16689363579465,
                8.855334034434076
              ],
              [
                -80.16763947245194,
                8.855027106363512
              ],
              [
                -80.16841602856574,
                8.85281905811099
              ],
              [
                -80.16926376538802,
                8.851511892026352
              ],
              [
                -80.16936369356797,
                8.849989250842597
              ],
              [
                -80.16981212192981,
                8.84911269419961
              ],
              [
                -80.17055430362409,
                8.84841872810357
              ],
              [
                -80.17267708700719,
                8.84765116891211
              ],
              [
                -80.17381858192886,
                8.845511584025841
              ],
              [
                -80.17517242368925,
                8.845252312700394
              ],
              [
                -80.17548917430506,
                8.84470645948162
              ],
              [
                -80.17503378559609,
                8.84382457701411
              ],
              [
                -80.17443028573449,
                8.843249687490498
              ],
              [
                -80.17293375922887,
                8.8427443681561
              ],
              [
                -80.17255944997176,
                8.840834623527948
              ],
              [
                -80.17230060129467,
                8.84049231902428
              ],
              [
                -80.17162550655257,
                8.840388977430218
              ],
              [
                -80.17053957409125,
                8.840946711175421
              ],
              [
                -80.16980660158002,
                8.840945989080854
              ],
              [
                -80.16769955741304,
                8.838803263456949
              ],
              [
                -80.16732388095734,
                8.8375059843659
              ],
              [
                -80.16765847164886,
                8.835328177135755
              ],
              [
                -80.1684481648265,
                8.834481437528437
              ],
              [
                -80.1689290869864,
                8.83333807740939
              ],
              [
                -80.1684130766186,
                8.833026068169039
              ],
              [
                -80.16706665516503,
                8.832934802597682
              ],
              [
                -80.16651906176469,
                8.832516742050904
              ],
              [
                -80.16636809612618,
                8.830787970995763
              ],
              [
                -80.16524833535274,
                8.829771605387029
              ],
              [
                -80.16483556615177,
                8.82894234382581
              ],
              [
                -80.16487002001904,
                8.828524303827123
              ],
              [
                -80.16534851157901,
                8.827844291701767
              ],
              [
                -80.16520437057115,
                8.827202178256627
              ],
              [
                -80.16459586800435,
                8.826345654195363
              ],
              [
                -80.16340092859346,
                8.825768864920853
              ],
              [
                -80.16340317177426,
                8.825032931133945
              ],
              [
                -80.16413483467109,
                8.8229223334914
              ],
              [
                -80.16567250460479,
                8.822332549221931
              ],
              [
                -80.16620074567207,
                8.821829129675693
              ],
              [
                -80.1666919647158,
                8.820649234966243
              ],
              [
                -80.1658976995879,
                8.818876225491502
              ],
              [
                -80.16609676765287,
                8.817507976983984
              ],
              [
                -80.16590745634967,
                8.816893568235383
              ],
              [
                -80.16450999756297,
                8.815261099227989
              ],
              [
                -80.16317256355872,
                8.815208384878302
              ],
              [
                -80.16221469485627,
                8.813718813222748
              ],
              [
                -80.16053216461384,
                8.812145414654239
              ],
              [
                -80.1594322478693,
                8.809283304183527
              ],
              [
                -80.15846291098727,
                8.80883628520271
              ],
              [
                -80.15862332806167,
                8.808361875368167
              ],
              [
                -80.15983749145012,
                8.807718945710585
              ],
              [
                -80.16024271940495,
                8.80715118874574
              ],
              [
                -80.16019490057485,
                8.80674358237413
              ],
              [
                -80.15954522532405,
                8.80621831291727
              ],
              [
                -80.1596500745721,
                8.805785508391141
              ],
              [
                -80.16019042555227,
                8.805629938235722
              ],
              [
                -80.16141272471425,
                8.805794393027314
              ],
              [
                -80.16204261408768,
                8.805634043553416
              ],
              [
                -80.16227062210015,
                8.805351704821806
              ],
              [
                -80.16157878792559,
                8.803380794216826
              ],
              [
                -80.15930508022427,
                8.801896719827283
              ],
              [
                -80.1594458365498,
                8.801182369094503
              ],
              [
                -80.15911245978644,
                8.799066342044904
              ],
              [
                -80.15775216518507,
                8.79878071757153
              ],
              [
                -80.15756485989466,
                8.798536068520207
              ],
              [
                -80.15761075704371,
                8.797978603130247
              ],
              [
                -80.1587315351886,
                8.796402121418875
              ],
              [
                -80.15859550413639,
                8.79582837117518
              ],
              [
                -80.1578010228406,
                8.79559569124003
              ],
              [
                -80.1575411356512,
                8.79529141945857
              ],
              [
                -80.15871251942553,
                8.793561700169926
              ],
              [
                -80.15869935621939,
                8.792928676032938
              ],
              [
                -80.1583883123025,
                8.792708111913683
              ],
              [
                -80.15607053339197,
                8.792516344635185
              ],
              [
                -80.1556278714185,
                8.792909047208926
              ],
              [
                -80.15324278869767,
                8.792641468373583
              ],
              [
                -80.15239065644298,
                8.791999620730062
              ],
              [
                -80.15235919071162,
                8.78934260398124
              ],
              [
                -80.15208522972017,
                8.789215141372454
              ],
              [
                -80.15124564041255,
                8.78962514448562
              ],
              [
                -80.14980009558553,
                8.788632764385923
              ],
              [
                -80.14977972912452,
                8.788009620240995
              ],
              [
                -80.15128809695035,
                8.787361371700102
              ],
              [
                -80.15356218983972,
                8.787682997732718
              ],
              [
                -80.15370614311956,
                8.78736816963161
              ],
              [
                -80.15353814762325,
                8.786147325675476
              ],
              [
                -80.15311744310432,
                8.785341351726412
              ],
              [
                -80.15175950381314,
                8.784631615782809
              ],
              [
                -80.1511497838248,
                8.783551885249727
              ],
              [
                -80.15109134870448,
                8.781447052566817
              ],
              [
                -80.15076378528047,
                8.7813317428403
              ],
              [
                -80.15012471521041,
                8.781811087386028
              ],
              [
                -80.14981137486575,
                8.781731310232894
              ],
              [
                -80.1492717682986,
                8.780777012647675
              ],
              [
                -80.14951549231851,
                8.779691192407135
              ],
              [
                -80.1488402918414,
                8.778664494473201
              ],
              [
                -80.14652573513291,
                8.776971463248563
              ],
              [
                -80.14645472878009,
                8.776530420627543
              ],
              [
                -80.14708396639041,
                8.775691848681312
              ],
              [
                -80.14712177228188,
                8.775276237438703
              ],
              [
                -80.14507088769179,
                8.773078807680747
              ],
              [
                -80.14337763096566,
                8.772346163380144
              ],
              [
                -80.14255011999812,
                8.770859965446467
              ],
              [
                -80.14070185955981,
                8.769395074508612
              ],
              [
                -80.14024390739901,
                8.768454433381786
              ],
              [
                -80.13847984430406,
                8.767959441833927
              ],
              [
                -80.13751912791473,
                8.766711479178445
              ],
              [
                -80.13652645881467,
                8.766881218579814
              ],
              [
                -80.1359412300542,
                8.767657464425064
              ],
              [
                -80.13404713100495,
                8.767413718580068
              ],
              [
                -80.13246344508396,
                8.766448650064442
              ],
              [
                -80.13001320554687,
                8.764328965835794
              ],
              [
                -80.12946210644739,
                8.762415459404385
              ],
              [
                -80.12893983003173,
                8.762168738816904
              ],
              [
                -80.1271374903741,
                8.76214719514181
              ],
              [
                -80.12676952277374,
                8.76195620649758
              ],
              [
                -80.12732549913886,
                8.760114222860674
              ],
              [
                -80.12705396497387,
                8.758631252777297
              ],
              [
                -80.1267448855536,
                8.757951877924809
              ],
              [
                -80.12572818991013,
                8.75744797779843
              ],
              [
                -80.12538262209081,
                8.75703180790115
              ],
              [
                -80.12548976701518,
                8.756803757496494
              ],
              [
                -80.12668539591795,
                8.756254537789033
              ],
              [
                -80.12696865902198,
                8.755521886034202
              ],
              [
                -80.12645710643683,
                8.754880847078045
              ],
              [
                -80.12553711184054,
                8.755281147035468
              ],
              [
                -80.12530832722895,
                8.75503835849241
              ],
              [
                -80.12572940822618,
                8.753157918707053
              ],
              [
                -80.12487940693967,
                8.751483405147507
              ],
              [
                -80.12582871744598,
                8.750220221221978
              ],
              [
                -80.12514702262558,
                8.748098014950477
              ],
              [
                -80.12518947987412,
                8.746443700884894
              ],
              [
                -80.1246007844224,
                8.745500662080094
              ],
              [
                -80.12492846597485,
                8.744554880395777
              ],
              [
                -80.12484327658595,
                8.743615223524957
              ],
              [
                -80.12408870341325,
                8.742260967395033
              ],
              [
                -80.12257862935961,
                8.741002182181871
              ],
              [
                -80.12236906516263,
                8.739529178584245
              ],
              [
                -80.12188610770289,
                8.738874758691566
              ],
              [
                -80.12175910293163,
                8.738276495618047
              ],
              [
                -80.12107183487517,
                8.738103112641575
              ],
              [
                -80.12089548782781,
                8.73780063573004
              ],
              [
                -80.12157046562422,
                8.736550111961733
              ],
              [
                -80.12153490758615,
                8.73286663352285
              ],
              [
                -80.11882045791803,
                8.73179666904746
              ],
              [
                -80.11697454479877,
                8.73186938763464
              ],
              [
                -80.11568219202536,
                8.731147743089673
              ],
              [
                -80.11510072766914,
                8.72717824451123
              ],
              [
                -80.11442818442774,
                8.726313412834857
              ],
              [
                -80.11411945023612,
                8.725314550828374
              ],
              [
                -80.11417315941068,
                8.724727451705077
              ],
              [
                -80.11497886785192,
                8.72317369364354
              ],
              [
                -80.1153550987718,
                8.723195170387962
              ],
              [
                -80.11640876139377,
                8.723883757872649
              ],
              [
                -80.11724662458742,
                8.723558785634765
              ],
              [
                -80.11691788344251,
                8.721335503942946
              ],
              [
                -80.11762132744477,
                8.720683239250256
              ],
              [
                -80.11776891676125,
                8.72009158525677
              ],
              [
                -80.11744392941063,
                8.719130225453295
              ],
              [
                -80.11691495636808,
                8.718576798245243
              ],
              [
                -80.11550296370085,
                8.718570917506154
              ],
              [
                -80.11457975137571,
                8.718166671176554
              ],
              [
                -80.1143021161329,
                8.716720936250157
              ],
              [
                -80.11259577058463,
                8.714538626485751
              ],
              [
                -80.1130324024489,
                8.713465475763496
              ],
              [
                -80.11251826878092,
                8.712465941228693
              ],
              [
                -80.1124814199174,
                8.711634625666216
              ],
              [
                -80.11287925300185,
                8.711034794007508
              ],
              [
                -80.11367383694119,
                8.710757841056179
              ],
              [
                -80.1145322756305,
                8.710096640568844
              ],
              [
                -80.1143303243414,
                8.709176393020071
              ],
              [
                -80.11508924911385,
                8.708543044830677
              ],
              [
                -80.11465791310555,
                8.707425625595338
              ],
              [
                -80.11491950467727,
                8.706315704021
              ],
              [
                -80.11444494657007,
                8.705120220483908
              ],
              [
                -80.11350371085977,
                8.703882323030134
              ],
              [
                -80.11341175156787,
                8.702406365015051
              ],
              [
                -80.1123138684281,
                8.701560770375066
              ],
              [
                -80.11242538372652,
                8.69963315957591
              ],
              [
                -80.11095765574659,
                8.697532691801035
              ],
              [
                -80.11104745625022,
                8.696232701366863
              ],
              [
                -80.11011883199555,
                8.695231136067278
              ],
              [
                -80.1102951771997,
                8.694310377411943
              ],
              [
                -80.10994952474476,
                8.693050180943883
              ],
              [
                -80.1105011688156,
                8.691544706168507
              ],
              [
                -80.11220449316512,
                8.690940163611863
              ],
              [
                -80.11271435616295,
                8.69049147563479
              ],
              [
                -80.11196703162601,
                8.689381674251598
              ],
              [
                -80.11275750929371,
                8.688352881896572
              ],
              [
                -80.11281266519337,
                8.68762945898728
              ],
              [
                -80.11246883054739,
                8.687259783704638
              ],
              [
                -80.11174489601075,
                8.687141919376675
              ],
              [
                -80.11148769371201,
                8.686711282004197
              ],
              [
                -80.11181140164223,
                8.685541497395585
              ],
              [
                -80.11161916757766,
                8.68420999687484
              ],
              [
                -80.11214926987807,
                8.683317704375035
              ],
              [
                -80.11237307864094,
                8.682010027883523
              ],
              [
                -80.11287178276392,
                8.681434982905952
              ],
              [
                -80.11495610000213,
                8.680417634806268
              ],
              [
                -80.1167343026584,
                8.67889325885843
              ],
              [
                -80.1171162931099,
                8.67777477137636
              ],
              [
                -80.11799920543514,
                8.676489610380305
              ],
              [
                -80.11806304825285,
                8.674872658245993
              ],
              [
                -80.11895314733505,
                8.673411236819984
              ],
              [
                -80.11888485117315,
                8.67302387715545
              ],
              [
                -80.11804614103742,
                8.672124457584278
              ],
              [
                -80.1179692914154,
                8.671074701213538
              ],
              [
                -80.11758313859238,
                8.670291722131669
              ],
              [
                -80.11792835591233,
                8.66972444674484
              ],
              [
                -80.11906393364548,
                8.669271269519882
              ],
              [
                -80.1192999343995,
                8.668774902424179
              ],
              [
                -80.1185539014122,
                8.666682641447775
              ],
              [
                -80.11863120655687,
                8.664571616867818
              ],
              [
                -80.11892983556554,
                8.663734549813391
              ],
              [
                -80.11844654441522,
                8.66260153363063
              ],
              [
                -80.11878252193816,
                8.661324789830973
              ],
              [
                -80.1179568638087,
                8.659419953068342
              ],
              [
                -80.1168059313085,
                8.658830450430532
              ],
              [
                -80.11683456401083,
                8.657617267616672
              ],
              [
                -80.11498876698971,
                8.656305287464212
              ],
              [
                -80.11414272919417,
                8.654579125987691
              ],
              [
                -80.11336073873561,
                8.654511412990837
              ],
              [
                -80.11306904663543,
                8.654194900252328
              ],
              [
                -80.11273090061775,
                8.652811914233626
              ],
              [
                -80.11293785780374,
                8.652168207110115
              ],
              [
                -80.11241182468598,
                8.651932419409702
              ],
              [
                -80.11159977537045,
                8.652138963623422
              ],
              [
                -80.11019940680113,
                8.648301040144405
              ],
              [
                -80.11006083177588,
                8.647686631511453
              ],
              [
                -80.11025422008088,
                8.647041676956182
              ],
              [
                -80.11107670540696,
                8.646320349441694
              ],
              [
                -80.11070058675348,
                8.645696189699473
              ],
              [
                -80.11084179589844,
                8.644941515627758
              ],
              [
                -80.11043519090799,
                8.643075353436775
              ],
              [
                -80.11142982917697,
                8.641201821561022
              ],
              [
                -80.11183845027792,
                8.640873513264077
              ],
              [
                -80.11233978712342,
                8.6408122436181
              ],
              [
                -80.11260407540756,
                8.640222566625667
              ],
              [
                -80.11177412955793,
                8.639079460577767
              ],
              [
                -80.11234389588824,
                8.63772362836682
              ],
              [
                -80.11097559766236,
                8.636979078363268
              ],
              [
                -80.10968128712454,
                8.635412209402963
              ],
              [
                -80.10389459189771,
                8.635783301716595
              ],
              [
                -80.10496286322447,
                8.63319412218566
              ],
              [
                -80.1047959122272,
                8.630495376491432
              ],
              [
                -80.10376324775619,
                8.628349744819674
              ],
              [
                -80.10367952539472,
                8.627089405684167
              ],
              [
                -80.10310925020096,
                8.626261239542933
              ],
              [
                -80.10241686413076,
                8.6230803898401
              ],
              [
                -80.10144618806967,
                8.621643907876155
              ],
              [
                -80.10182136313351,
                8.620541611577048
              ],
              [
                -80.10151427340514,
                8.619499998601103
              ],
              [
                -80.10170624735892,
                8.618894547419742
              ],
              [
                -80.10210338361568,
                8.618480905821185
              ],
              [
                -80.10369065733957,
                8.61778988887461
              ],
              [
                -80.10416813376519,
                8.617187146817695
              ],
              [
                -80.10422813983148,
                8.616696181523707
              ],
              [
                -80.1029512101324,
                8.614908630745267
              ],
              [
                -80.10227864545273,
                8.614635870568051
              ],
              [
                -80.10102475620756,
                8.614710258456341
              ],
              [
                -80.09885497944721,
                8.61269406324045
              ],
              [
                -80.09865606835086,
                8.612196065476528
              ],
              [
                -80.09988334613456,
                8.609723775858564
              ],
              [
                -80.10168480177988,
                8.607936944854307
              ],
              [
                -80.10195854131058,
                8.606491378693105
              ],
              [
                -80.10283509975137,
                8.605142518017827
              ],
              [
                -80.1030159832784,
                8.603562689442423
              ],
              [
                -80.10269049242164,
                8.602129795513157
              ],
              [
                -80.10327644197729,
                8.599662479030194
              ],
              [
                -80.10403007801557,
                8.597677947776258
              ],
              [
                -80.10414194695765,
                8.595028511889614
              ],
              [
                -80.10516415525613,
                8.592588116395971
              ],
              [
                -80.10539760335381,
                8.590984247262426
              ],
              [
                -80.10583092855886,
                8.590245290526205
              ],
              [
                -80.10664174155417,
                8.589774837910443
              ],
              [
                -80.10733229805341,
                8.589763676627625
              ],
              [
                -80.10791832987489,
                8.590893145103642
              ],
              [
                -80.11006962183731,
                8.592754983514986
              ],
              [
                -80.11132131398612,
                8.592798901998231
              ],
              [
                -80.11316360119048,
                8.59225415797722
              ],
              [
                -80.11393329509963,
                8.592525091042567
              ],
              [
                -80.11408137864335,
                8.592978668584415
              ],
              [
                -80.12220632939925,
                8.589185832484358
              ],
              [
                -80.12117260903246,
                8.589020679135112
              ],
              [
                -80.12029040818175,
                8.588022296384542
              ],
              [
                -80.12026913665316,
                8.58735919395747
              ],
              [
                -80.1194187204123,
                8.586930331549173
              ],
              [
                -80.11846608410885,
                8.584687107254881
              ],
              [
                -80.1179123869383,
                8.583884784760482
              ],
              [
                -80.1176897890133,
                8.582504550389327
              ],
              [
                -80.1172336600631,
                8.581876543385347
              ],
              [
                -80.11662803424323,
                8.58158423483631
              ],
              [
                -80.11525320597217,
                8.581649842040228
              ],
              [
                -80.11427815141525,
                8.581174836079205
              ],
              [
                -80.11289798675996,
                8.579937893580555
              ],
              [
                -80.11203490382395,
                8.578790814232226
              ],
              [
                -80.11191110012861,
                8.577782053236477
              ],
              [
                -80.11271221980107,
                8.576655310200364
              ],
              [
                -80.11274319926596,
                8.57602506772933
              ],
              [
                -80.11203608726035,
                8.575062236102053
              ],
              [
                -80.11187463820616,
                8.573228424474737
              ],
              [
                -80.11128482428092,
                8.572533397026518
              ],
              [
                -80.11118758138451,
                8.571698148505437
              ],
              [
                -80.10972756744873,
                8.570030507709703
              ],
              [
                -80.10955555628442,
                8.569290598508976
              ],
              [
                -80.11065304981386,
                8.567187879836053
              ],
              [
                -80.1107742495684,
                8.56606068541122
              ],
              [
                -80.11040860980796,
                8.565185226028259
              ],
              [
                -80.11156522592671,
                8.563860755640809
              ],
              [
                -80.11156851927443,
                8.56232629799572
              ],
              [
                -80.11017265060369,
                8.55922597151708
              ],
              [
                -80.10902291858422,
                8.55849048873456
              ],
              [
                -80.10837997899618,
                8.557639508862646
              ],
              [
                -80.10798959743506,
                8.556207352048494
              ],
              [
                -80.10860275323613,
                8.555196194678507
              ],
              [
                -80.10861420015098,
                8.554750639789358
              ],
              [
                -80.10708779741788,
                8.554091794951773
              ],
              [
                -80.10663332333179,
                8.551394866822081
              ],
              [
                -80.10555503470954,
                8.5510387828113
              ],
              [
                -80.10406432561176,
                8.551280200012782
              ],
              [
                -80.10167420616727,
                8.549530597990204
              ],
              [
                -80.10125785272365,
                8.548837933085636
              ],
              [
                -80.10103169405785,
                8.546957497710125
              ],
              [
                -80.10021370863038,
                8.546974854105938
              ],
              [
                -80.09998995975567,
                8.546770651705906
              ],
              [
                -80.10006303604925,
                8.546466101398744
              ],
              [
                -80.10128336327891,
                8.545575161069028
              ],
              [
                -80.10112719543775,
                8.545281298726412
              ],
              [
                -80.10010835365424,
                8.545201063965143
              ],
              [
                -80.0997205479746,
                8.544849120823207
              ],
              [
                -80.09976964239166,
                8.54427663362549
              ],
              [
                -80.10042898600348,
                8.54357830606594
              ],
              [
                -80.10043099571833,
                8.542878863885667
              ],
              [
                -80.10006335520255,
                8.542779196421558
              ],
              [
                -80.09921856144325,
                8.543661852426164
              ],
              [
                -80.09821466078121,
                8.543981249127091
              ],
              [
                -80.09790200066499,
                8.543371068523204
              ],
              [
                -80.09832900730662,
                8.542692243885023
              ],
              [
                -80.09828928708434,
                8.542407811669788
              ],
              [
                -80.09663911006558,
                8.54180810880729
              ],
              [
                -80.09731339726903,
                8.541031805019424
              ],
              [
                -80.0964243591795,
                8.540217337161094
              ],
              [
                -80.09603327041961,
                8.539317486870006
              ],
              [
                -80.09637068242502,
                8.539295965149442
              ],
              [
                -80.09752396758313,
                8.540082208109549
              ],
              [
                -80.09802779201269,
                8.540127318757925
              ],
              [
                -80.09817858563473,
                8.539928801475524
              ],
              [
                -80.09693273480423,
                8.538805238240673
              ],
              [
                -80.09717439927839,
                8.537474793429388
              ],
              [
                -80.09650897755901,
                8.536924840955628
              ],
              [
                -80.09628158340902,
                8.536179242859543
              ],
              [
                -80.0968673589646,
                8.535510712385475
              ],
              [
                -80.09824918897496,
                8.534569197395909
              ],
              [
                -80.09833064860327,
                8.534283532900458
              ],
              [
                -80.09660761685758,
                8.53372863264248
              ],
              [
                -80.09637472318533,
                8.53402182500603
              ],
              [
                -80.09655653580971,
                8.53479065908435
              ],
              [
                -80.09597073985348,
                8.53476222726461
              ],
              [
                -80.09536324822778,
                8.536151371441463
              ],
              [
                -80.09471379468569,
                8.536239734450922
              ],
              [
                -80.09582297024987,
                8.53357289583907
              ],
              [
                -80.09553505138062,
                8.53348913338563
              ],
              [
                -80.09505060875266,
                8.533895367145185
              ],
              [
                -80.09438961776799,
                8.533939714681043
              ],
              [
                -80.09423851033239,
                8.533770602894165
              ],
              [
                -80.09463692744023,
                8.533254888936805
              ],
              [
                -80.09453473843315,
                8.532995259262572
              ],
              [
                -80.09385706400897,
                8.532813504885775
              ],
              [
                -80.09300922318269,
                8.53339291761025
              ],
              [
                -80.09277795398475,
                8.533221731249794
              ],
              [
                -80.09283677691566,
                8.532653091244535
              ],
              [
                -80.09221713834535,
                8.532782880486307
              ],
              [
                -80.09277924912548,
                8.531834596540856
              ],
              [
                -80.09171082724521,
                8.53133624975682
              ],
              [
                -80.09154778716314,
                8.530973394651328
              ],
              [
                -80.09212692389826,
                8.530546305626922
              ],
              [
                -80.09215052118822,
                8.530227548399187
              ],
              [
                -80.09170418039785,
                8.529841745434743
              ],
              [
                -80.09065781457447,
                8.529488816670648
              ],
              [
                -80.09048772440755,
                8.528818478393971
              ],
              [
                -80.09092172471875,
                8.528435235371635
              ],
              [
                -80.09024882379002,
                8.528031951409304
              ],
              [
                -80.08999511110822,
                8.527615208604141
              ],
              [
                -80.09096422486226,
                8.52685300605849
              ],
              [
                -80.09115598379816,
                8.524446732523556
              ],
              [
                -80.09192603535415,
                8.52302913826191
              ],
              [
                -80.09205169257528,
                8.521961404942926
              ],
              [
                -80.09310933759029,
                8.519558569857542
              ],
              [
                -80.09264336874028,
                8.516358092146534
              ],
              [
                -80.0932057542746,
                8.514327066556243
              ],
              [
                -80.09428073642884,
                8.513719255259788
              ],
              [
                -80.09485795086611,
                8.51305944524093
              ],
              [
                -80.09609187209993,
                8.512657909371775
              ],
              [
                -80.09653020925424,
                8.512096068081645
              ],
              [
                -80.09643539269541,
                8.511558324096523
              ],
              [
                -80.0958927923748,
                8.511168248230968
              ],
              [
                -80.09561349741531,
                8.510231421389554
              ],
              [
                -80.09666167143396,
                8.508271553649294
              ],
              [
                -80.09594083662934,
                8.506370148648697
              ],
              [
                -80.09604439477032,
                8.505290220019562
              ],
              [
                -80.09565481209911,
                8.503800612601077
              ],
              [
                -80.09608079402662,
                8.502531177230235
              ],
              [
                -80.09583553188165,
                8.501834227939998
              ],
              [
                -80.09495698903741,
                8.500746097624878
              ],
              [
                -80.09535814204973,
                8.500318634048769
              ],
              [
                -80.09631220938535,
                8.500785767404407
              ],
              [
                -80.09690834006771,
                8.500535764091781
              ],
              [
                -80.09660642999684,
                8.49919575090803
              ],
              [
                -80.09752901477617,
                8.496834163934336
              ],
              [
                -80.09670274956976,
                8.495983470212813
              ],
              [
                -80.09820828624756,
                8.495722818574919
              ],
              [
                -80.09858238069667,
                8.495480875199204
              ],
              [
                -80.09866654209661,
                8.495054453409281
              ],
              [
                -80.09844955332026,
                8.494323766218791
              ],
              [
                -80.09688734884095,
                8.491750712662858
              ],
              [
                -80.09768888492249,
                8.49012350037016
              ],
              [
                -80.09917991414765,
                8.489581705258773
              ],
              [
                -80.0994534902894,
                8.48912962524068
              ],
              [
                -80.09835669605184,
                8.488110298526347
              ],
              [
                -80.09773596890435,
                8.488125674846332
              ],
              [
                -80.09703808335149,
                8.487607235224662
              ],
              [
                -80.09540708461343,
                8.48767171598645
              ],
              [
                -80.09494540637957,
                8.487452857250416
              ],
              [
                -80.09542016790924,
                8.486553253055638
              ],
              [
                -80.09677557007551,
                8.48601736382649
              ],
              [
                -80.09673245283219,
                8.48441896710322
              ],
              [
                -80.09609307389357,
                8.483812425366597
              ],
              [
                -80.09570572237861,
                8.481832171268621
              ],
              [
                -80.09459383625601,
                8.481606643623442
              ],
              [
                -80.09414369344812,
                8.481228414682192
              ],
              [
                -80.09422888238434,
                8.480755806230203
              ],
              [
                -80.09490158543834,
                8.480468949663802
              ],
              [
                -80.09513650031138,
                8.480054933112042
              ],
              [
                -80.09489787518201,
                8.479747742505669
              ],
              [
                -80.09403553374806,
                8.479456216064927
              ],
              [
                -80.09333303435231,
                8.477769879910305
              ],
              [
                -80.09357947220491,
                8.47713135937577
              ],
              [
                -80.09322260458575,
                8.475767100072776
              ],
              [
                -80.09252244078769,
                8.475372295391079
              ],
              [
                -80.09133184877587,
                8.475376761714875
              ],
              [
                -80.09027862104595,
                8.475865531738739
              ],
              [
                -80.08880622743541,
                8.47549582448762
              ],
              [
                -80.08864000322258,
                8.474838284857842
              ],
              [
                -80.08940362157982,
                8.473125286519776
              ],
              [
                -80.08927750240467,
                8.471962664535576
              ],
              [
                -80.0887545241217,
                8.471887271148757
              ],
              [
                -80.088096310148,
                8.47278134341464
              ],
              [
                -80.08708413923002,
                8.472502991198757
              ],
              [
                -80.08713287512083,
                8.47204781916866
              ],
              [
                -80.08793042963377,
                8.471266078722325
              ],
              [
                -80.08815993140686,
                8.470567096885308
              ],
              [
                -80.08800844343048,
                8.466410780226166
              ],
              [
                -80.08754120980639,
                8.46551293972538
              ],
              [
                -80.08536427289478,
                8.464118697103082
              ],
              [
                -80.08213195767952,
                8.46247501336432
              ],
              [
                -80.08166461683973,
                8.462783406784126
              ],
              [
                -80.08168064068413,
                8.463451706979354
              ],
              [
                -80.08143760896368,
                8.463882460636796
              ],
              [
                -80.08113976744232,
                8.463990052660343
              ],
              [
                -80.08074878885111,
                8.463796801760694
              ],
              [
                -80.0801542909905,
                8.46240904793115
              ],
              [
                -80.08017733588783,
                8.461066114469327
              ],
              [
                -80.07915596083446,
                8.459609687514522
              ],
              [
                -80.07865106356736,
                8.457728248265665
              ],
              [
                -80.07784844961223,
                8.456738194789196
              ],
              [
                -80.07673834591172,
                8.456232438915578
              ],
              [
                -80.0756337393421,
                8.454396108129217
              ],
              [
                -80.0735483390102,
                8.4536060546275
              ],
              [
                -80.07278013734802,
                8.452950871011017
              ],
              [
                -80.07272523610436,
                8.452326170440926
              ],
              [
                -80.07312707038884,
                8.450818762877132
              ],
              [
                -80.07202111505302,
                8.448674137983973
              ],
              [
                -80.07187392356151,
                8.447849177034339
              ],
              [
                -80.07125592498284,
                8.447721791387997
              ],
              [
                -80.06995898975315,
                8.448090550140753
              ],
              [
                -80.06885013191382,
                8.446746972225053
              ],
              [
                -80.06880071827791,
                8.446297096500603
              ],
              [
                -80.06917150144173,
                8.445390052673734
              ],
              [
                -80.06890922515184,
                8.443810483263158
              ],
              [
                -80.06837809098876,
                8.442554215544876
              ],
              [
                -80.06726262213958,
                8.441595040377134
              ],
              [
                -80.06711567582687,
                8.440254532676844
              ],
              [
                -80.0672901554531,
                8.439642223965317
              ],
              [
                -80.06650404214575,
                8.438988922667605
              ],
              [
                -80.0659800550754,
                8.437484984578116
              ],
              [
                -80.0651846143749,
                8.437187505739134
              ],
              [
                -80.06545983788305,
                8.434744921021458
              ],
              [
                -80.06585643057642,
                8.433479032674567
              ],
              [
                -80.06578541882072,
                8.431787102253734
              ],
              [
                -80.06622434510192,
                8.42979994437122
              ],
              [
                -80.06595504001022,
                8.429654958074526
              ],
              [
                -80.0654551715577,
                8.429846462129449
              ],
              [
                -80.06461124026511,
                8.430970327055048
              ],
              [
                -80.0638155384418,
                8.430971461238403
              ],
              [
                -80.0631743188713,
                8.429956899647445
              ],
              [
                -80.06215869729098,
                8.429215556189623
              ],
              [
                -80.06203888523295,
                8.428649191083116
              ],
              [
                -80.06228792593122,
                8.426935306962081
              ],
              [
                -80.06187867544395,
                8.426123164520618
              ],
              [
                -80.06133720618543,
                8.426119687190916
              ],
              [
                -80.06109774335033,
                8.42637010548097
              ],
              [
                -80.06109492637201,
                8.427062786222352
              ],
              [
                -80.06061627195523,
                8.427199411406594
              ],
              [
                -80.0602901849317,
                8.424018364229742
              ],
              [
                -80.06013054504665,
                8.423774537014241
              ],
              [
                -80.05838977706226,
                8.423110769449691
              ],
              [
                -80.05783680391478,
                8.421270302679456
              ],
              [
                -80.05844574686968,
                8.419061798711232
              ],
              [
                -80.05833275820079,
                8.418416240441884
              ],
              [
                -80.05774247858903,
                8.417962302380776
              ],
              [
                -80.05572653384873,
                8.417557174770046
              ],
              [
                -80.05544316865725,
                8.415426543546616
              ],
              [
                -80.05496332903567,
                8.414962158197408
              ],
              [
                -80.05461169941454,
                8.415233990367625
              ],
              [
                -80.05458403996957,
                8.416965051561712
              ],
              [
                -80.05402722389886,
                8.4180664912426
              ],
              [
                -80.05291499388014,
                8.419308390618498
              ],
              [
                -80.05240826699917,
                8.419555601610563
              ],
              [
                -80.05175382686505,
                8.419506786064721
              ],
              [
                -80.05164790270395,
                8.419227861402563
              ],
              [
                -80.0520652674415,
                8.418649902049149
              ],
              [
                -80.05171090330073,
                8.41799344949416
              ],
              [
                -80.04984161822051,
                8.417997351236115
              ],
              [
                -80.04938525075843,
                8.417086700159267
              ],
              [
                -80.04899328620377,
                8.415157539203012
              ],
              [
                -80.0475861221902,
                8.4145266830507
              ],
              [
                -80.04725112257404,
                8.414032930136123
              ],
              [
                -80.04739930864935,
                8.413457262753006
              ],
              [
                -80.04770077325027,
                8.413228401399484
              ],
              [
                -80.04950995003458,
                8.41363128367672
              ],
              [
                -80.05014101688924,
                8.413544172117172
              ],
              [
                -80.05037988334385,
                8.412588480725564
              ],
              [
                -80.0502034697408,
                8.412145707872034
              ],
              [
                -80.04989579260632,
                8.411868476241521
              ],
              [
                -80.0492520971393,
                8.41178018168333
              ],
              [
                -80.048433140901,
                8.41202254104367
              ],
              [
                -80.04744980301341,
                8.411951362540108
              ],
              [
                -80.04711828532552,
                8.411685332110913
              ],
              [
                -80.04706804242028,
                8.410953310481935
              ],
              [
                -80.04667439794837,
                8.410675853008152
              ],
              [
                -80.04496881321145,
                8.41057220543901
              ],
              [
                -80.04367637721808,
                8.410116361940696
              ],
              [
                -80.04286094631765,
                8.409465253526127
              ],
              [
                -80.04511102319576,
                8.407049198116235
              ],
              [
                -80.04522952859223,
                8.406556386212323
              ],
              [
                -80.04602787089232,
                8.406270813756276
              ],
              [
                -80.04860731216905,
                8.40595244821624
              ],
              [
                -80.0504666067112,
                8.405360412698819
              ],
              [
                -80.05234391544016,
                8.404218736585523
              ],
              [
                -80.05277651394783,
                8.404200232410426
              ],
              [
                -80.05456630729248,
                8.402967465867647
              ],
              [
                -80.05724378471587,
                8.402310304069138
              ],
              [
                -80.05795455768818,
                8.402015192008173
              ],
              [
                -80.05802452230544,
                8.401753531729124
              ],
              [
                -80.05883309604933,
                8.401683274460014
              ],
              [
                -80.06126680817502,
                8.400557873855828
              ],
              [
                -80.06544572878163,
                8.398208661124604
              ],
              [
                -80.0672233715729,
                8.397586220373293
              ],
              [
                -80.06777738535173,
                8.397101162437597
              ],
              [
                -80.073656925022,
                8.394136627033348
              ],
              [
                -80.07658095928728,
                8.39199891578459
              ],
              [
                -80.07743178501623,
                8.391043413229431
              ],
              [
                -80.0789644372586,
                8.390126096515461
              ],
              [
                -80.08172589940213,
                8.387961243970732
              ],
              [
                -80.08411432138416,
                8.386590908033654
              ],
              [
                -80.08531883858463,
                8.386454259373446
              ],
              [
                -80.08607368712194,
                8.386074151731538
              ],
              [
                -80.08649351356365,
                8.385284096653686
              ],
              [
                -80.08729017399615,
                8.38506541038317
              ],
              [
                -80.0902592486543,
                8.383021203774476
              ],
              [
                -80.09265288067843,
                8.382638914694335
              ],
              [
                -80.09350497295455,
                8.381949307500904
              ],
              [
                -80.09348322922266,
                8.381460513057583
              ],
              [
                -80.09436745275819,
                8.380614475764167
              ],
              [
                -80.09557516012894,
                8.379985487980727
              ],
              [
                -80.09601901477886,
                8.379991666245175
              ],
              [
                -80.09636798231281,
                8.37950141220544
              ],
              [
                -80.09794414758345,
                8.37851833308234
              ],
              [
                -80.10183345920862,
                8.376784008008487
              ],
              [
                -80.10724137483244,
                8.373717572715414
              ],
              [
                -80.10845892405607,
                8.372486366268829
              ],
              [
                -80.11229856810402,
                8.370245000408524
              ],
              [
                -80.11294778719505,
                8.369578249395696
              ],
              [
                -80.1151273486398,
                8.368589792539781
              ],
              [
                -80.11648933195761,
                8.36706330614738
              ],
              [
                -80.11856160087804,
                8.366193365881724
              ],
              [
                -80.11878447728081,
                8.365243674056615
              ],
              [
                -80.1196843452885,
                8.365384674868674
              ],
              [
                -80.12015964670776,
                8.365993520228514
              ],
              [
                -80.12014115039405,
                8.36646324052966
              ],
              [
                -80.12040253373057,
                8.366539376019505
              ],
              [
                -80.12558257262592,
                8.363978026561261
              ],
              [
                -80.13288641957814,
                8.35935291664749
              ],
              [
                -80.13324088819273,
                8.35888127913872
              ],
              [
                -80.13640289965741,
                8.356517001166651
              ],
              [
                -80.13856361029953,
                8.35442820803559
              ],
              [
                -80.14046310667554,
                8.353147555506341
              ],
              [
                -80.14168149599077,
                8.351769143707847
              ],
              [
                -80.14301949779403,
                8.350786352974596
              ],
              [
                -80.14339656108342,
                8.349922667386819
              ],
              [
                -80.14375190966703,
                8.350075504059927
              ],
              [
                -80.14512225820138,
                8.349170587793703
              ],
              [
                -80.14588096473372,
                8.348964522559537
              ],
              [
                -80.14625866010681,
                8.348563583067165
              ],
              [
                -80.14754686142315,
                8.348697074234922
              ],
              [
                -80.14867827444407,
                8.347609441741527
              ],
              [
                -80.14985418283564,
                8.34744579386829
              ],
              [
                -80.1508754078308,
                8.346544732408333
              ],
              [
                -80.15254518305167,
                8.345653493579515
              ],
              [
                -80.15452448844071,
                8.343932136504376
              ],
              [
                -80.15653034133207,
                8.34302663411558
              ],
              [
                -80.1604133585679,
                8.340541309239935
              ],
              [
                -80.16274483278653,
                8.339321158499075
              ],
              [
                -80.16374695843012,
                8.338297263949471
              ],
              [
                -80.16432817745313,
                8.338359586982598
              ],
              [
                -80.17324468269103,
                8.333338221452028
              ],
              [
                -80.18157704322793,
                8.32756071298037
              ],
              [
                -80.18455659800411,
                8.325749053091915
              ],
              [
                -80.18697015280101,
                8.324735466530056
              ],
              [
                -80.18759984392011,
                8.324737404021429
              ],
              [
                -80.18807377772903,
                8.325158288814007
              ],
              [
                -80.18826153615018,
                8.325094792761718
              ],
              [
                -80.18848970311956,
                8.324483861039448
              ],
              [
                -80.19165995843628,
                8.322963257726881
              ],
              [
                -80.1930010834066,
                8.322053890010492
              ],
              [
                -80.19796371578974,
                8.320147361988024
              ],
              [
                -80.2015802461162,
                8.31831601803051
              ],
              [
                -80.20478230579185,
                8.317294651636464
              ],
              [
                -80.20812306097596,
                8.315877318146216
              ],
              [
                -80.2217049907511,
                8.308973922718046
              ],
              [
                -80.23637505801622,
                8.303374431511537
              ],
              [
                -80.24821508885148,
                8.299892130227166
              ],
              [
                -80.24841087118595,
                8.300193099166416
              ],
              [
                -80.24770301799923,
                8.300679766570989
              ],
              [
                -80.24751470382026,
                8.301204003480121
              ],
              [
                -80.24793088658174,
                8.301620040909242
              ],
              [
                -80.24857472256271,
                8.301231412496724
              ],
              [
                -80.24946680058794,
                8.301151531030584
              ],
              [
                -80.25088599004462,
                8.30152705066735
              ],
              [
                -80.25255925970167,
                8.301557802425462
              ],
              [
                -80.25469384135955,
                8.301273613617017
              ],
              [
                -80.2585344532112,
                8.300179451586427
              ],
              [
                -80.2603921618367,
                8.300167178243358
              ],
              [
                -80.26138254606487,
                8.300450144418974
              ],
              [
                -80.26297460544069,
                8.301447369938037
              ],
              [
                -80.2660958177156,
                8.301155464480244
              ],
              [
                -80.26624225628059,
                8.301621012796508
              ],
              [
                -80.26780984917258,
                8.302783400396446
              ],
              [
                -80.26982925140251,
                8.302698498966876
              ],
              [
                -80.27180910955859,
                8.303217712715448
              ],
              [
                -80.27365629437165,
                8.303367709419001
              ],
              [
                -80.27418286726423,
                8.30195767324774
              ],
              [
                -80.27486252142505,
                8.301962716107578
              ],
              [
                -80.27705027341007,
                8.300817769028141
              ],
              [
                -80.27810424336496,
                8.29992321554567
              ],
              [
                -80.27873507810476,
                8.299040557638863
              ],
              [
                -80.27928150256801,
                8.29938159918799
              ],
              [
                -80.28101668672232,
                8.29898142816048
              ],
              [
                -80.28792969024849,
                8.29889460354487
              ],
              [
                -80.29197438538648,
                8.2979318651948
              ],
              [
                -80.29360264039286,
                8.297808453443206
              ],
              [
                -80.29612615470428,
                8.297098372740177
              ],
              [
                -80.30344714209114,
                8.296083224160062
              ],
              [
                -80.30745050133281,
                8.296395217401125
              ],
              [
                -80.31038115558482,
                8.29732359756518
              ],
              [
                -80.31447915664087,
                8.299644291379922
              ],
              [
                -80.31684886200445,
                8.299864791402706
              ],
              [
                -80.31798153670643,
                8.300939711169574
              ],
              [
                -80.31800555944822,
                8.30129606412098
              ],
              [
                -80.31502240533142,
                8.301477013096092
              ],
              [
                -80.31386845914956,
                8.300791934650007
              ],
              [
                -80.31253103957455,
                8.299342999679862
              ],
              [
                -80.31105301436921,
                8.29841899006657
              ],
              [
                -80.30975891735487,
                8.298297129901687
              ],
              [
                -80.30934942836558,
                8.298879904227048
              ],
              [
                -80.30899870490342,
                8.298980585184959
              ],
              [
                -80.30908733667479,
                8.29934179316968
              ],
              [
                -80.30876198107475,
                8.299408779906694
              ],
              [
                -80.30622635172868,
                8.298604675419577
              ],
              [
                -80.3052742525968,
                8.29862233283833
              ],
              [
                -80.3044170102567,
                8.297845967749824
              ],
              [
                -80.30422812999271,
                8.29802991636991
              ],
              [
                -80.30417947666572,
                8.298985908753355
              ],
              [
                -80.30374481672887,
                8.299594516965442
              ],
              [
                -80.30050117211283,
                8.30070172548568
              ],
              [
                -80.29951383111236,
                8.300744715393602
              ],
              [
                -80.29891768294316,
                8.300506831414845
              ],
              [
                -80.29863119108978,
                8.299889075241493
              ],
              [
                -80.29803160372805,
                8.299670878094563
              ],
              [
                -80.29784119162069,
                8.299365497040075
              ],
              [
                -80.29727601188448,
                8.299611126157354
              ],
              [
                -80.29694258601404,
                8.29936347847757
              ],
              [
                -80.29634222812464,
                8.299547647402564
              ],
              [
                -80.29463527497838,
                8.29903258214331
              ],
              [
                -80.29271414724425,
                8.29902544245777
              ],
              [
                -80.29259158007514,
                8.299224231234755
              ],
              [
                -80.29298565994152,
                8.299617154668157
              ],
              [
                -80.291895490035,
                8.299627932192326
              ],
              [
                -80.29190090873986,
                8.30017779594434
              ],
              [
                -80.29229098391517,
                8.300071778955006
              ],
              [
                -80.29344944655449,
                8.300586286368556
              ],
              [
                -80.29247895012253,
                8.300590703746472
              ],
              [
                -80.29144877204004,
                8.301320358391038
              ],
              [
                -80.29260118656613,
                8.30129296291968
              ],
              [
                -80.29360971303869,
                8.30157734677725
              ],
              [
                -80.29489139742884,
                8.302523184656698
              ],
              [
                -80.2945698559133,
                8.30270881255615
              ],
              [
                -80.29272841005107,
                8.302546471635097
              ],
              [
                -80.29236018474865,
                8.304433954260086
              ],
              [
                -80.29266017694003,
                8.304681288671473
              ],
              [
                -80.29308574232739,
                8.304666439406772
              ],
              [
                -80.29358888063551,
                8.305127296900162
              ],
              [
                -80.2947806990661,
                8.305309791628254
              ],
              [
                -80.29511562138389,
                8.304971431421086
              ],
              [
                -80.29573073045319,
                8.304857668473465
              ],
              [
                -80.29758406015328,
                8.305376745580915
              ],
              [
                -80.30039931432505,
                8.305736361404243
              ],
              [
                -80.30311896276713,
                8.305424513625127
              ],
              [
                -80.30376816728297,
                8.304880630155639
              ],
              [
                -80.3050413145693,
                8.306275611127292
              ],
              [
                -80.30580087183773,
                8.306279408979504
              ],
              [
                -80.30635776195146,
                8.30576172389533
              ],
              [
                -80.30901137197687,
                8.30515309497016
              ],
              [
                -80.3100754008901,
                8.305058525155255
              ],
              [
                -80.31198341354813,
                8.30534407340718
              ],
              [
                -80.31407085535305,
                8.305087138411098
              ],
              [
                -80.3188543333049,
                8.30357943039148
              ],
              [
                -80.32156266134923,
                8.303189342921513
              ],
              [
                -80.3227302762822,
                8.303361826465702
              ],
              [
                -80.32397215926876,
                8.302823457162571
              ],
              [
                -80.3276099866161,
                8.302065080467255
              ],
              [
                -80.33196830109075,
                8.30059971164758
              ],
              [
                -80.33334791426739,
                8.299826742099054
              ],
              [
                -80.33672718243314,
                8.298646534664122
              ],
              [
                -80.33792461625491,
                8.29799829776385
              ],
              [
                -80.35087034406807,
                8.294597880901266
              ],
              [
                -80.35365800009627,
                8.294177198651061
              ],
              [
                -80.35760522869559,
                8.294464098003614
              ],
              [
                -80.35918651425371,
                8.294990488370498
              ],
              [
                -80.36080889468111,
                8.294552780702983
              ],
              [
                -80.36310952842604,
                8.29478952994046
              ],
              [
                -80.363388394128,
                8.295011703403695
              ],
              [
                -80.36202462464962,
                8.295076080242135
              ],
              [
                -80.36137082843354,
                8.296190025775523
              ],
              [
                -80.36048019875359,
                8.29672751625349
              ],
              [
                -80.35893345466963,
                8.296703907407434
              ],
              [
                -80.35825944392536,
                8.297066146434755
              ],
              [
                -80.35628929860809,
                8.29710252738035
              ],
              [
                -80.35424097002317,
                8.296086974975212
              ],
              [
                -80.35289044982359,
                8.295792308397797
              ],
              [
                -80.34893023977008,
                8.296361000376796
              ],
              [
                -80.34829256037804,
                8.296664893980287
              ],
              [
                -80.34578990382347,
                8.299067484133136
              ],
              [
                -80.34491999735091,
                8.299335806899414
              ],
              [
                -80.34396947172917,
                8.299307001917692
              ],
              [
                -80.34400001645295,
                8.301813581377873
              ],
              [
                -80.34657846606396,
                8.302291184896493
              ],
              [
                -80.34917919655831,
                8.301650919485839
              ],
              [
                -80.35083994892686,
                8.30052424177886
              ],
              [
                -80.35258630969115,
                8.300110883864091
              ],
              [
                -80.35401708795713,
                8.300246306667251
              ],
              [
                -80.35679847425489,
                8.301037780544933
              ],
              [
                -80.3597328703035,
                8.300623103435559
              ],
              [
                -80.36183206272625,
                8.299572595383962
              ],
              [
                -80.3634308642905,
                8.29915449418399
              ],
              [
                -80.36542916120818,
                8.297436951392687
              ],
              [
                -80.36773407755251,
                8.296433473002228
              ],
              [
                -80.36864807822326,
                8.295512252167425
              ],
              [
                -80.3700879593715,
                8.29520410540375
              ],
              [
                -80.37327010161509,
                8.292543622387253
              ],
              [
                -80.37563098169892,
                8.290942618084577
              ],
              [
                -80.37880790730053,
                8.289864933030362
              ],
              [
                -80.38095533563386,
                8.290059660582248
              ],
              [
                -80.38260177072597,
                8.28974156611204
              ],
              [
                -80.38409522844779,
                8.289997582805787
              ],
              [
                -80.3850668738427,
                8.290731301667268
              ],
              [
                -80.38487314436418,
                8.291398591449619
              ],
              [
                -80.38364082065655,
                8.291906730250856
              ],
              [
                -80.38344082382118,
                8.293109881022849
              ],
              [
                -80.38252454074453,
                8.29399810593297
              ],
              [
                -80.38321061274026,
                8.295076991777695
              ],
              [
                -80.38386896859022,
                8.295523512652592
              ],
              [
                -80.3846653264099,
                8.297328066071415
              ],
              [
                -80.38557098644159,
                8.29853488054896
              ],
              [
                -80.38551038662781,
                8.299037786832326
              ],
              [
                -80.38629671393998,
                8.299815155826364
              ],
              [
                -80.38658353786452,
                8.30082293477065
              ],
              [
                -80.39313291373414,
                8.300810486867332
              ],
              [
                -80.39298073182562,
                8.293545816932435
              ],
              [
                -80.39358240641403,
                8.290905856399188
              ],
              [
                -80.39399163928685,
                8.29012114537574
              ],
              [
                -80.3948698506377,
                8.290118545769
              ],
              [
                -80.39565965729959,
                8.289583956099529
              ],
              [
                -80.39602538894626,
                8.290034212626423
              ],
              [
                -80.39699945458845,
                8.290378996878616
              ],
              [
                -80.39842780258354,
                8.290262568791714
              ],
              [
                -80.39813985095273,
                8.290506049441994
              ],
              [
                -80.39833623891438,
                8.291080974580922
              ],
              [
                -80.3987048127272,
                8.291023226653584
              ],
              [
                -80.39906932920385,
                8.290421893697644
              ],
              [
                -80.3993023782085,
                8.290758313258427
              ],
              [
                -80.39922387443576,
                8.291021338709331
              ],
              [
                -80.39965619295434,
                8.291236373815018
              ],
              [
                -80.40086092725778,
                8.291353142006159
              ],
              [
                -80.40140283658448,
                8.290808936001683
              ],
              [
                -80.40158724025967,
                8.291246468113597
              ],
              [
                -80.40218539901986,
                8.291499871106122
              ],
              [
                -80.40287218615781,
                8.290151014241825
              ],
              [
                -80.40331430997543,
                8.29119742323797
              ],
              [
                -80.40373547743455,
                8.291460147718071
              ],
              [
                -80.40416978656145,
                8.290646491403159
              ],
              [
                -80.40476756900057,
                8.291220228812275
              ],
              [
                -80.405364889431,
                8.291154409580823
              ],
              [
                -80.4056244501939,
                8.290826043080807
              ],
              [
                -80.40622146296975,
                8.2909218762238
              ],
              [
                -80.4064328309887,
                8.290561147804622
              ],
              [
                -80.40721542235808,
                8.291084193827292
              ],
              [
                -80.4085910247382,
                8.289355854413227
              ],
              [
                -80.40948237280165,
                8.289227014111718
              ],
              [
                -80.4094385041136,
                8.288907298415397
              ],
              [
                -80.40988570824813,
                8.288550105198073
              ],
              [
                -80.40999594007766,
                8.289098534067733
              ],
              [
                -80.41036288717218,
                8.289028188452814
              ],
              [
                -80.41077818628624,
                8.287805248974419
              ],
              [
                -80.4116086551208,
                8.287521612244552
              ],
              [
                -80.41222596731085,
                8.285918615018907
              ],
              [
                -80.41266132158113,
                8.28546676960915
              ],
              [
                -80.41278004456859,
                8.284823866902864
              ],
              [
                -80.41435279933748,
                8.28266240490746
              ],
              [
                -80.41608928168945,
                8.28196784016632
              ],
              [
                -80.41613133232953,
                8.281310120270561
              ],
              [
                -80.41688371375655,
                8.280842166096939
              ],
              [
                -80.41670423818023,
                8.280380614692541
              ],
              [
                -80.41755454938306,
                8.280054143432862
              ],
              [
                -80.41724336898112,
                8.279578218523907
              ],
              [
                -80.41759928686625,
                8.279412420391033
              ],
              [
                -80.41758062092306,
                8.278986985197992
              ],
              [
                -80.41832843657863,
                8.27845187757239
              ],
              [
                -80.41841011938736,
                8.277865727079524
              ],
              [
                -80.41996528392535,
                8.276705107990438
              ],
              [
                -80.42068073254643,
                8.275786165158772
              ],
              [
                -80.42249144175203,
                8.274897147485632
              ],
              [
                -80.4227989350539,
                8.274329546503887
              ],
              [
                -80.42513909390341,
                8.273383346123847
              ],
              [
                -80.42596003944699,
                8.272767708884697
              ],
              [
                -80.42643803484178,
                8.272791904771752
              ],
              [
                -80.42768428738631,
                8.272032293971066
              ],
              [
                -80.42845486906819,
                8.270827786645523
              ],
              [
                -80.42751663216524,
                8.27074492269792
              ],
              [
                -80.42728810225226,
                8.270263889063665
              ],
              [
                -80.42886242896098,
                8.2692994356308
              ],
              [
                -80.429283876862,
                8.268119685406838
              ],
              [
                -80.42830915699514,
                8.267354019740159
              ],
              [
                -80.42900288793159,
                8.266674730629653
              ],
              [
                -80.4288619995793,
                8.266237828662046
              ],
              [
                -80.42928168862686,
                8.266685560999967
              ],
              [
                -80.43002250385709,
                8.266631771053518
              ],
              [
                -80.4304755111806,
                8.266103650727466
              ],
              [
                -80.43011513926952,
                8.265740009556625
              ],
              [
                -80.43114099583991,
                8.265457192243005
              ],
              [
                -80.4302228528453,
                8.265125046588741
              ],
              [
                -80.43011979801611,
                8.264882401433828
              ],
              [
                -80.43057722841196,
                8.264879939405379
              ],
              [
                -80.43031754294947,
                8.264522490132478
              ],
              [
                -80.43085796455196,
                8.263191266256987
              ],
              [
                -80.43117439729743,
                8.263031140148067
              ],
              [
                -80.4313716512489,
                8.262528272934933
              ],
              [
                -80.43186612282067,
                8.262279939858582
              ],
              [
                -80.43257250455324,
                8.259364774600822
              ],
              [
                -80.43205785622281,
                8.258904204704056
              ],
              [
                -80.43274515613987,
                8.258877970730449
              ],
              [
                -80.43367596393621,
                8.258467354066644
              ],
              [
                -80.43388871043736,
                8.258151293812213
              ],
              [
                -80.43341005572579,
                8.257678356804483
              ],
              [
                -80.43386445603718,
                8.257572179671932
              ],
              [
                -80.43452475972438,
                8.25607158226482
              ],
              [
                -80.43561273683115,
                8.255261307561767
              ],
              [
                -80.43648256319332,
                8.254129699669981
              ],
              [
                -80.43726804320366,
                8.2540178088631
              ],
              [
                -80.43923648223875,
                8.252690025234791
              ],
              [
                -80.43974474622485,
                8.252102728227392
              ],
              [
                -80.4407622374358,
                8.251761144955546
              ],
              [
                -80.44207273166285,
                8.252207442562344
              ],
              [
                -80.44295622315168,
                8.25207315818757
              ],
              [
                -80.44348982669545,
                8.252511925101404
              ],
              [
                -80.44381648242435,
                8.252472094797863
              ],
              [
                -80.44442198008026,
                8.250780456461587
              ],
              [
                -80.44596303270852,
                8.25008214140507
              ],
              [
                -80.44552301415273,
                8.248343345901523
              ],
              [
                -80.44597341518609,
                8.248395710732641
              ],
              [
                -80.44678779598148,
                8.249034375700624
              ],
              [
                -80.44757434517398,
                8.248807747980683
              ],
              [
                -80.44628692854877,
                8.246729799421347
              ],
              [
                -80.44655773133339,
                8.246274296174334
              ],
              [
                -80.44745474262307,
                8.245973310437051
              ],
              [
                -80.44711666442386,
                8.245757272240605
              ],
              [
                -80.44656801788376,
                8.2459143676235
              ],
              [
                -80.44621862377905,
                8.245744431017947
              ],
              [
                -80.44622360488395,
                8.245080785413817
              ],
              [
                -80.4458131879374,
                8.244633665910893
              ],
              [
                -80.44566451833107,
                8.244014278824464
              ],
              [
                -80.44626697598558,
                8.243457105412237
              ],
              [
                -80.44561238771922,
                8.242804520761553
              ],
              [
                -80.44518235465321,
                8.241054890965012
              ],
              [
                -80.44646624563181,
                8.239467740154812
              ],
              [
                -80.44821143296166,
                8.23817684706934
              ],
              [
                -80.44911443657593,
                8.23702063103469
              ],
              [
                -80.44983887318294,
                8.23673203652558
              ],
              [
                -80.45091789799002,
                8.23513343753569
              ],
              [
                -80.45165369831871,
                8.232537710394393
              ],
              [
                -80.45158720212875,
                8.229072610424847
              ],
              [
                -80.45250803275866,
                8.228059970806852
              ],
              [
                -80.45322423430487,
                8.227657183711445
              ],
              [
                -80.45284302308667,
                8.226613932806636
              ],
              [
                -80.45378824474533,
                8.227033608436697
              ],
              [
                -80.45456035111371,
                8.225913524820838
              ],
              [
                -80.45422989705649,
                8.22238035859848
              ],
              [
                -80.45521612274936,
                8.222092930549262
              ],
              [
                -80.45597449425675,
                8.222302666602479
              ],
              [
                -80.45717911860595,
                8.221338110738047
              ],
              [
                -80.45808868432132,
                8.22124293326186
              ],
              [
                -80.45992952758013,
                8.220107531762302
              ],
              [
                -80.46051745798034,
                8.221330218232968
              ],
              [
                -80.46118719441736,
                8.222014813902387
              ],
              [
                -80.46172438009579,
                8.22179210378391
              ],
              [
                -80.46271552255307,
                8.222271691896637
              ],
              [
                -80.46328715598375,
                8.221850254787382
              ],
              [
                -80.46576942642395,
                8.222685246616285
              ],
              [
                -80.46692979333713,
                8.22365315811119
              ],
              [
                -80.46838753608569,
                8.22400214156141
              ],
              [
                -80.46934104954963,
                8.22366410761148
              ],
              [
                -80.46966147994205,
                8.22413194037952
              ],
              [
                -80.47212350609912,
                8.224523796269661
              ],
              [
                -80.47283703702762,
                8.224309218925551
              ],
              [
                -80.47397970204327,
                8.22475478867361
              ],
              [
                -80.4754491193195,
                8.223018891142333
              ],
              [
                -80.47556012268504,
                8.221946310915516
              ],
              [
                -80.47666522300808,
                8.220543313752854
              ],
              [
                -80.47693453392242,
                8.219343303391078
              ],
              [
                -80.47759984817434,
                8.218330056416061
              ],
              [
                -80.47816070391106,
                8.215465223779805
              ],
              [
                -80.4790860786199,
                8.214244284247016
              ],
              [
                -80.47984731485474,
                8.211700196487493
              ],
              [
                -80.48015526623396,
                8.211214377520225
              ],
              [
                -80.48101026239631,
                8.210794253656868
              ],
              [
                -80.48103020897943,
                8.208899597141803
              ],
              [
                -80.48141311341205,
                8.2083342901442
              ],
              [
                -80.48132528430384,
                8.20712003552938
              ],
              [
                -80.48210659554806,
                8.204052354558955
              ],
              [
                -80.48271445883034,
                8.20285211045029
              ],
              [
                -80.48312508926924,
                8.203166432881137
              ],
              [
                -80.48341098187585,
                8.202960599877894
              ],
              [
                -80.48354384955793,
                8.200907809709683
              ],
              [
                -80.483322189327,
                8.199406638869775
              ],
              [
                -80.4828783926805,
                8.198412240265334
              ],
              [
                -80.48197222528383,
                8.198554426837845
              ],
              [
                -80.48069039344067,
                8.198212410753722
              ],
              [
                -80.48056439542957,
                8.197202339602493
              ],
              [
                -80.48004386511582,
                8.196859758399745
              ],
              [
                -80.47984791078065,
                8.196046190506118
              ],
              [
                -80.47899933303657,
                8.195328105174475
              ],
              [
                -80.47911091815106,
                8.194489449476137
              ],
              [
                -80.4781324304166,
                8.194724530879153
              ],
              [
                -80.477133957009,
                8.194276930921445
              ],
              [
                -80.47729753856245,
                8.19373822468707
              ],
              [
                -80.47667721355081,
                8.193239331142152
              ],
              [
                -80.47722125286565,
                8.192830782432353
              ],
              [
                -80.47688270631521,
                8.192508316262234
              ],
              [
                -80.4767920121674,
                8.191943745250082
              ],
              [
                -80.47703386306044,
                8.191323171932353
              ],
              [
                -80.4784220736925,
                8.190530586250405
              ],
              [
                -80.47925551356049,
                8.188171159208549
              ],
              [
                -80.48033695755505,
                8.187599028258004
              ],
              [
                -80.47972819244642,
                8.18696506664907
              ],
              [
                -80.48157894735775,
                8.183036743098326
              ],
              [
                -80.48159031378378,
                8.182443571761182
              ],
              [
                -80.48220614854944,
                8.181663275831392
              ],
              [
                -80.48662620067532,
                8.18225313391666
              ],
              [
                -80.48736800654679,
                8.180343943624967
              ],
              [
                -80.48704766638959,
                8.17943649750117
              ],
              [
                -80.48703818687453,
                8.178565971803755
              ],
              [
                -80.4880904423238,
                8.172987348421247
              ],
              [
                -80.48880256884894,
                8.16294036274512
              ],
              [
                -80.48921798487129,
                8.160751341850855
              ],
              [
                -80.48888884473135,
                8.15802387877811
              ],
              [
                -80.4891999425497,
                8.157160787893815
              ],
              [
                -80.48882184669705,
                8.156760252872282
              ],
              [
                -80.48878939276696,
                8.156141868267808
              ],
              [
                -80.48902227324993,
                8.155861153932419
              ],
              [
                -80.48869900626914,
                8.154661987843156
              ],
              [
                -80.48832671357282,
                8.150768316942715
              ],
              [
                -80.48777066637771,
                8.149217449210418
              ],
              [
                -80.48723235736063,
                8.144623421232664
              ],
              [
                -80.48744870942639,
                8.142306728265325
              ],
              [
                -80.48711113129731,
                8.141367539259802
              ],
              [
                -80.48682588498656,
                8.133889474243464
              ],
              [
                -80.48625441341909,
                8.132942815557609
              ],
              [
                -80.48642899229014,
                8.132568243405606
              ],
              [
                -80.48626871015117,
                8.130159030241945
              ],
              [
                -80.4856754119298,
                8.129468749734349
              ],
              [
                -80.4858179315525,
                8.129139722891697
              ],
              [
                -80.48552609127323,
                8.128416018921515
              ],
              [
                -80.48573174926753,
                8.127207336556214
              ],
              [
                -80.48537497690454,
                8.126303870388618
              ],
              [
                -80.48546561526982,
                8.125874456398517
              ],
              [
                -80.48513614059371,
                8.125426056041334
              ],
              [
                -80.48533041183985,
                8.124895476619209
              ],
              [
                -80.48459005056729,
                8.124193064743023
              ],
              [
                -80.48485517996696,
                8.123618032454965
              ],
              [
                -80.48431375110667,
                8.122875131783731
              ],
              [
                -80.48445010629138,
                8.122151695583359
              ],
              [
                -80.48411276292828,
                8.121825832764692
              ],
              [
                -80.48422990856446,
                8.121075490981148
              ],
              [
                -80.48356585340231,
                8.119061069148806
              ],
              [
                -80.48333232972985,
                8.116762567494126
              ],
              [
                -80.4811158743024,
                8.111219295576019
              ],
              [
                -80.48051246736078,
                8.110180225400036
              ],
              [
                -80.47920299083098,
                8.106529872759666
              ],
              [
                -80.47846287288257,
                8.102318067553535
              ],
              [
                -80.47906173915592,
                8.098618261755194
              ],
              [
                -80.47990480768351,
                8.09792713701996
              ],
              [
                -80.48056622275682,
                8.096203027248814
              ],
              [
                -80.48111342489634,
                8.09542715153058
              ],
              [
                -80.48190250596559,
                8.09507629716742
              ],
              [
                -80.48227409045042,
                8.094261043860968
              ],
              [
                -80.48322583792482,
                8.093355060079082
              ],
              [
                -80.48446630542111,
                8.092835992267604
              ],
              [
                -80.484494426209,
                8.091221217120955
              ],
              [
                -80.48674688994336,
                8.091370760800169
              ],
              [
                -80.49022227268149,
                8.091216548606422
              ],
              [
                -80.49066948059532,
                8.091225827849852
              ],
              [
                -80.49221291754753,
                8.09147054180394
              ],
              [
                -80.49516266563525,
                8.092773397375986
              ],
              [
                -80.49735959859807,
                8.094437028701764
              ],
              [
                -80.49850302040167,
                8.095747219401437
              ],
              [
                -80.49894217358717,
                8.097040775780496
              ],
              [
                -80.49861343422434,
                8.09872425738153
              ],
              [
                -80.49752634656193,
                8.101440788820348
              ],
              [
                -80.49769086072371,
                8.102672140786757
              ],
              [
                -80.49831611695602,
                8.103442844500286
              ],
              [
                -80.4993603508553,
                8.103945942141063
              ],
              [
                -80.50300688511423,
                8.104170891958947
              ],
              [
                -80.50433042922941,
                8.104587602372847
              ],
              [
                -80.50519732258827,
                8.10521023097594
              ],
              [
                -80.50629016998457,
                8.10749739988905
              ],
              [
                -80.50624832607143,
                8.108349607055452
              ],
              [
                -80.50550957966416,
                8.109876712967026
              ],
              [
                -80.50537478558378,
                8.110690881498742
              ],
              [
                -80.50559225383756,
                8.111474812530842
              ],
              [
                -80.50627334175248,
                8.112011132941706
              ],
              [
                -80.50735256397579,
                8.112134267024413
              ],
              [
                -80.50831436174141,
                8.111900861920406
              ],
              [
                -80.50994943020153,
                8.110884307712515
              ],
              [
                -80.51066660626194,
                8.110031486645852
              ],
              [
                -80.51058308260461,
                8.108777749670333
              ],
              [
                -80.50891322867247,
                8.106614934128265
              ],
              [
                -80.5085138218569,
                8.105252135705156
              ],
              [
                -80.50880305143359,
                8.103842438186547
              ],
              [
                -80.51014201339568,
                8.101946736952295
              ],
              [
                -80.51185815455663,
                8.100692103068274
              ],
              [
                -80.5138946271906,
                8.100019789165216
              ],
              [
                -80.51553171288889,
                8.100175988497186
              ],
              [
                -80.51701297001169,
                8.100990300159303
              ],
              [
                -80.51826247943895,
                8.102573120882445
              ],
              [
                -80.51903626132739,
                8.104627061119611
              ],
              [
                -80.51883494294994,
                8.105442819125116
              ],
              [
                -80.51755549620827,
                8.106784693747784
              ],
              [
                -80.51689954116898,
                8.108006736147999
              ],
              [
                -80.51683830404752,
                8.10903885242923
              ],
              [
                -80.51736947488553,
                8.11016962376244
              ],
              [
                -80.51801509296612,
                8.110576653729314
              ],
              [
                -80.51858843643417,
                8.110631585441789
              ],
              [
                -80.5218758484395,
                8.109392504009362
              ],
              [
                -80.52305286554848,
                8.109272552532858
              ],
              [
                -80.52473255316448,
                8.109822417993307
              ],
              [
                -80.52541503808591,
                8.11033393456519
              ],
              [
                -80.52573969716637,
                8.110884100935886
              ],
              [
                -80.52583041856714,
                8.112819435450001
              ],
              [
                -80.5238563491473,
                8.115874177034613
              ],
              [
                -80.52310456759078,
                8.11911743688511
              ],
              [
                -80.5234623421269,
                8.12102414325602
              ],
              [
                -80.52548406820316,
                8.12384023111142
              ],
              [
                -80.52614594412903,
                8.123688362931235
              ],
              [
                -80.52643613063647,
                8.123200764648763
              ],
              [
                -80.52590803864938,
                8.119530931200753
              ],
              [
                -80.52616942641801,
                8.118337371888996
              ],
              [
                -80.5268956555889,
                8.117250897875518
              ],
              [
                -80.52778567611968,
                8.116579816142236
              ],
              [
                -80.52887662202548,
                8.116167741815177
              ],
              [
                -80.53380408237237,
                8.115750731409554
              ],
              [
                -80.53459432696793,
                8.116121019196658
              ],
              [
                -80.53483917583831,
                8.11678926814643
              ],
              [
                -80.53199985668412,
                8.118617224077072
              ],
              [
                -80.53141116591179,
                8.119822758139332
              ],
              [
                -80.53158477940816,
                8.120802172377333
              ],
              [
                -80.53312372713948,
                8.122447844228894
              ],
              [
                -80.53656999789106,
                8.12335205641307
              ],
              [
                -80.5379935389042,
                8.124294346915146
              ],
              [
                -80.5388155155864,
                8.124172243766411
              ],
              [
                -80.53964350000945,
                8.123316337086726
              ],
              [
                -80.53993865473375,
                8.122036142991341
              ],
              [
                -80.53963976737045,
                8.120817767738204
              ],
              [
                -80.53832231057994,
                8.118053104388972
              ],
              [
                -80.5382687189189,
                8.116616197085484
              ],
              [
                -80.53882682927325,
                8.114883844084192
              ],
              [
                -80.53979282845101,
                8.113718744404126
              ],
              [
                -80.54094568757111,
                8.113223325839881
              ],
              [
                -80.54174100434227,
                8.113451499705914
              ],
              [
                -80.54381043379098,
                8.11594019412571
              ],
              [
                -80.54577545276376,
                8.11689393857805
              ],
              [
                -80.54984176857677,
                8.117769463889495
              ],
              [
                -80.55108746810768,
                8.117738596586348
              ],
              [
                -80.55171654879089,
                8.117003387470108
              ],
              [
                -80.55134920683824,
                8.114104820808555
              ],
              [
                -80.55175136828204,
                8.111716184954954
              ],
              [
                -80.55256417630558,
                8.108213065768043
              ],
              [
                -80.55336295197883,
                8.106900369239726
              ],
              [
                -80.55492122323997,
                8.105976188694724
              ],
              [
                -80.55647444178919,
                8.105764848476703
              ],
              [
                -80.5601906467718,
                8.107139533953161
              ],
              [
                -80.56115727863401,
                8.108144543214628
              ],
              [
                -80.56138724510177,
                8.109336441811342
              ],
              [
                -80.56130572745285,
                8.110750974997297
              ],
              [
                -80.56062694411574,
                8.11238579185464
              ],
              [
                -80.55879262804275,
                8.115154322825132
              ],
              [
                -80.55702083919554,
                8.118888925484912
              ],
              [
                -80.55668318256932,
                8.120168544387228
              ],
              [
                -80.55679972609033,
                8.121397099826394
              ],
              [
                -80.55781469995516,
                8.122701280114867
              ],
              [
                -80.56077764358702,
                8.124316643463011
              ],
              [
                -80.56364440488689,
                8.127278212684146
              ],
              [
                -80.5656819239777,
                8.128522053664827
              ],
              [
                -80.56716500423029,
                8.129730630135953
              ],
              [
                -80.56780031827083,
                8.13055639812694
              ],
              [
                -80.56802494918381,
                8.13133859765321
              ],
              [
                -80.56757969742905,
                8.131807142029887
              ],
              [
                -80.56662367092245,
                8.131452355250136
              ],
              [
                -80.56621297459061,
                8.13159119949878
              ],
              [
                -80.56605178162428,
                8.132197252448782
              ],
              [
                -80.5665496068233,
                8.13295256143418
              ],
              [
                -80.56872628860918,
                8.134258772083513
              ],
              [
                -80.56951083733266,
                8.134408747452968
              ],
              [
                -80.57030307356979,
                8.134146784401908
              ],
              [
                -80.5724116117336,
                8.132513198240014
              ],
              [
                -80.57301627223372,
                8.132478942746035
              ],
              [
                -80.57345393357264,
                8.133046477257778
              ],
              [
                -80.57385524231267,
                8.13498448827065
              ],
              [
                -80.57461370811768,
                8.136537307390194
              ],
              [
                -80.5757896494344,
                8.137605524239087
              ],
              [
                -80.57761326144016,
                8.13847921360453
              ],
              [
                -80.57894783718794,
                8.138169191923454
              ],
              [
                -80.58021791474212,
                8.13700723470505
              ],
              [
                -80.58101479364895,
                8.135585179154289
              ],
              [
                -80.58167510066215,
                8.13329625502828
              ],
              [
                -80.5824928868419,
                8.131548555151557
              ],
              [
                -80.58336874743107,
                8.130472055976432
              ],
              [
                -80.58442504455101,
                8.130002576099749
              ],
              [
                -80.58582661142313,
                8.129977635725526
              ],
              [
                -80.58879082504859,
                8.131664253585974
              ],
              [
                -80.59067192679228,
                8.132164006719787
              ],
              [
                -80.59581724481498,
                8.132651093591532
              ],
              [
                -80.59734042838703,
                8.133400674508456
              ],
              [
                -80.59877205679459,
                8.134688513864228
              ],
              [
                -80.59919039970906,
                8.135645341234333
              ],
              [
                -80.59909202501292,
                8.136632302225205
              ],
              [
                -80.59857198735277,
                8.137392478574304
              ],
              [
                -80.597646344036,
                8.138018725252307
              ],
              [
                -80.59609496226533,
                8.13827348974475
              ],
              [
                -80.59370076577369,
                8.137855546582275
              ],
              [
                -80.59046373207937,
                8.137908824167301
              ],
              [
                -80.58900991879526,
                8.138389927149273
              ],
              [
                -80.58783577515716,
                8.139305532113294
              ],
              [
                -80.58651724588093,
                8.141271020378312
              ],
              [
                -80.58644172467032,
                8.143098085825681
              ],
              [
                -80.5868909460664,
                8.144026544769572
              ],
              [
                -80.58742672218793,
                8.144541114884426
              ],
              [
                -80.58947623438598,
                8.14537563254237
              ],
              [
                -80.59196640687722,
                8.145483573766066
              ],
              [
                -80.59317913990245,
                8.145028156248554
              ],
              [
                -80.5945286982617,
                8.143771278804016
              ],
              [
                -80.59509075113819,
                8.14217754903964
              ],
              [
                -80.5958084896921,
                8.141072412556547
              ],
              [
                -80.59678470710602,
                8.14033321641684
              ],
              [
                -80.5980397960392,
                8.139939220130248
              ],
              [
                -80.60657241768259,
                8.139679410822867
              ],
              [
                -80.61234402698909,
                8.140980741949534
              ],
              [
                -80.61415866434561,
                8.141137593559725
              ],
              [
                -80.62309835610316,
                8.139900804922215
              ],
              [
                -80.62902770899382,
                8.138460909395954
              ],
              [
                -80.63327289220234,
                8.136513031806423
              ],
              [
                -80.63791438065348,
                8.135009528540895
              ],
              [
                -80.63940490858093,
                8.134119455687808
              ],
              [
                -80.64190826179615,
                8.130844388909008
              ],
              [
                -80.64254522109441,
                8.129691511142015
              ],
              [
                -80.64330161036999,
                8.129097714684983
              ],
              [
                -80.64419918142963,
                8.129042263558734
              ],
              [
                -80.64481226876907,
                8.12930571562628
              ],
              [
                -80.64769278856518,
                8.131422779566996
              ],
              [
                -80.64862895300038,
                8.131597639215606
              ],
              [
                -80.65014252072177,
                8.131370105933414
              ],
              [
                -80.65100687845026,
                8.130920848978368
              ],
              [
                -80.653717722693,
                8.128263720375111
              ],
              [
                -80.65721163342702,
                8.12849628840883
              ],
              [
                -80.65995207858967,
                8.127781668916963
              ],
              [
                -80.66112595655238,
                8.127068878784856
              ],
              [
                -80.66253796097672,
                8.125794531385582
              ],
              [
                -80.66371637903336,
                8.12451589804385
              ],
              [
                -80.66440481242674,
                8.123294543803542
              ],
              [
                -80.66493618193996,
                8.1232602828443
              ],
              [
                -80.66543258861716,
                8.123726629986889
              ],
              [
                -80.6656764945544,
                8.124536024823486
              ],
              [
                -80.66518195964943,
                8.127590950788624
              ],
              [
                -80.66524087688832,
                8.128816158262438
              ],
              [
                -80.66550948127878,
                8.129256555800339
              ],
              [
                -80.66998915813586,
                8.129572697917231
              ],
              [
                -80.67513612632509,
                8.131740279477977
              ],
              [
                -80.67798786362209,
                8.132289136945971
              ],
              [
                -80.67943068940481,
                8.132258645824148
              ],
              [
                -80.67979023202928,
                8.132467687076618
              ],
              [
                -80.6797855185904,
                8.133297754250878
              ],
              [
                -80.67903664491192,
                8.134272274815096
              ],
              [
                -80.67832788936366,
                8.134749401505658
              ],
              [
                -80.67708887997392,
                8.135102211586538
              ],
              [
                -80.67393112343666,
                8.13473012561629
              ],
              [
                -80.6729974340832,
                8.134236839580288
              ],
              [
                -80.67214523714014,
                8.13290075864419
              ],
              [
                -80.6717734577968,
                8.132842192030703
              ],
              [
                -80.67143708410481,
                8.133106408137554
              ],
              [
                -80.67122388641491,
                8.133867405659567
              ],
              [
                -80.67147329928471,
                8.134431642907709
              ],
              [
                -80.67417510158539,
                8.136451892603434
              ],
              [
                -80.67597869690691,
                8.13842165926093
              ],
              [
                -80.67647862812258,
                8.138623972688132
              ],
              [
                -80.67823135608027,
                8.138672348430326
              ],
              [
                -80.68266716428835,
                8.137682479816453
              ],
              [
                -80.68558400818252,
                8.137963324399548
              ],
              [
                -80.68808570922386,
                8.138997057810299
              ],
              [
                -80.68978836694075,
                8.139359709740498
              ],
              [
                -80.6930511775686,
                8.139224264263861
              ],
              [
                -80.69385923378911,
                8.13941798284551
              ],
              [
                -80.69520621022431,
                8.14050380526331
              ],
              [
                -80.6972820045594,
                8.144269680772974
              ],
              [
                -80.69802383599551,
                8.144764858575664
              ],
              [
                -80.7005979488942,
                8.145718326921179
              ],
              [
                -80.70232772707854,
                8.147221557162277
              ],
              [
                -80.70241126332742,
                8.147939014059821
              ],
              [
                -80.7021038844384,
                8.148931043908869
              ],
              [
                -80.70068332106433,
                8.15124116678226
              ],
              [
                -80.70074849258212,
                8.152423789995593
              ],
              [
                -80.70039760227002,
                8.153239077469145
              ],
              [
                -80.70058207015046,
                8.153845435140855
              ],
              [
                -80.70107924787871,
                8.154404458372538
              ],
              [
                -80.70341992444828,
                8.155773820100915
              ],
              [
                -80.70643301563074,
                8.155563579477263
              ],
              [
                -80.70769735643027,
                8.155036627933887
              ],
              [
                -80.70890013759909,
                8.153434883087451
              ],
              [
                -80.70994006871166,
                8.15280581888863
              ],
              [
                -80.71073619580409,
                8.15274689801229
              ],
              [
                -80.71480418756457,
                8.15544144809608
              ],
              [
                -80.7170573271616,
                8.15763819576578
              ],
              [
                -80.71963319603363,
                8.159031159160167
              ],
              [
                -80.72054487543328,
                8.160347338163643
              ],
              [
                -80.72085662332442,
                8.161511341555835
              ],
              [
                -80.72064309507157,
                8.162153685788832
              ],
              [
                -80.7200573445462,
                8.162616733956556
              ],
              [
                -80.71901385244972,
                8.162973758698064
              ],
              [
                -80.71673181116765,
                8.163295335740505
              ],
              [
                -80.71518448541339,
                8.163864619147333
              ],
              [
                -80.71476441942235,
                8.164278036233183
              ],
              [
                -80.71487508783164,
                8.164851644207864
              ],
              [
                -80.71562068756351,
                8.16546601114918
              ],
              [
                -80.71818514717768,
                8.166670333611915
              ],
              [
                -80.72216236056997,
                8.169287182498222
              ],
              [
                -80.72563364627189,
                8.170620480725276
              ],
              [
                -80.72967973012712,
                8.173426270012039
              ],
              [
                -80.73418035209606,
                8.174611435611252
              ],
              [
                -80.73441630100903,
                8.1749550031192
              ],
              [
                -80.73455856974647,
                8.176205693960917
              ],
              [
                -80.73589481885107,
                8.178998420952565
              ],
              [
                -80.73882533329261,
                8.181634751493123
              ],
              [
                -80.7417123704241,
                8.182355221434007
              ],
              [
                -80.7422547553564,
                8.18349804060386
              ],
              [
                -80.74303647283513,
                8.184121284396603
              ],
              [
                -80.74293843197339,
                8.184985507611666
              ],
              [
                -80.74367558243573,
                8.185996170065746
              ],
              [
                -80.74451263579284,
                8.188397807714045
              ],
              [
                -80.74491082754966,
                8.188595399014673
              ],
              [
                -80.74616965064553,
                8.188335869827515
              ],
              [
                -80.7465889066642,
                8.188722724811482
              ],
              [
                -80.74585329611334,
                8.190173415250333
              ],
              [
                -80.74319403190826,
                8.191912267223877
              ],
              [
                -80.74322169915102,
                8.192406678238182
              ],
              [
                -80.7443088838256,
                8.19346372801411
              ],
              [
                -80.74413433484665,
                8.194146805067646
              ],
              [
                -80.74348787706126,
                8.194433156680647
              ],
              [
                -80.74202922790627,
                8.193924842379339
              ],
              [
                -80.74124395921015,
                8.194389082990577
              ],
              [
                -80.74125388663535,
                8.19492334290404
              ],
              [
                -80.74207770812815,
                8.195553351929387
              ],
              [
                -80.74158045106515,
                8.196385206716695
              ],
              [
                -80.74177996709278,
                8.197300646268102
              ],
              [
                -80.74158798511894,
                8.197836102846358
              ],
              [
                -80.74036018502231,
                8.198717662727361
              ],
              [
                -80.7396533163854,
                8.198903844751536
              ],
              [
                -80.73903550459059,
                8.198790092377326
              ],
              [
                -80.73758501183686,
                8.198008239467725
              ],
              [
                -80.73674958727986,
                8.198070023966839
              ],
              [
                -80.73579136086154,
                8.198603177489874
              ],
              [
                -80.73443132215083,
                8.198290878188892
              ],
              [
                -80.73474978545113,
                8.199945950416843
              ],
              [
                -80.73462560543811,
                8.200346142689922
              ],
              [
                -80.73387214517838,
                8.200656474858452
              ],
              [
                -80.73283970358786,
                8.200669930844018
              ],
              [
                -80.73231879557275,
                8.201327174664545
              ],
              [
                -80.73261236602092,
                8.202863794251165
              ],
              [
                -80.73357553130063,
                8.203128110016744
              ],
              [
                -80.73376802903728,
                8.203839120061337
              ],
              [
                -80.7309033676081,
                8.2053087431404
              ],
              [
                -80.72918429418324,
                8.205338770803012
              ],
              [
                -80.72810542210591,
                8.207179810707547
              ],
              [
                -80.72669180039627,
                8.20803132622191
              ],
              [
                -80.72589946143685,
                8.208829035599821
              ],
              [
                -80.72557854201159,
                8.209456243137641
              ],
              [
                -80.72572241901656,
                8.210654954599132
              ],
              [
                -80.72538319586471,
                8.211281158028584
              ],
              [
                -80.72474442995137,
                8.211599520151953
              ],
              [
                -80.72360946843581,
                8.211615245924197
              ],
              [
                -80.72317172806275,
                8.212018605174046
              ],
              [
                -80.72352686864937,
                8.216689827484918
              ],
              [
                -80.72395341701542,
                8.218425541592335
              ],
              [
                -80.7238006127414,
                8.219962651472045
              ],
              [
                -80.72417388385385,
                8.221173120046517
              ],
              [
                -80.72304866058552,
                8.222912576947135
              ],
              [
                -80.7227308941873,
                8.223102194591391
              ],
              [
                -80.72195108932624,
                8.222974093124774
              ],
              [
                -80.72125014841637,
                8.223785825232444
              ],
              [
                -80.72123722938274,
                8.224413520247552
              ],
              [
                -80.72227016381088,
                8.224903785869435
              ],
              [
                -80.72253238373331,
                8.225346484551604
              ],
              [
                -80.72176108405279,
                8.226200971382665
              ],
              [
                -80.72140275369526,
                8.226986110151847
              ],
              [
                -80.72131577837199,
                8.229525686437901
              ],
              [
                -80.7204354312337,
                8.230924490612798
              ],
              [
                -80.72022035594894,
                8.232129864977404
              ],
              [
                -80.71978715533967,
                8.232843014712229
              ],
              [
                -80.71974191930506,
                8.234246142461938
              ],
              [
                -80.7193798542454,
                8.23460758402738
              ],
              [
                -80.71774163073164,
                8.235280453246329
              ],
              [
                -80.71735325442341,
                8.236577838546328
              ],
              [
                -80.7165547055614,
                8.238026236204222
              ],
              [
                -80.71609253718302,
                8.240422311610983
              ],
              [
                -80.71648146879033,
                8.242604564134448
              ],
              [
                -80.71586342813781,
                8.24375604715675
              ],
              [
                -80.7160583395706,
                8.243989187675584
              ],
              [
                -80.71706697645003,
                8.243984202761503
              ],
              [
                -80.71726806043392,
                8.244552059000291
              ],
              [
                -80.71678366976886,
                8.245047071659084
              ],
              [
                -80.71547264284915,
                8.24513000121335
              ],
              [
                -80.7151240353428,
                8.245342164493614
              ],
              [
                -80.71519441645299,
                8.246753940137703
              ],
              [
                -80.71490253941737,
                8.247597424703724
              ],
              [
                -80.714210822682,
                8.24818063406991
              ],
              [
                -80.71294657066744,
                8.248352663165331
              ],
              [
                -80.7116464577882,
                8.250701071717488
              ],
              [
                -80.71190181514224,
                8.252003923393378
              ],
              [
                -80.7130422951709,
                8.253225495257023
              ],
              [
                -80.71337000726092,
                8.254225438943054
              ],
              [
                -80.71509222264831,
                8.255068164715192
              ],
              [
                -80.71600064365484,
                8.255898827673521
              ],
              [
                -80.71705768362266,
                8.256311730019307
              ],
              [
                -80.71720874696587,
                8.256582401639472
              ],
              [
                -80.71709733180157,
                8.257206249265684
              ],
              [
                -80.7172749629272,
                8.257834564071315
              ],
              [
                -80.71682263378943,
                8.258259765868853
              ],
              [
                -80.71684896208257,
                8.258910444211786
              ],
              [
                -80.71592909956915,
                8.259819963775037
              ],
              [
                -80.7159255165801,
                8.261146813620252
              ],
              [
                -80.71540043977244,
                8.26213282848105
              ],
              [
                -80.71672035943163,
                8.263637845037142
              ],
              [
                -80.7163089343936,
                8.264652525515489
              ],
              [
                -80.71678687439515,
                8.26548253157977
              ],
              [
                -80.7168016882517,
                8.266010529703287
              ],
              [
                -80.71614128802838,
                8.266905442472058
              ],
              [
                -80.71595821723193,
                8.267592598261128
              ],
              [
                -80.71637990786381,
                8.269447554227346
              ],
              [
                -80.71573895139935,
                8.270144262270712
              ],
              [
                -80.71537367067849,
                8.269702135521337
              ],
              [
                -80.71522866144767,
                8.26885702872269
              ],
              [
                -80.7144929355546,
                8.26901428903489
              ],
              [
                -80.7142333530531,
                8.269442485746858
              ],
              [
                -80.71459973934533,
                8.270241605252012
              ],
              [
                -80.71409595832245,
                8.27071482422481
              ],
              [
                -80.71386434696365,
                8.27146105884949
              ],
              [
                -80.71419807325668,
                8.272661298254619
              ],
              [
                -80.71460750909444,
                8.27280578952534
              ],
              [
                -80.71505939366563,
                8.27247785161384
              ],
              [
                -80.71492476335281,
                8.272061014890655
              ],
              [
                -80.71458794322433,
                8.271849298490578
              ],
              [
                -80.71463703397377,
                8.271459463738898
              ],
              [
                -80.71564784907635,
                8.271081870400566
              ],
              [
                -80.7162055443397,
                8.271136293468219
              ],
              [
                -80.71567309080478,
                8.271740932614502
              ],
              [
                -80.71648325845294,
                8.272408504904545
              ],
              [
                -80.71549402041573,
                8.273824236701676
              ],
              [
                -80.71566473083305,
                8.274157258694906
              ],
              [
                -80.71637342885862,
                8.274444097433541
              ],
              [
                -80.71625727973216,
                8.274639352403852
              ],
              [
                -80.71508581239863,
                8.274643298542182
              ],
              [
                -80.71267279113268,
                8.275395019233585
              ],
              [
                -80.71160996503356,
                8.27766901249558
              ],
              [
                -80.71051545669158,
                8.27880911244602
              ],
              [
                -80.71059264838874,
                8.279341534227862
              ],
              [
                -80.71158296043221,
                8.280039725126002
              ],
              [
                -80.71167753443693,
                8.281051039252928
              ],
              [
                -80.71114075344663,
                8.282644533149963
              ],
              [
                -80.70999704354871,
                8.28309261864178
              ],
              [
                -80.70958251513296,
                8.283678416725794
              ],
              [
                -80.70967554402569,
                8.284177424911263
              ],
              [
                -80.71051927889765,
                8.284493988706837
              ],
              [
                -80.71074610957552,
                8.2849723536737
              ],
              [
                -80.71001205124755,
                8.286902703701827
              ],
              [
                -80.70908709491357,
                8.287605576848266
              ],
              [
                -80.70954112727313,
                8.288433333095222
              ],
              [
                -80.70958709279626,
                8.28993105607173
              ],
              [
                -80.70903926132759,
                8.291676593916167
              ],
              [
                -80.70861898389235,
                8.292383187237931
              ],
              [
                -80.70703521526944,
                8.293922329259436
              ],
              [
                -80.70637367429906,
                8.295410435414283
              ],
              [
                -80.70546500576255,
                8.296325081499328
              ],
              [
                -80.70483892536757,
                8.297586810405587
              ],
              [
                -80.70387741372262,
                8.298160475903117
              ],
              [
                -80.7035997576767,
                8.298585975012347
              ],
              [
                -80.70375276484837,
                8.29906729897405
              ],
              [
                -80.70455305036755,
                8.299483117802621
              ],
              [
                -80.70439479485347,
                8.300305204145197
              ],
              [
                -80.70363267704032,
                8.300618196187605
              ],
              [
                -80.70355328740173,
                8.300972490508181
              ],
              [
                -80.70408741097269,
                8.301470249912027
              ],
              [
                -80.70499281312809,
                8.301629739720077
              ],
              [
                -80.70514921566243,
                8.302208613862405
              ],
              [
                -80.70500622992239,
                8.30279737356486
              ],
              [
                -80.70425781430463,
                8.303550337578782
              ],
              [
                -80.7039948096591,
                8.304335023900146
              ],
              [
                -80.7040046699634,
                8.305150951839556
              ],
              [
                -80.7043730750785,
                8.30609626687495
              ],
              [
                -80.7042166760869,
                8.307149741997653
              ],
              [
                -80.70380897924099,
                8.307239006378314
              ],
              [
                -80.70316992807946,
                8.306399075013076
              ],
              [
                -80.70308207640817,
                8.307809431411782
              ],
              [
                -80.70352197182234,
                8.308416863511113
              ],
              [
                -80.7048009842952,
                8.308725579480928
              ],
              [
                -80.70504805170188,
                8.30975782239726
              ],
              [
                -80.7047986785496,
                8.31055499158472
              ],
              [
                -80.70406538125259,
                8.31111437905494
              ],
              [
                -80.70300162257652,
                8.312547987224699
              ],
              [
                -80.70341411927663,
                8.31480791967096
              ],
              [
                -80.70426576201366,
                8.315754973159034
              ],
              [
                -80.70357360081803,
                8.317753482845173
              ],
              [
                -80.70396474242128,
                8.318215646941024
              ],
              [
                -80.70395033958518,
                8.318588886729264
              ],
              [
                -80.7027077492531,
                8.319899798632147
              ],
              [
                -80.70238006542309,
                8.320642895684523
              ],
              [
                -80.70240579734948,
                8.321568084736128
              ],
              [
                -80.70281018061405,
                8.32245521860274
              ],
              [
                -80.70225471609793,
                8.323739093248735
              ],
              [
                -80.70219753696661,
                8.327816936246242
              ],
              [
                -80.70286702707669,
                8.329517272022617
              ],
              [
                -80.70449713755747,
                8.330482437832524
              ],
              [
                -80.70491585184898,
                8.331009205064294
              ],
              [
                -80.70504270576093,
                8.331669239216005
              ],
              [
                -80.70485678027337,
                8.332436261955936
              ],
              [
                -80.70536242073065,
                8.33301268146645
              ],
              [
                -80.70433096744092,
                8.333814782522607
              ],
              [
                -80.70423715057228,
                8.334107238172313
              ],
              [
                -80.70495351961458,
                8.33476412740561
              ],
              [
                -80.70530505077133,
                8.335588037257049
              ],
              [
                -80.70608883027347,
                8.335960720957365
              ],
              [
                -80.70727175706953,
                8.337136972947516
              ],
              [
                -80.70899714910998,
                8.337790325391996
              ],
              [
                -80.7098677948225,
                8.337850587828726
              ],
              [
                -80.71092139684009,
                8.338922118746677
              ],
              [
                -80.71331969870714,
                8.33947724313043
              ],
              [
                -80.71367597344945,
                8.339970211186571
              ],
              [
                -80.71373646168553,
                8.340968726789736
              ],
              [
                -80.71596462740516,
                8.34063857282997
              ],
              [
                -80.71634911314769,
                8.3413665184819
              ],
              [
                -80.71739573670034,
                8.341654149048832
              ],
              [
                -80.71805098216024,
                8.343170987850879
              ],
              [
                -80.71865429558491,
                8.343444668489198
              ],
              [
                -80.71891335374377,
                8.34401225460189
              ],
              [
                -80.7201322481039,
                8.344980561164075
              ],
              [
                -80.72159484155162,
                8.349131933039065
              ],
              [
                -80.72254133064453,
                8.349725558658323
              ],
              [
                -80.72350432832665,
                8.351234895053153
              ],
              [
                -80.72402817203238,
                8.35140024567023
              ],
              [
                -80.72481649875809,
                8.351265122833366
              ],
              [
                -80.72570167196314,
                8.35218826213757
              ],
              [
                -80.72559730045204,
                8.354233200192526
              ],
              [
                -80.7258540440447,
                8.354658809963139
              ],
              [
                -80.72643216833316,
                8.354946213460746
              ],
              [
                -80.72653540079446,
                8.355294417422236
              ],
              [
                -80.72596565927635,
                8.355778363782424
              ],
              [
                -80.72632086939977,
                8.356412794167854
              ],
              [
                -80.72614368213854,
                8.356823916881366
              ],
              [
                -80.72565319142171,
                8.357103810420007
              ],
              [
                -80.72498708467938,
                8.356904681865549
              ],
              [
                -80.72522781084268,
                8.357825519788724
              ],
              [
                -80.72466823045187,
                8.359268306554117
              ],
              [
                -80.72454674163623,
                8.360864322663028
              ],
              [
                -80.72489617999612,
                8.361869223671428
              ],
              [
                -80.72581799768041,
                8.362246219248
              ],
              [
                -80.72641225207444,
                8.362839298153386
              ],
              [
                -80.72657489643866,
                8.364919370132698
              ],
              [
                -80.72696627082519,
                8.365520963397742
              ],
              [
                -80.72642687410494,
                8.367058409475229
              ],
              [
                -80.72623323162367,
                8.369362787392907
              ],
              [
                -80.72462769309757,
                8.371780316936222
              ],
              [
                -80.72499115821452,
                8.372862554653057
              ],
              [
                -80.72485917634577,
                8.373646864603016
              ],
              [
                -80.72426824831821,
                8.373726185005086
              ],
              [
                -80.72410814020013,
                8.374000158957273
              ],
              [
                -80.7548598875743,
                8.42856895023613
              ],
              [
                -80.75427885077586,
                8.429550239725119
              ],
              [
                -80.752553248058,
                8.430018238503395
              ],
              [
                -80.75243498760183,
                8.430526611770032
              ],
              [
                -80.75663532875096,
                8.434234309972911
              ],
              [
                -80.75779536558542,
                8.436703669536922
              ],
              [
                -80.75856893057637,
                8.437594807227962
              ],
              [
                -80.75864613834611,
                8.438329591110039
              ],
              [
                -80.75844297180551,
                8.43889266583621
              ],
              [
                -80.75770638236342,
                8.439300406723753
              ],
              [
                -80.75611826133824,
                8.440793193640735
              ],
              [
                -80.755518356568,
                8.442616115256097
              ],
              [
                -80.75571602523702,
                8.44326521897692
              ],
              [
                -80.75706640286052,
                8.44514581152617
              ],
              [
                -80.75742850461147,
                8.446839236418676
              ],
              [
                -80.75715800635209,
                8.448583752194928
              ],
              [
                -80.75615963716156,
                8.449521321256189
              ],
              [
                -80.75593005607247,
                8.45026960403386
              ],
              [
                -80.75544652994179,
                8.45089767201185
              ],
              [
                -80.7555066296124,
                8.451477299829271
              ],
              [
                -80.75749447341455,
                8.453385999606438
              ],
              [
                -80.75786232473263,
                8.454263622366431
              ],
              [
                -80.76027601512601,
                8.45578477011673
              ],
              [
                -80.76046184610182,
                8.45667184438429
              ],
              [
                -80.76115012633576,
                8.457390935576866
              ],
              [
                -80.76157779771457,
                8.458287837138593
              ],
              [
                -80.76133829610387,
                8.459633975874718
              ],
              [
                -80.7627841413577,
                8.460451553018121
              ],
              [
                -80.76368240619512,
                8.460533155077634
              ],
              [
                -80.76536728424992,
                8.46171492320351
              ],
              [
                -80.7657456408686,
                8.462116764696983
              ],
              [
                -80.76606018399066,
                8.463112972387641
              ],
              [
                -80.76716887855412,
                8.464153885850049
              ],
              [
                -80.76770786154718,
                8.464419999114115
              ],
              [
                -80.76899559964777,
                8.464491934862567
              ],
              [
                -80.76958693309383,
                8.4650238592413
              ],
              [
                -80.76994041217011,
                8.46584108547598
              ],
              [
                -80.76984116769647,
                8.46663288744777
              ],
              [
                -80.76945303800973,
                8.467125477778449
              ],
              [
                -80.76798072228561,
                8.467905573534152
              ],
              [
                -80.7683685428289,
                8.468444936202673
              ],
              [
                -80.76977308456364,
                8.469141227410475
              ],
              [
                -80.77152196273282,
                8.46916746039921
              ],
              [
                -80.77242323023947,
                8.46952080723126
              ],
              [
                -80.77316695927139,
                8.470740775166496
              ],
              [
                -80.77446395658689,
                8.471011009237989
              ],
              [
                -80.77526040713083,
                8.473105739711924
              ],
              [
                -80.7763805954037,
                8.473488700221534
              ],
              [
                -80.7769153450274,
                8.474078106711742
              ],
              [
                -80.77804868906502,
                8.474702867441529
              ],
              [
                -80.77942560294578,
                8.474675994408871
              ],
              [
                -80.78050645556314,
                8.475360214686622
              ],
              [
                -80.78155553017008,
                8.475535442870218
              ],
              [
                -80.78238182659176,
                8.476060607239702
              ],
              [
                -80.78389250772805,
                8.475184434239663
              ],
              [
                -80.7853171179212,
                8.474969778720087
              ],
              [
                -80.78621338093504,
                8.475289953245149
              ],
              [
                -80.7868775474107,
                8.475969294830323
              ],
              [
                -80.78307467869465,
                8.50010826637084
              ],
              [
                -80.78376611185483,
                8.500040878406242
              ],
              [
                -80.78455791856783,
                8.500409834179944
              ],
              [
                -80.78562711888816,
                8.50214387656666
              ],
              [
                -80.78714359103162,
                8.502869192160755
              ],
              [
                -80.78814158423367,
                8.504321787934066
              ],
              [
                -80.78961220724244,
                8.505392448262635
              ],
              [
                -80.78972775667968,
                8.505892980856315
              ],
              [
                -80.79141655377308,
                8.507970075504456
              ],
              [
                -80.792375160385,
                8.508778948524686
              ],
              [
                -80.79351334399712,
                8.509110044064435
              ],
              [
                -80.79375391381755,
                8.5104271563861
              ],
              [
                -80.794834326295,
                8.51268110575776
              ],
              [
                -80.79952261896936,
                8.516355295604631
              ],
              [
                -80.7997146418025,
                8.517855983732973
              ],
              [
                -80.80061700007421,
                8.519308697159364
              ],
              [
                -80.80073433382947,
                8.520917222000524
              ],
              [
                -80.80105667334118,
                8.521609720971679
              ],
              [
                -80.80197651420157,
                8.521947304498747
              ],
              [
                -80.80381810692424,
                8.522009823771274
              ],
              [
                -80.80570639419669,
                8.523123743502122
              ],
              [
                -80.80587251244698,
                8.52376310903949
              ],
              [
                -80.80561683095557,
                8.52447571566101
              ],
              [
                -80.80564159684963,
                8.52545613010318
              ],
              [
                -80.80644236218579,
                8.526312193435349
              ],
              [
                -80.80651452993695,
                8.527935473977442
              ],
              [
                -80.80761037431994,
                8.528958662991924
              ],
              [
                -80.80895576733894,
                8.52968963252395
              ],
              [
                -80.81017885335444,
                8.530061303972833
              ],
              [
                -80.81165432730526,
                8.529718999243151
              ],
              [
                -80.81223020318043,
                8.530099140696537
              ],
              [
                -80.81259882207952,
                8.531068348422865
              ],
              [
                -80.81299234116439,
                8.531388992240743
              ],
              [
                -80.81519116141943,
                8.531458607179399
              ],
              [
                -80.81689738945316,
                8.532781893375745
              ],
              [
                -80.8177777276456,
                8.532887102784064
              ],
              [
                -80.81977903069297,
                8.53383530819438
              ],
              [
                -80.81988257393837,
                8.534325844202021
              ],
              [
                -80.81934587056354,
                8.535595687900651
              ],
              [
                -80.81932501113842,
                8.536330097035703
              ],
              [
                -80.8202877779309,
                8.536900381915624
              ],
              [
                -80.82141836892211,
                8.536840631131435
              ],
              [
                -80.82186960256338,
                8.537073970570473
              ],
              [
                -80.82285345676466,
                8.539107367381298
              ],
              [
                -80.82277400364404,
                8.53982069976783
              ],
              [
                -80.8231886963687,
                8.54124605625681
              ],
              [
                -80.82515513574329,
                8.544161522093257
              ],
              [
                -80.827118857699,
                8.54518087979515
              ],
              [
                -80.8303140392617,
                8.545990324621274
              ],
              [
                -80.83163158085043,
                8.547481617897406
              ],
              [
                -80.83223812331516,
                8.548577742630677
              ],
              [
                -80.83283323883273,
                8.548883021858435
              ],
              [
                -80.83289638032375,
                8.549063578212518
              ],
              [
                -80.83286661712505,
                8.549173208500068
              ],
              [
                -80.82971986468934,
                8.551548354711752
              ],
              [
                -80.82675758614185,
                8.551983560256653
              ],
              [
                -80.82583121628801,
                8.55192429061494
              ],
              [
                -80.8253249679093,
                8.55213589986866
              ],
              [
                -80.82379293341862,
                8.553865891737393
              ],
              [
                -80.8233864864519,
                8.555589970406379
              ],
              [
                -80.82365043265969,
                8.556760268148604
              ],
              [
                -80.82333310879233,
                8.557286845200078
              ],
              [
                -80.82174564040778,
                8.55817480380163
              ],
              [
                -80.8200930741725,
                8.559609586372178
              ],
              [
                -80.81854479094876,
                8.560364033476805
              ],
              [
                -80.8162697873969,
                8.562371004221355
              ],
              [
                -80.81516150755458,
                8.563953382783929
              ],
              [
                -80.81396310139777,
                8.56469803995057
              ],
              [
                -80.81232847921422,
                8.564655234526446
              ],
              [
                -80.8113590775528,
                8.56432292399528
              ],
              [
                -80.80654297942438,
                8.559880938380605
              ],
              [
                -80.80591929132787,
                8.559928839785123
              ],
              [
                -80.80468240492378,
                8.561007099238601
              ],
              [
                -80.80397905317074,
                8.561226897462205
              ],
              [
                -80.80177616330097,
                8.560352097493858
              ],
              [
                -80.80040279573726,
                8.560169305707046
              ],
              [
                -80.79928177062621,
                8.558819408773097
              ],
              [
                -80.79768245222311,
                8.558671601076593
              ],
              [
                -80.79622099091843,
                8.557231972050587
              ],
              [
                -80.79476544545291,
                8.556946402126647
              ],
              [
                -80.79332832135002,
                8.555672630803807
              ],
              [
                -80.79174307531778,
                8.554913497032011
              ],
              [
                -80.79091082268876,
                8.554857826083618
              ],
              [
                -80.78923402867301,
                8.555232780663752
              ],
              [
                -80.78735566202458,
                8.556805726512872
              ],
              [
                -80.78574482869845,
                8.557001252448647
              ],
              [
                -80.7847796606824,
                8.556781037638522
              ],
              [
                -80.78379137457121,
                8.558606060250863
              ],
              [
                -80.78310336625071,
                8.56067527724968
              ],
              [
                -80.78201447257196,
                8.562176111039951
              ],
              [
                -80.78070136669118,
                8.56346433267659
              ],
              [
                -80.77986094022636,
                8.56488167022879
              ],
              [
                -80.77986419774807,
                8.566905338777993
              ],
              [
                -80.77941182928801,
                8.568526533784048
              ],
              [
                -80.77980036214551,
                8.570366641612592
              ],
              [
                -80.77894326559024,
                8.572158203171552
              ],
              [
                -80.7787815315644,
                8.574106175419908
              ],
              [
                -80.7779602541829,
                8.574958162547604
              ],
              [
                -80.77586610457118,
                8.575448140862644
              ],
              [
                -80.7746656141318,
                8.576378358604662
              ],
              [
                -80.77219237630132,
                8.58067688408799
              ],
              [
                -80.77038356829108,
                8.584958073379962
              ],
              [
                -80.76626020569286,
                8.5884501005428
              ],
              [
                -80.76254405217747,
                8.589454777658544
              ],
              [
                -80.7614816752914,
                8.591466868464646
              ],
              [
                -80.76131836357042,
                8.59252314753827
              ],
              [
                -80.76065263693657,
                8.593217671700527
              ],
              [
                -80.75984545524256,
                8.593392365147935
              ],
              [
                -80.758378616452,
                8.593123490042046
              ],
              [
                -80.75216510221564,
                8.594138461903995
              ],
              [
                -80.75168229674223,
                8.594868569240589
              ],
              [
                -80.75195506259647,
                8.595983230665741
              ],
              [
                -80.75181491081109,
                8.596560090426584
              ],
              [
                -80.74991852764532,
                8.598445868909902
              ],
              [
                -80.74978693169342,
                8.599199001636006
              ],
              [
                -80.75007139455843,
                8.600638547199921
              ],
              [
                -80.7491088836334,
                8.602397554043488
              ],
              [
                -80.74907453483318,
                8.603953301080793
              ],
              [
                -80.75039116097528,
                8.605596047061116
              ],
              [
                -80.75092280961796,
                8.607886329759436
              ],
              [
                -80.75205420681014,
                8.609036688995719
              ],
              [
                -80.75301630443141,
                8.611445583544349
              ],
              [
                -80.75375658388573,
                8.612282474922704
              ],
              [
                -80.7547056062263,
                8.612896943839761
              ],
              [
                -80.75504637125384,
                8.61342895718381
              ],
              [
                -80.75542529756375,
                8.614710135772276
              ],
              [
                -80.75525610011715,
                8.616144728167113
              ],
              [
                -80.75635230776722,
                8.617979836581831
              ],
              [
                -80.75666831862942,
                8.619172412472317
              ],
              [
                -80.7559427951356,
                8.620711393589582
              ],
              [
                -80.75443381579218,
                8.622466128921634
              ],
              [
                -80.75416173986068,
                8.623367053998697
              ],
              [
                -80.75422034643353,
                8.624981848954738
              ],
              [
                -80.75392598073174,
                8.626413166629305
              ],
              [
                -80.75298825585635,
                8.628292466573564
              ],
              [
                -80.74872240923433,
                8.628915213218667
              ],
              [
                -80.74474599932493,
                8.626760242214841
              ],
              [
                -80.74348384339092,
                8.626572956931714
              ],
              [
                -80.7413991537447,
                8.625580557109966
              ],
              [
                -80.73958154464508,
                8.625888663561494
              ],
              [
                -80.73729777085326,
                8.62518072505266
              ],
              [
                -80.73503274158098,
                8.625839431935626
              ],
              [
                -80.73353698438953,
                8.62508450280362
              ],
              [
                -80.73109697492421,
                8.624391958991874
              ],
              [
                -80.72890207812566,
                8.624347812617144
              ],
              [
                -80.72642986336828,
                8.624746475143066
              ],
              [
                -80.72540607684573,
                8.624679323731714
              ],
              [
                -80.72441163283601,
                8.624214699754392
              ],
              [
                -80.72359478313963,
                8.624970466001955
              ],
              [
                -80.72230810358963,
                8.626743832168723
              ],
              [
                -80.72232931158798,
                8.627471437164159
              ],
              [
                -80.72315974292906,
                8.62863802612382
              ],
              [
                -80.72336277089794,
                8.63011062444716
              ],
              [
                -80.72273553492977,
                8.631654893371865
              ],
              [
                -80.72109858116805,
                8.63456227409185
              ],
              [
                -80.72034151034238,
                8.635847781987657
              ],
              [
                -80.71945590428119,
                8.636694214364809
              ],
              [
                -80.71862510618378,
                8.638338469656055
              ],
              [
                -80.71832520119354,
                8.641243907076941
              ],
              [
                -80.71753659617933,
                8.642237156883246
              ],
              [
                -80.71748030226527,
                8.643462962922374
              ],
              [
                -80.71777677479271,
                8.645027575551005
              ],
              [
                -80.7171842740911,
                8.646307772368026
              ],
              [
                -80.71333818942875,
                8.648027690362685
              ],
              [
                -80.7090487655866,
                8.647995961927645
              ],
              [
                -80.70828590283952,
                8.648416718017318
              ],
              [
                -80.70720699843807,
                8.649607260495229
              ],
              [
                -80.70537030177971,
                8.64971152037243
              ],
              [
                -80.70282213074556,
                8.649139392075408
              ],
              [
                -80.70087250932889,
                8.65027573888876
              ],
              [
                -80.69850974872661,
                8.65051330741766
              ],
              [
                -80.69683636508894,
                8.651565245831904
              ],
              [
                -80.69499436957719,
                8.651867130011407
              ],
              [
                -80.69429471836618,
                8.651455979706034
              ],
              [
                -80.69332920992586,
                8.662138512948054
              ],
              [
                -80.69363269142443,
                8.6629505846056
              ],
              [
                -80.6957189390982,
                8.66526900078376
              ],
              [
                -80.69550987475891,
                8.668045788118896
              ],
              [
                -80.69650313954654,
                8.668443739185031
              ],
              [
                -80.69866407942655,
                8.668729956214685
              ],
              [
                -80.6998651231364,
                8.670463608579501
              ],
              [
                -80.70411384937528,
                8.671019343388455
              ],
              [
                -80.70538021967819,
                8.672441965036736
              ],
              [
                -80.70568250360307,
                8.673399464498216
              ],
              [
                -80.70633145988161,
                8.674383559118866
              ],
              [
                -80.70617849558563,
                8.676570138383571
              ],
              [
                -80.70704286355924,
                8.6791846171126
              ],
              [
                -80.70669025335597,
                8.681946568072972
              ],
              [
                -80.70693553885826,
                8.683204860879252
              ],
              [
                -80.70897300465133,
                8.685637670659977
              ],
              [
                -80.70889653155635,
                8.687162991956315
              ],
              [
                -80.7095894674425,
                8.688894947214516
              ],
              [
                -80.70939548689759,
                8.690163183243016
              ],
              [
                -80.70964541014577,
                8.691756928079998
              ],
              [
                -80.709193586075,
                8.694195597369527
              ],
              [
                -80.70824607538277,
                8.69628305025633
              ],
              [
                -80.70745172484548,
                8.699125347471867
              ],
              [
                -80.70795822630204,
                8.700916442603495
              ],
              [
                -80.70792061417102,
                8.701578994232863
              ],
              [
                -80.70756849702124,
                8.702459613727417
              ],
              [
                -80.70645824999089,
                8.704050950613679
              ],
              [
                -80.70663200228019,
                8.704681095253951
              ],
              [
                -80.70827717390917,
                8.706469742798228
              ],
              [
                -80.70857908866108,
                8.707446128020099
              ],
              [
                -80.70818255840246,
                8.709650258663952
              ],
              [
                -80.7071630102936,
                8.712445644223862
              ],
              [
                -80.70521246445075,
                8.715650652969092
              ],
              [
                -80.70467944982045,
                8.716123626838623
              ],
              [
                -80.7034771030001,
                8.716625800412363
              ],
              [
                -80.70032021469297,
                8.716768537584647
              ],
              [
                -80.69913965257257,
                8.71752387241534
              ],
              [
                -80.69870580288895,
                8.7186098585726
              ],
              [
                -80.6987902902367,
                8.719565185550644
              ],
              [
                -80.69924233782777,
                8.7207814556105
              ],
              [
                -80.69895113642129,
                8.721644271756155
              ],
              [
                -80.69797148171558,
                8.722520504477755
              ],
              [
                -80.69561755477638,
                8.723810661624476
              ],
              [
                -80.69372398141623,
                8.728244108130875
              ],
              [
                -80.69061722980875,
                8.730465037833076
              ],
              [
                -80.68952613238065,
                8.731743976511018
              ],
              [
                -80.6895263853376,
                8.732480372059754
              ],
              [
                -80.69059238428044,
                8.733793639020362
              ],
              [
                -80.69005339958429,
                8.734928448387212
              ],
              [
                -80.69062884320887,
                8.736249141669658
              ],
              [
                -80.69051335855502,
                8.737703383163252
              ],
              [
                -80.69012112864283,
                8.738069585179165
              ],
              [
                -80.68904674742453,
                8.738239711858094
              ],
              [
                -80.68746414224242,
                8.739291420437555
              ],
              [
                -80.68620554355128,
                8.740800101253006
              ],
              [
                -80.68649160244958,
                8.74146809688114
              ],
              [
                -80.68752529016052,
                8.742224495766623
              ],
              [
                -80.68804731986117,
                8.74325268105916
              ],
              [
                -80.6898291285996,
                8.743840589464124
              ],
              [
                -80.69092966993315,
                8.744701140398968
              ],
              [
                -80.69123183920495,
                8.746550657647155
              ],
              [
                -80.69239240177302,
                8.748001025777318
              ],
              [
                -80.69242089795335,
                8.748586946248432
              ],
              [
                -80.69193702610336,
                8.75000513082776
              ],
              [
                -80.69268150580282,
                8.7508423466863
              ],
              [
                -80.69280057013151,
                8.752338640719445
              ],
              [
                -80.69362805042084,
                8.75294418167567
              ],
              [
                -80.69337463778318,
                8.753457482230388
              ],
              [
                -80.69252748732399,
                8.754121504575762
              ],
              [
                -80.69217962343156,
                8.754837245980571
              ],
              [
                -80.69147142087802,
                8.755446939117446
              ],
              [
                -80.69110031039394,
                8.756184564887198
              ],
              [
                -80.69108627836529,
                8.757416069373681
              ],
              [
                -80.69187784684361,
                8.75916192282375
              ],
              [
                -80.69144165069636,
                8.760459025241575
              ],
              [
                -80.69076258855392,
                8.760499976589005
              ],
              [
                -80.68909440014905,
                8.759627952925857
              ],
              [
                -80.6872760084515,
                8.760823930482017
              ],
              [
                -80.68335473398515,
                8.761020832783029
              ],
              [
                -80.68270769564838,
                8.761607052399045
              ],
              [
                -80.68201099001915,
                8.763443910988546
              ],
              [
                -80.68101458656572,
                8.76418416847157
              ],
              [
                -80.68047046184633,
                8.764992448442081
              ],
              [
                -80.67946389388707,
                8.765638943515413
              ],
              [
                -80.67882078404033,
                8.766748923735774
              ],
              [
                -80.67826498062279,
                8.767216278938935
              ],
              [
                -80.6743506696854,
                8.768142678601157
              ],
              [
                -80.67281167694118,
                8.767925493120911
              ],
              [
                -80.67183456838481,
                8.769292464119554
              ],
              [
                -80.6703156559888,
                8.769847073504033
              ],
              [
                -80.66953324236744,
                8.770382298628846
              ],
              [
                -80.66765283356898,
                8.772942020242581
              ],
              [
                -80.66616299221633,
                8.773133308724155
              ],
              [
                -80.66536262758012,
                8.773964139064987
              ],
              [
                -80.66463531425602,
                8.774310861717426
              ],
              [
                -80.66058607896359,
                8.775018793681081
              ],
              [
                -80.65989891989346,
                8.775471811489501
              ],
              [
                -80.65903644804888,
                8.77650643973517
              ],
              [
                -80.6581347251825,
                8.776048700166557
              ],
              [
                -80.6570430994197,
                8.77673483749666
              ],
              [
                -80.65555961736483,
                8.776758419365809
              ],
              [
                -80.65504175744984,
                8.777677026640193
              ],
              [
                -80.65387386757088,
                8.778515779372414
              ],
              [
                -80.65343401238107,
                8.779557592089823
              ],
              [
                -80.65356856283422,
                8.780186968110787
              ],
              [
                -80.65466441855722,
                8.781468763756681
              ],
              [
                -80.6544917000035,
                8.782271145635441
              ],
              [
                -80.65487951870345,
                8.783220905845754
              ],
              [
                -80.65473463658975,
                8.784411369746262
              ],
              [
                -80.65577530967391,
                8.785492408912514
              ],
              [
                -80.65565076588068,
                8.786751699069937
              ],
              [
                -80.65595593262044,
                8.787662917809461
              ],
              [
                -80.65565884766345,
                8.788146371516799
              ],
              [
                -80.65511381333927,
                8.788267180785182
              ],
              [
                -80.65372653671538,
                8.786444004751539
              ],
              [
                -80.65296332236585,
                8.786470657070119
              ],
              [
                -80.65379173105028,
                8.788349327984104
              ],
              [
                -80.6538610237747,
                8.789267983603256
              ],
              [
                -80.65348212518356,
                8.789568529378839
              ],
              [
                -80.65164824944821,
                8.789479819456666
              ],
              [
                -80.65116157941199,
                8.789045826529824
              ],
              [
                -80.65064480444455,
                8.788041282498476
              ],
              [
                -80.64948786177676,
                8.787477225969946
              ],
              [
                -80.64907952097077,
                8.786688983223208
              ],
              [
                -80.64892836162045,
                8.784891830859342
              ],
              [
                -80.64863719086566,
                8.784576973491818
              ],
              [
                -80.64818878889987,
                8.784602540031436
              ],
              [
                -80.64770477681806,
                8.785003789777953
              ],
              [
                -80.64643287527305,
                8.787358424237288
              ],
              [
                -80.64545286401999,
                8.78767880770336
              ],
              [
                -80.64497032885178,
                8.787638720106848
              ],
              [
                -80.6447629443654,
                8.787366703615175
              ],
              [
                -80.64531509764052,
                8.786401515733745
              ],
              [
                -80.64505684594849,
                8.785780685236215
              ],
              [
                -80.64383940457654,
                8.78553207443235
              ],
              [
                -80.64186398426907,
                8.784345328733105
              ],
              [
                -80.63899709033518,
                8.785551345092934
              ],
              [
                -80.63842612694005,
                8.78626997856471
              ],
              [
                -80.63635054774164,
                8.786188824151974
              ],
              [
                -80.6352882861892,
                8.786792701869993
              ],
              [
                -80.63384506019113,
                8.787069847077642
              ],
              [
                -80.6330069843105,
                8.786559630528497
              ],
              [
                -80.63233286557183,
                8.784951720654886
              ],
              [
                -80.6314901860562,
                8.784484436768887
              ],
              [
                -80.63184459357049,
                8.78332300125127
              ],
              [
                -80.63148778688506,
                8.78294062752359
              ],
              [
                -80.62986611593799,
                8.782970489244205
              ],
              [
                -80.62798184479792,
                8.783753122164931
              ],
              [
                -80.62802473919653,
                8.78415585293738
              ],
              [
                -80.62992795997216,
                8.784525193394046
              ],
              [
                -80.6302489688821,
                8.785023457981984
              ],
              [
                -80.63004806370795,
                8.785329916757076
              ],
              [
                -80.62913009078903,
                8.785712044221874
              ],
              [
                -80.62810862655031,
                8.786925046047939
              ],
              [
                -80.62768351359676,
                8.787037366220618
              ],
              [
                -80.6268393942511,
                8.78683221760996
              ],
              [
                -80.6255852047312,
                8.787400682229821
              ],
              [
                -80.62414575726763,
                8.787143080001249
              ],
              [
                -80.6227975953827,
                8.786354547683514
              ],
              [
                -80.62181740640327,
                8.784166199524511
              ],
              [
                -80.62190924211059,
                8.783541024793784
              ],
              [
                -80.62290268737208,
                8.782629823088513
              ],
              [
                -80.6253073921212,
                8.78294377022594
              ],
              [
                -80.6257262783222,
                8.782644391028485
              ],
              [
                -80.62572679967369,
                8.781991082179552
              ],
              [
                -80.6251918074541,
                8.781008584871012
              ],
              [
                -80.62381366463222,
                8.780471606676864
              ],
              [
                -80.62413512976633,
                8.777079411220258
              ],
              [
                -80.62383993644276,
                8.775737333083459
              ],
              [
                -80.55483232134227,
                8.793479247259096
              ],
              [
                -80.54878082213642,
                8.789745354130098
              ],
              [
                -80.54784658365834,
                8.790084706234689
              ],
              [
                -80.5478926168264,
                8.790521820221315
              ],
              [
                -80.54870599029331,
                8.790774093762893
              ],
              [
                -80.54892593267826,
                8.791044007024627
              ],
              [
                -80.5486917902791,
                8.791927449074924
              ],
              [
                -80.54823087011142,
                8.792596121455727
              ],
              [
                -80.54829588206847,
                8.793049736165498
              ],
              [
                -80.54962043824976,
                8.793539119883956
              ],
              [
                -80.55079095730235,
                8.79705771881015
              ],
              [
                -80.55349757761695,
                8.799467625472873
              ],
              [
                -80.55335140630628,
                8.7998831730856
              ],
              [
                -80.5516047561573,
                8.800896558514099
              ],
              [
                -80.55135825671442,
                8.801299589607906
              ],
              [
                -80.55138715232569,
                8.80187758271687
              ],
              [
                -80.55175271032674,
                8.802167387845046
              ],
              [
                -80.55276533269972,
                8.802203460561293
              ],
              [
                -80.55338447599755,
                8.803351718691186
              ],
              [
                -80.5539194243074,
                8.803770537895634
              ],
              [
                -80.55588096472805,
                8.804139494778868
              ],
              [
                -80.55621422213615,
                8.804475213148775
              ],
              [
                -80.55634147315283,
                8.805050605954527
              ],
              [
                -80.55580495407877,
                8.806408541360712
              ],
              [
                -80.55378716991268,
                8.808242522195789
              ],
              [
                -80.55348234209235,
                8.807973265848718
              ],
              [
                -80.55350203677368,
                8.807057476569952
              ],
              [
                -80.55284195237809,
                8.806680214957131
              ],
              [
                -80.5514840229922,
                8.807230409981498
              ],
              [
                -80.55074795128448,
                8.80824092344253
              ],
              [
                -80.55046717493984,
                8.808261545971373
              ],
              [
                -80.55023684255097,
                8.806094895515486
              ],
              [
                -80.54988082484479,
                8.805739168240114
              ],
              [
                -80.54941663484378,
                8.805755807926603
              ],
              [
                -80.54940979724701,
                8.806938747223692
              ],
              [
                -80.5480071643174,
                8.807754503255975
              ],
              [
                -80.54835124490711,
                8.809272908126522
              ],
              [
                -80.54799469504502,
                8.811302207902923
              ],
              [
                -80.54658763137734,
                8.811828398366265
              ],
              [
                -80.54569261265348,
                8.811851105226555
              ],
              [
                -80.54501507178762,
                8.812236605753679
              ],
              [
                -80.54395010396345,
                8.81423868988334
              ],
              [
                -80.5419275873532,
                8.814891337661187
              ],
              [
                -80.54076495887297,
                8.817315628479477
              ],
              [
                -80.54043249818952,
                8.818916659501483
              ],
              [
                -80.54067848296359,
                8.819753250798167
              ],
              [
                -80.54204074887474,
                8.820850154583892
              ],
              [
                -80.54284138416403,
                8.820876923190117
              ],
              [
                -80.54320190867321,
                8.821249803704747
              ],
              [
                -80.5428443394349,
                8.823175683774135
              ],
              [
                -80.54294489180978,
                8.824339374663117
              ],
              [
                -80.5440296178386,
                8.826877552858308
              ],
              [
                -80.54444507780532,
                8.829119406959252
              ],
              [
                -80.54405807770024,
                8.830833455360697
              ],
              [
                -80.54408419156788,
                8.832908683246293
              ],
              [
                -80.54351698628624,
                8.834695702667442
              ],
              [
                -80.54282417962935,
                8.835618362434762
              ],
              [
                -80.54273062022867,
                8.83641666195311
              ],
              [
                -80.54320247602581,
                8.837047891381596
              ],
              [
                -80.54433857735312,
                8.837220337099211
              ],
              [
                -80.54514409823318,
                8.837622141511936
              ],
              [
                -80.54571876544645,
                8.838386247388607
              ],
              [
                -80.5461626596651,
                8.839708882047624
              ],
              [
                -80.54589367611018,
                8.841823956530325
              ],
              [
                -80.54290620603511,
                8.846798414242315
              ],
              [
                -80.54302018866622,
                8.847738547011662
              ],
              [
                -80.5440021219383,
                8.850124505760553
              ],
              [
                -80.54513243129841,
                8.851498145035984
              ],
              [
                -80.54563893029382,
                8.852952133662095
              ],
              [
                -80.54555420713278,
                8.853598762986897
              ],
              [
                -80.54482181127123,
                8.854319867619978
              ],
              [
                -80.54510108358541,
                8.855538424199477
              ],
              [
                -80.54457463033629,
                8.85674613636386
              ],
              [
                -80.54483816557794,
                8.857470860182481
              ],
              [
                -80.54599862136149,
                8.858819897780775
              ],
              [
                -80.54622362025395,
                8.859680200245226
              ],
              [
                -80.54554434911483,
                8.861325922789351
              ],
              [
                -80.54521315445322,
                8.861583212550821
              ],
              [
                -80.54388406822987,
                8.86170491719657
              ],
              [
                -80.54306355954881,
                8.86202455657696
              ],
              [
                -80.54264356880381,
                8.862549879964988
              ],
              [
                -80.5426303991149,
                8.863322935249677
              ],
              [
                -80.5430614851795,
                8.864223939031794
              ],
              [
                -80.54377080898047,
                8.86457381022087
              ],
              [
                -80.54693508817888,
                8.863720663743509
              ],
              [
                -80.54781417097662,
                8.86383313386694
              ],
              [
                -80.54926969205202,
                8.864864531675918
              ],
              [
                -80.55011720478791,
                8.86622427121996
              ],
              [
                -80.5500018663998,
                8.86828699537285
              ],
              [
                -80.54974538836356,
                8.86948951523815
              ],
              [
                -80.5487281522747,
                8.871952811905173
              ],
              [
                -80.54857618914045,
                8.87362819200621
              ],
              [
                -80.54700115466841,
                8.875948795816385
              ],
              [
                -80.54586997307379,
                8.876847213416323
              ],
              [
                -80.54572207537758,
                8.877242531619043
              ],
              [
                -80.54589855254778,
                8.877769870948383
              ],
              [
                -80.5465376621087,
                8.87802523584812
              ],
              [
                -80.54774487828547,
                8.877506475079928
              ],
              [
                -80.54913115836136,
                8.877733478035186
              ],
              [
                -80.54982625293717,
                8.877595761979066
              ],
              [
                -80.55059890240292,
                8.876224890689366
              ],
              [
                -80.55094041260061,
                8.874016608525679
              ],
              [
                -80.55138760803918,
                8.873239521847996
              ],
              [
                -80.55273792555583,
                8.872740443475907
              ],
              [
                -80.55347503706308,
                8.872068899409147
              ],
              [
                -80.55531636880612,
                8.871798468515438
              ],
              [
                -80.55626817740848,
                8.872035735396747
              ],
              [
                -80.55669756238525,
                8.872470499592746
              ],
              [
                -80.55703423174128,
                8.873666577804642
              ],
              [
                -80.55624132228367,
                8.875423295891878
              ],
              [
                -80.55608694427518,
                8.877121466047521
              ],
              [
                -80.5575190111912,
                8.878978731915096
              ],
              [
                -80.55939638442507,
                8.878999469483883
              ],
              [
                -80.56011671513761,
                8.879340671220952
              ],
              [
                -80.56069127156191,
                8.879936321072734
              ],
              [
                -80.56091660256861,
                8.880836649083605
              ],
              [
                -80.56081737308322,
                8.881658736660338
              ],
              [
                -80.56191335477578,
                8.8846233475328
              ],
              [
                -80.56138608824598,
                8.886434217225911
              ],
              [
                -80.56054412394255,
                8.887036053554377
              ],
              [
                -80.55949797222758,
                8.887221157580376
              ],
              [
                -80.55889947756157,
                8.88766107368354
              ],
              [
                -80.55680790076681,
                8.887776834775565
              ],
              [
                -80.55319765942114,
                8.887102209361512
              ],
              [
                -80.55276247109838,
                8.887138347510138
              ],
              [
                -80.55253002744729,
                8.88742639324671
              ],
              [
                -80.55245498385956,
                8.887949641797311
              ],
              [
                -80.55277883416828,
                8.888596825251735
              ],
              [
                -80.5539344791412,
                8.889848845375244
              ],
              [
                -80.55447485507366,
                8.890811067399834
              ],
              [
                -80.55576167413814,
                8.891994802800001
              ],
              [
                -80.55639725655384,
                8.894063822384046
              ],
              [
                -80.55621706573227,
                8.895483576479345
              ],
              [
                -80.55554753090524,
                8.896036744758671
              ],
              [
                -80.55426739401322,
                8.89595978471858
              ],
              [
                -80.55353223229682,
                8.895533133994869
              ],
              [
                -80.55303018710673,
                8.894871329774563
              ],
              [
                -80.55195757022165,
                8.894402948729708
              ],
              [
                -80.5513306606654,
                8.894615241038215
              ],
              [
                -80.55090458776925,
                8.89545647099072
              ],
              [
                -80.55090468363896,
                8.897630444706744
              ],
              [
                -80.55142249710134,
                8.898843156888839
              ],
              [
                -80.55215501903957,
                8.899774331835593
              ],
              [
                -80.55209715311742,
                8.901428470216429
              ],
              [
                -80.55148325477484,
                8.903769538230238
              ],
              [
                -80.55145726841816,
                8.90464957020882
              ],
              [
                -80.55203710704062,
                8.90558561860268
              ],
              [
                -80.55325314295382,
                8.90653392018814
              ],
              [
                -80.55344394845424,
                8.9072455230065
              ],
              [
                -80.55269835958318,
                8.908037167162536
              ],
              [
                -80.55014313156512,
                8.908601226884766
              ],
              [
                -80.54776887723825,
                8.90992780345021
              ],
              [
                -80.54697708574555,
                8.911706003492467
              ],
              [
                -80.54738421376167,
                8.913059174682008
              ],
              [
                -80.54741358863865,
                8.914311201162874
              ],
              [
                -80.54794270987594,
                8.915662083579717
              ],
              [
                -80.5479291810275,
                8.916671639205244
              ],
              [
                -80.54682498490506,
                8.918392517379818
              ],
              [
                -80.5440298187742,
                8.919859851802988
              ],
              [
                -80.54365200555709,
                8.92037776309879
              ],
              [
                -80.54379662073633,
                8.921068740533613
              ],
              [
                -80.54503419080159,
                8.92207026448468
              ],
              [
                -80.54560515203194,
                8.923043136026083
              ],
              [
                -80.54725444591887,
                8.923610883970245
              ],
              [
                -80.5491615797771,
                8.924786644776123
              ],
              [
                -80.54965932676645,
                8.925342705228829
              ],
              [
                -80.5489339754228,
                8.929374628373715
              ],
              [
                -80.55004960374191,
                8.932421704050464
              ],
              [
                -80.54925119445176,
                8.934156942952344
              ],
              [
                -80.54872662524728,
                8.934314389434885
              ],
              [
                -80.54765025935005,
                8.933810965429446
              ],
              [
                -80.54534743322051,
                8.931997431413642
              ],
              [
                -80.54490173883097,
                8.93128997125625
              ],
              [
                -80.54404584816976,
                8.930570953233316
              ],
              [
                -80.5421910170546,
                8.93053098921121
              ],
              [
                -80.54156440822528,
                8.931000468246408
              ],
              [
                -80.54164772187,
                8.93164901791525
              ],
              [
                -80.54427370099643,
                8.932967194757056
              ],
              [
                -80.54543931980096,
                8.93393860869264
              ],
              [
                -80.54599356094701,
                8.934903617599177
              ],
              [
                -80.54569799988197,
                8.93588156300262
              ],
              [
                -80.54410118159608,
                8.936797489525448
              ],
              [
                -80.54295757540741,
                8.93706594505065
              ],
              [
                -80.5420209255684,
                8.937010554994567
              ],
              [
                -80.54033785585942,
                8.937529986839966
              ],
              [
                -80.53857910743397,
                8.938674184819357
              ],
              [
                -80.5366371703395,
                8.939448906697576
              ],
              [
                -80.53540006408079,
                8.940923095905703
              ],
              [
                -80.53515647712788,
                8.941538438060102
              ],
              [
                -80.53258037529939,
                8.941602039381817
              ],
              [
                -80.53159539013859,
                8.94103978518328
              ],
              [
                -80.53097363002585,
                8.939741955222358
              ],
              [
                -80.53130892411065,
                8.938965149694523
              ],
              [
                -80.53321127499112,
                8.936845905386244
              ],
              [
                -80.53329142518429,
                8.935897136217068
              ],
              [
                -80.53250492528747,
                8.934591479247834
              ],
              [
                -80.52945435610239,
                8.931800663409607
              ],
              [
                -80.52867569892553,
                8.929207362468766
              ],
              [
                -80.52824246234027,
                8.928617298979733
              ],
              [
                -80.52762552854719,
                8.928272350540743
              ],
              [
                -80.51961649384171,
                8.925997198873427
              ],
              [
                -80.51789678645277,
                8.926248292125749
              ],
              [
                -80.5169128249056,
                8.926659153167336
              ],
              [
                -80.51592704582922,
                8.927628031786051
              ],
              [
                -80.51546435881859,
                8.929034416249593
              ],
              [
                -80.51461504194945,
                8.929149500022087
              ],
              [
                -80.51114654119033,
                8.925418612399383
              ],
              [
                -80.51118403865782,
                8.924601468447191
              ],
              [
                -80.51229524244015,
                8.92281996674544
              ],
              [
                -80.51232304826073,
                8.92233147564257
              ],
              [
                -80.51201919941386,
                8.921685709249893
              ],
              [
                -80.51010141221451,
                8.92093834959617
              ],
              [
                -80.50851576542063,
                8.920722565527191
              ],
              [
                -80.50793306542448,
                8.921195407654919
              ],
              [
                -80.50729798159014,
                8.922325340698663
              ],
              [
                -80.50653374241425,
                8.923131724570021
              ],
              [
                -80.50620956098766,
                8.923976287583072
              ],
              [
                -80.50538579536183,
                8.92411621359752
              ],
              [
                -80.50351042762681,
                8.922143296710656
              ],
              [
                -80.50314241191225,
                8.921485862583179
              ],
              [
                -80.50308373512148,
                8.92039988223088
              ],
              [
                -80.50351175486622,
                8.918767469235659
              ],
              [
                -80.50340694340225,
                8.918203517677961
              ],
              [
                -80.50305834925476,
                8.91792046039349
              ],
              [
                -80.50163170643553,
                8.918281040535833
              ],
              [
                -80.50026349737733,
                8.919130372430438
              ],
              [
                -80.49907732545326,
                8.920613415782867
              ],
              [
                -80.4982117767292,
                8.922677463424522
              ],
              [
                -80.49767623344198,
                8.92296220693765
              ],
              [
                -80.49722076544487,
                8.922815321948205
              ],
              [
                -80.49559462772386,
                8.921402508787084
              ],
              [
                -80.49307132755426,
                8.920686220238037
              ],
              [
                -80.4908038322714,
                8.919586116376395
              ],
              [
                -80.48894516486854,
                8.918063633011176
              ],
              [
                -80.48751399929257,
                8.916130503233914
              ],
              [
                -80.4863533861273,
                8.91580613198183
              ],
              [
                -80.48430514062731,
                8.914535531920123
              ],
              [
                -80.48401083904231,
                8.913942975375212
              ],
              [
                -80.4842809964231,
                8.912324118975299
              ],
              [
                -80.48392764477951,
                8.91202079866041
              ],
              [
                -80.48287419361274,
                8.912162270937552
              ],
              [
                -80.48083152329166,
                8.913729978219175
              ],
              [
                -80.47886214312268,
                8.914421245109889
              ],
              [
                -80.47369386972944,
                8.91473299678917
              ],
              [
                -80.46928229333612,
                8.914174956474836
              ],
              [
                -80.4658740036698,
                8.914616934920106
              ],
              [
                -80.46494173660898,
                8.914101171360532
              ],
              [
                -80.4645172060569,
                8.912699304387772
              ],
              [
                -80.4641275428531,
                8.912168421124903
              ],
              [
                -80.46335086555294,
                8.9115655004054
              ],
              [
                -80.4626898822903,
                8.911416844380366
              ],
              [
                -80.46129830602838,
                8.911904855224643
              ],
              [
                -80.46023786040678,
                8.912663490835211
              ],
              [
                -80.45947192883898,
                8.913553130374705
              ],
              [
                -80.45868512957075,
                8.915042465812718
              ],
              [
                -80.45818412941242,
                8.915277426688807
              ],
              [
                -80.45754062943888,
                8.915246377460958
              ],
              [
                -80.45706485801072,
                8.914964286542995
              ],
              [
                -80.45489564138887,
                8.911511530713494
              ],
              [
                -80.45347927089135,
                8.90999675110797
              ],
              [
                -80.45138490843566,
                8.908720354615927
              ],
              [
                -80.44849810455108,
                8.90753396514166
              ],
              [
                -80.4461754465804,
                8.906280466559801
              ],
              [
                -80.44521508769836,
                8.905231438378896
              ],
              [
                -80.44451049842124,
                8.903671390794521
              ],
              [
                -80.44322109807442,
                8.902423073717383
              ],
              [
                -80.44214040107833,
                8.900828409883392
              ],
              [
                -80.43982866312498,
                8.89984934275489
              ],
              [
                -80.43906014492659,
                8.899293272226878
              ],
              [
                -80.43888935242163,
                8.898476613727732
              ],
              [
                -80.4400089516521,
                8.897195201218995
              ],
              [
                -80.43994378268262,
                8.896080697946942
              ],
              [
                -80.43939889992852,
                8.895540772041226
              ],
              [
                -80.43840125383619,
                8.89514022897211
              ],
              [
                -80.43606150589166,
                8.895164305787718
              ],
              [
                -80.43498883977487,
                8.89458801625628
              ],
              [
                -80.434283051321,
                8.893270157203862
              ],
              [
                -80.43413113684588,
                8.890731319599244
              ],
              [
                -80.43378288780512,
                8.890178502066648
              ],
              [
                -80.43317051312225,
                8.889944684391132
              ],
              [
                -80.43148554090057,
                8.890300161013311
              ],
              [
                -80.43027376763126,
                8.890171948226273
              ],
              [
                -80.42926385427275,
                8.889695184216945
              ],
              [
                -80.42819706021419,
                8.888449942232041
              ],
              [
                -80.42675476115667,
                8.888486779042198
              ],
              [
                -80.42504897676926,
                8.887707740372493
              ],
              [
                -80.4242824491332,
                8.887764855358057
              ],
              [
                -80.42237120112453,
                8.88842936261475
              ],
              [
                -80.42154773659502,
                8.88837514646238
              ],
              [
                -80.42101619383526,
                8.88799538190104
              ],
              [
                -80.41977716382651,
                8.885928845582303
              ],
              [
                -80.41888673804374,
                8.884927952052982
              ],
              [
                -80.41792009855668,
                8.88426859221301
              ],
              [
                -80.4165352852619,
                8.8837238020974
              ],
              [
                -80.41565561143967,
                8.883604643382895
              ],
              [
                -80.41455982955259,
                8.883787071740139
              ],
              [
                -80.41407952468408,
                8.88411298577601
              ],
              [
                -80.41361806292107,
                8.884840186592655
              ],
              [
                -80.41301435032295,
                8.884938772969795
              ],
              [
                -80.41244433132607,
                8.884350526858729
              ],
              [
                -80.41177608804199,
                8.880662389246114
              ],
              [
                -80.41109106814983,
                8.879905357213026
              ],
              [
                -80.41022938701519,
                8.879742815623047
              ],
              [
                -80.40839961054641,
                8.880027442089375
              ],
              [
                -80.40662219938564,
                8.880726147681987
              ],
              [
                -80.40559003020171,
                8.881380587241553
              ],
              [
                -80.40468445839083,
                8.881554613108497
              ],
              [
                -80.4032913040828,
                8.881311476511527
              ],
              [
                -80.40017565424338,
                8.88000809122704
              ],
              [
                -80.39934477155026,
                8.879863516210445
              ],
              [
                -80.39854174516412,
                8.88010752345397
              ],
              [
                -80.39673707619727,
                8.881417647684637
              ],
              [
                -80.39570235405418,
                8.8817352817798
              ],
              [
                -80.39427907889166,
                8.881660978512611
              ],
              [
                -80.39271945188393,
                8.880857240240319
              ],
              [
                -80.39190385322833,
                8.88071413702414
              ],
              [
                -80.38802566007104,
                8.881969407053523
              ],
              [
                -80.38424044364828,
                8.88133229007915
              ],
              [
                -80.3814913361899,
                8.881432154806145
              ],
              [
                -80.38007479044929,
                8.880562467366353
              ],
              [
                -80.37671038834034,
                8.879543576429453
              ],
              [
                -80.37594678016056,
                8.878760114035565
              ],
              [
                -80.3739620681593,
                8.874429586621146
              ],
              [
                -80.37229146757014,
                8.872339118392363
              ],
              [
                -80.37071780872951,
                8.871666967072825
              ],
              [
                -80.3684000756676,
                8.872033629940939
              ],
              [
                -80.3675460677841,
                8.871407497111628
              ],
              [
                -80.3671294536997,
                8.870462103123714
              ],
              [
                -80.36648399355799,
                8.867176441202087
              ],
              [
                -80.36650326111385,
                8.862996637432492
              ],
              [
                -80.36589587738459,
                8.861477497151208
              ],
              [
                -80.26834336938595,
                8.958648847507215
              ],
              [
                -80.23973373130767,
                8.990111819584186
              ],
              [
                -80.2397911681257,
                8.988573605415668
              ],
              [
                -80.23945457091621,
                8.988160290025483
              ],
              [
                -80.23941170993203,
                8.987523045546872
              ],
              [
                -80.23900661342505,
                8.98728443002346
              ],
              [
                -80.23677089496431,
                8.98836967973123
              ],
              [
                -80.23459704472283,
                8.989758939627913
              ],
              [
                -80.23402218177011,
                8.989891668057531
              ],
              [
                -80.23360663513387,
                8.989653972844062
              ],
              [
                -80.23272508338815,
                8.986786004859797
              ],
              [
                -80.23247527992865,
                8.984626276727168
              ],
              [
                -80.23188107625167,
                8.9840498766953
              ],
              [
                -80.23164222511139,
                8.983107041818085
              ],
              [
                -80.23082547271721,
                8.982787391055957
              ],
              [
                -80.23048387791052,
                8.982144186003477
              ],
              [
                -80.23067793670435,
                8.981273726669365
              ],
              [
                -80.23041538832024,
                8.980282606716
              ],
              [
                -80.23092145711209,
                8.980069593158541
              ],
              [
                -80.23130152868933,
                8.97916191979293
              ],
              [
                -80.23116441602784,
                8.978841761988201
              ],
              [
                -80.22963108016543,
                8.979026658777029
              ],
              [
                -80.22656668525325,
                8.980253050568786
              ],
              [
                -80.22543713735169,
                8.980044285780728
              ],
              [
                -80.22404624094156,
                8.979113921058964
              ],
              [
                -80.22303527842564,
                8.979834159021342
              ],
              [
                -80.22155353344596,
                8.979925328073296
              ],
              [
                -80.2211627947497,
                8.98014957678758
              ],
              [
                -80.22092038198296,
                8.980725908890319
              ],
              [
                -80.22082213445319,
                8.982230489219953
              ],
              [
                -80.21999652839308,
                8.983728625211514
              ],
              [
                -80.21894901272275,
                8.984809368783036
              ],
              [
                -80.21817331310095,
                8.986281365722663
              ],
              [
                -80.21861744643917,
                8.988441847365678
              ],
              [
                -80.21802024081119,
                8.990206398657818
              ],
              [
                -80.21826584610787,
                8.991162908868256
              ],
              [
                -80.21814157674766,
                8.991801060897975
              ],
              [
                -80.21676925409714,
                8.993231766016926
              ],
              [
                -80.21541492511994,
                8.992509720088917
              ],
              [
                -80.2147811241516,
                8.992409592728288
              ],
              [
                -80.21415230901903,
                8.992643039722271
              ],
              [
                -80.21404987869406,
                8.99297737197255
              ],
              [
                -80.21433283075847,
                8.994023302062764
              ],
              [
                -80.21324580690354,
                8.99467905421157
              ],
              [
                -80.21279579708276,
                8.99535924763277
              ],
              [
                -80.21260436157263,
                8.996756528245006
              ],
              [
                -80.2127573160484,
                8.99774094353674
              ],
              [
                -80.21230844345466,
                9.000364987586753
              ],
              [
                -80.21161195156303,
                9.000944142463572
              ],
              [
                -80.21064302268469,
                9.000419758117822
              ],
              [
                -80.21041312903039,
                9.000533420354339
              ],
              [
                -80.21025119162417,
                9.00240237218431
              ],
              [
                -80.21120891973763,
                9.004234748527136
              ],
              [
                -80.2099947391516,
                9.005954952233704
              ],
              [
                -80.20978106771165,
                9.007348224634955
              ],
              [
                -80.20991351400126,
                9.0084325579731
              ],
              [
                -80.20942276800446,
                9.009502460527912
              ],
              [
                -80.2096439715761,
                9.010285117801052
              ],
              [
                -80.2094315678094,
                9.011207932247236
              ],
              [
                -80.20953529138099,
                9.012027111103512
              ],
              [
                -80.20881184603547,
                9.012820988649494
              ],
              [
                -80.2087177409031,
                9.01381434414072
              ],
              [
                -80.207600584174,
                9.014149137112726
              ],
              [
                -80.20715187736593,
                9.01451309138555
              ],
              [
                -80.2072053113363,
                9.01486579682393
              ],
              [
                -80.20794871328413,
                9.015486138657508
              ],
              [
                -80.20754594771749,
                9.016781830913317
              ],
              [
                -80.20728218790401,
                9.017023358978426
              ],
              [
                -80.20639503958596,
                9.017158294837182
              ],
              [
                -80.20616776699757,
                9.018499037695147
              ],
              [
                -80.20576482437238,
                9.01930913091259
              ],
              [
                -80.20477343656992,
                9.019568223531152
              ],
              [
                -80.20458927187869,
                9.019831474826486
              ],
              [
                -80.20466503729676,
                9.02009870541369
              ],
              [
                -80.2052092101963,
                9.020343127459297
              ],
              [
                -80.2066864352459,
                9.020556255564697
              ],
              [
                -80.20718255770007,
                9.023951208225423
              ],
              [
                -80.20693454870089,
                9.02451255694601
              ],
              [
                -80.20599347213503,
                9.02479962648713
              ],
              [
                -80.20569539512015,
                9.025116979689868
              ],
              [
                -80.20478667503453,
                9.02811575283757
              ],
              [
                -80.20497071033803,
                9.031290691245644
              ],
              [
                -80.20389754487843,
                9.032798707626544
              ],
              [
                -80.2036947834257,
                9.033467911377615
              ],
              [
                -80.20408801674445,
                9.035354922987809
              ],
              [
                -80.20369229764505,
                9.037714948543984
              ],
              [
                -80.20444463980094,
                9.038590693536209
              ],
              [
                -80.20563459234802,
                9.039327724019529
              ],
              [
                -80.20605628016905,
                9.040150453556263
              ],
              [
                -80.20581914022185,
                9.042077836357427
              ],
              [
                -80.20610431745227,
                9.043964693980268
              ],
              [
                -80.20578399163672,
                9.046302605636493
              ],
              [
                -80.20543377327529,
                9.04683152772615
              ],
              [
                -80.20481188930982,
                9.047193410001894
              ],
              [
                -80.20427997844791,
                9.048239975667943
              ],
              [
                -80.20285652707503,
                9.04871114443481
              ],
              [
                -80.2019200925515,
                9.049420299951072
              ],
              [
                -80.20184713527114,
                9.05044996819453
              ],
              [
                -80.20219010621634,
                9.051768762827184
              ],
              [
                -80.20153468864858,
                9.052572553958296
              ],
              [
                -80.19985778316817,
                9.053867054367872
              ],
              [
                -80.19955086671564,
                9.05478169943046
              ],
              [
                -80.19962450017097,
                9.055912132678758
              ],
              [
                -80.19932794843648,
                9.056605350437485
              ],
              [
                -80.19858018737682,
                9.056524714216726
              ],
              [
                -80.1975018717079,
                9.056825903434445
              ],
              [
                -80.19632230265526,
                9.056608111925113
              ],
              [
                -80.1949059379449,
                9.057951124021393
              ],
              [
                -80.19507445958975,
                9.057087179392152
              ],
              [
                -80.1950772616631,
                9.056854624583643
              ]
            ]
          ]
        ]
      }
    }
  ]
}
