{
  "features": [
    {
      "geometry": {
        "coordinates": [
          -80.17323,
          8.366005
        ],
        "type": "Point"
      },
      "properties": {
        "configuration_id": "r1500_t06",
        "day_fraction": 0.0,
        "daynight_known_count": 2,
        "detection_count": 2,
        "duration_hours": 0.383333,
        "end_time_utc": "2025-04-02T06:58:00Z",
        "frp_max_mw": 1.38,
        "frp_mean_mw": 1.025,
        "frp_median_mw": 1.025,
        "frp_min_mw": 0.67,
        "frp_sum_mw": 2.05,
        "night_fraction": 1.0,
        "optical_cohort_status": "not_in_cohort",
        "possible_chain_merge": false,
        "public_event_id": "evt-0001",
        "satellite_count": 2,
        "satellites": [
          "N",
          "N20"
        ],
        "source_count": 2,
        "start_time_utc": "2025-04-02T06:35:00Z"
      },
      "type": "Feature"
    },
    {
      "geometry": {
        "coordinates": [
          -80.23553,
          8.89829
        ],
        "type": "Point"
      },
      "properties": {
        "configuration_id": "r1500_t06",
        "day_fraction": 1.0,
        "daynight_known_count": 1,
        "detection_count": 1,
        "duration_hours": 0.0,
        "end_time_utc": "2025-03-29T18:56:00Z",
        "frp_max_mw": 2.88,
        "frp_mean_mw": 2.88,
        "frp_median_mw": 2.88,
        "frp_min_mw": 2.88,
        "frp_sum_mw": 2.88,
        "night_fraction": 0.0,
        "optical_cohort_status": "not_in_cohort",
        "possible_chain_merge": false,
        "public_event_id": "evt-0002",
        "satellite_count": 1,
        "satellites": [
          "N"
        ],
        "source_count": 1,
        "start_time_utc": "2025-03-29T18:56:00Z"
      },
      "type": "Feature"
    },
    {
      "geometry": {
        "coordinates": [
          -80.61739,
          8.6248
        ],
        "type": "Point"
      },
      "properties": {
        "configuration_id": "r1500_t06",
        "day_fraction": 1.0,
        "daynight_known_count": 1,
        "detection_count": 1,
        "duration_hours": 0.0,
        "end_time_utc": "2025-03-15T18:41:00Z",
        "frp_max_mw": 11.82,
        "frp_mean_mw": 11.82,
        "frp_median_mw": 11.82,
        "frp_min_mw": 11.82,
        "frp_sum_mw": 11.82,
        "night_fraction": 0.0,
        "optical_cohort_status": "not_in_cohort",
        "possible_chain_merge": false,
        "public_event_id": "evt-0003",
        "satellite_count": 1,
        "satellites": [
          "N20"
        ],
        "source_count": 1,
        "start_time_utc": "2025-03-15T18:41:00Z"
      },
      "type": "Feature"
    },
    {
      "geometry": {
        "coordinates": [
          -80.190751,
          8.347443
        ],
        "type": "Point"
      },
      "properties": {
        "configuration_id": "r1500_t06",
        "day_fraction": 1.0,
        "daynight_known_count": 7,
        "detection_count": 7,
        "duration_hours": 0.383333,
        "end_time_utc": "2025-03-19T19:06:00Z",
        "frp_max_mw": 12.64,
        "frp_mean_mw": 5.877143,
        "frp_median_mw": 4.96,
        "frp_min_mw": 3.56,
        "frp_sum_mw": 41.14,
        "night_fraction": 0.0,
        "optical_cohort_status": "not_in_cohort",
        "possible_chain_merge": false,
        "public_event_id": "evt-0004",
        "satellite_count": 2,
        "satellites": [
          "N",
          "N20"
        ],
        "source_count": 2,
        "start_time_utc": "2025-03-19T18:43:00Z"
      },
      "type": "Feature"
    },
    {
      "geometry": {
        "coordinates": [
          -80.234525,
          8.703905
        ],
        "type": "Point"
      },
      "properties": {
        "configuration_id": "r1500_t06",
        "day_fraction": 1.0,
        "daynight_known_count": 2,
        "detection_count": 2,
        "duration_hours": 0.0,
        "end_time_utc": "2025-03-12T19:15:00Z",
        "frp_max_mw": 8.18,
        "frp_mean_mw": 8.18,
        "frp_median_mw": 8.18,
        "frp_min_mw": 8.18,
        "frp_sum_mw": 16.36,
        "night_fraction": 0.0,
        "optical_cohort_status": "not_in_cohort",
        "possible_chain_merge": false,
        "public_event_id": "evt-0005",
        "satellite_count": 1,
        "satellites": [
          "N"
        ],
        "source_count": 1,
        "start_time_utc": "2025-03-12T19:15:00Z"
      },
      "type": "Feature"
    },
    {
      "geometry": {
        "coordinates": [
          -80.18211,
          8.92463
        ],
        "type": "Point"
      },
      "properties": {
        "configuration_id": "r1500_t06",
        "day_fraction": 1.0,
        "daynight_known_count": 2,
        "detection_count": 2,
        "duration_hours": 0.366667,
        "end_time_utc": "2025-04-16T18:41:00Z",
        "frp_max_mw": 6.15,
        "frp_mean_mw": 6.005,
        "frp_median_mw": 6.005,
        "frp_min_mw": 5.86,
        "frp_sum_mw": 12.01,
        "night_fraction": 0.0,
        "optical_cohort_status": "not_in_cohort",
        "possible_chain_merge": false,
        "public_event_id": "evt-0006",
        "satellite_count": 2,
        "satellites": [
          "N",
          "N20"
        ],
        "source_count": 2,
        "start_time_utc": "2025-04-16T18:19:00Z"
      },
      "type": "Feature"
    },
    {
      "geometry": {
        "coordinates": [
          -80.696995,
          8.307545
        ],
        "type": "Point"
      },
      "properties": {
        "configuration_id": "r1500_t06",
        "day_fraction": 1.0,
        "daynight_known_count": 2,
        "detection_count": 2,
        "duration_hours": 0.383333,
        "end_time_utc": "2025-04-16T18:41:00Z",
        "frp_max_mw": 15.25,
        "frp_mean_mw": 10.105,
        "frp_median_mw": 10.105,
        "frp_min_mw": 4.96,
        "frp_sum_mw": 20.21,
        "night_fraction": 0.0,
        "optical_cohort_status": "not_in_cohort",
        "possible_chain_merge": false,
        "public_event_id": "evt-0007",
        "satellite_count": 2,
        "satellites": [
          "N",
          "N20"
        ],
        "source_count": 2,
        "start_time_utc": "2025-04-16T18:18:00Z"
      },
      "type": "Feature"
    },
    {
      "geometry": {
        "coordinates": [
          -80.26624,
          8.43322
        ],
        "type": "Point"
      },
      "properties": {
        "configuration_id": "r1500_t06",
        "day_fraction": 1.0,
        "daynight_known_count": 1,
        "detection_count": 1,
        "duration_hours": 0.0,
        "end_time_utc": "2025-04-09T18:50:00Z",
        "frp_max_mw": 3.84,
        "frp_mean_mw": 3.84,
        "frp_median_mw": 3.84,
        "frp_min_mw": 3.84,
        "frp_sum_mw": 3.84,
        "night_fraction": 0.0,
        "optical_cohort_status": "not_in_cohort",
        "possible_chain_merge": false,
        "public_event_id": "evt-0008",
        "satellite_count": 1,
        "satellites": [
          "N"
        ],
        "source_count": 1,
        "start_time_utc": "2025-04-09T18:50:00Z"
      },
      "type": "Feature"
    },
    {
      "geometry": {
        "coordinates": [
          -80.73648,
          8.39599
        ],
        "type": "Point"
      },
      "properties": {
        "configuration_id": "r1500_t06",
        "day_fraction": 1.0,
        "daynight_known_count": 1,
        "detection_count": 1,
        "duration_hours": 0.0,
        "end_time_utc": "2025-03-11T18:16:00Z",
        "frp_max_mw": 20.22,
        "frp_mean_mw": 20.22,
        "frp_median_mw": 20.22,
        "frp_min_mw": 20.22,
        "frp_sum_mw": 20.22,
        "night_fraction": 0.0,
        "optical_cohort_status": "not_in_cohort",
        "possible_chain_merge": false,
        "public_event_id": "evt-0009",
        "satellite_count": 1,
        "satellites": [
          "N20"
        ],
        "source_count": 1,
        "start_time_utc": "2025-03-11T18:16:00Z"
      },
      "type": "Feature"
    },
    {
      "geometry": {
        "coordinates": [
          -80.22464,
          8.883077
        ],
        "type": "Point"
      },
      "properties": {
        "configuration_id": "r1500_t06",
        "day_fraction": 1.0,
        "daynight_known_count": 3,
        "detection_count": 3,
        "duration_hours": 0.366667,
        "end_time_utc": "2025-03-29T19:18:00Z",
        "frp_max_mw": 4.03,
        "frp_mean_mw": 3.663333,
        "frp_median_mw": 3.54,
        "frp_min_mw": 3.42,
        "frp_sum_mw": 10.99,
        "night_fraction": 0.0,
        "optical_cohort_status": "not_in_cohort",
        "possible_chain_merge": false,
        "public_event_id": "evt-0010",
        "satellite_count": 2,
        "satellites": [
          "N",
          "N20"
        ],
        "source_count": 2,
        "start_time_utc": "2025-03-29T18:56:00Z"
      },
      "type": "Feature"
    },
    {
      "geometry": {
        "coordinates": [
          -80.57106,
          8.24712
        ],
        "type": "Point"
      },
      "properties": {
        "configuration_id": "r1500_t06",
        "day_fraction": 1.0,
        "daynight_known_count": 1,
        "detection_count": 1,
        "duration_hours": 0.0,
        "end_time_utc": "2025-03-11T18:16:00Z",
        "frp_max_mw": 5.34,
        "frp_mean_mw": 5.34,
        "frp_median_mw": 5.34,
        "frp_min_mw": 5.34,
        "frp_sum_mw": 5.34,
        "night_fraction": 0.0,
        "optical_cohort_status": "not_in_cohort",
        "possible_chain_merge": false,
        "public_event_id": "evt-0011",
        "satellite_count": 1,
        "satellites": [
          "N20"
        ],
        "source_count": 1,
        "start_time_utc": "2025-03-11T18:16:00Z"
      },
      "type": "Feature"
    },
    {
      "geometry": {
        "coordinates": [
          -80.57321,
          8.29553
        ],
        "type": "Point"
      },
      "properties": {
        "configuration_id": "r1500_t06",
        "day_fraction": 0.0,
        "daynight_known_count": 1,
        "detection_count": 1,
        "duration_hours": 0.0,
        "end_time_utc": "2025-03-26T07:06:00Z",
        "frp_max_mw": 0.56,
        "frp_mean_mw": 0.56,
        "frp_median_mw": 0.56,
        "frp_min_mw": 0.56,
        "frp_sum_mw": 0.56,
        "night_fraction": 1.0,
        "optical_cohort_status": "not_in_cohort",
        "possible_chain_merge": false,
        "public_event_id": "evt-0012",
        "satellite_count": 1,
        "satellites": [
          "N"
        ],
        "source_count": 1,
        "start_time_utc": "2025-03-26T07:06:00Z"
      },
      "type": "Feature"
    },
    {
      "geometry": {
        "coordinates": [
          -80.19469,
          8.65145
        ],
        "type": "Point"
      },
      "properties": {
        "configuration_id": "r1500_t06",
        "day_fraction": 1.0,
        "daynight_known_count": 1,
        "detection_count": 1,
        "duration_hours": 0.0,
        "end_time_utc": "2025-04-08T19:08:00Z",
        "frp_max_mw": 2.56,
        "frp_mean_mw": 2.56,
        "frp_median_mw": 2.56,
        "frp_min_mw": 2.56,
        "frp_sum_mw": 2.56,
        "night_fraction": 0.0,
        "optical_cohort_status": "observable",
        "possible_chain_merge": false,
        "public_event_id": "evt-0013",
        "satellite_count": 1,
        "satellites": [
          "N"
        ],
        "source_count": 1,
        "start_time_utc": "2025-04-08T19:08:00Z"
      },
      "type": "Feature"
    },
    {
      "geometry": {
        "coordinates": [
          -80.601735,
          8.288085
        ],
        "type": "Point"
      },
      "properties": {
        "configuration_id": "r1500_t06",
        "day_fraction": 1.0,
        "daynight_known_count": 2,
        "detection_count": 2,
        "duration_hours": 0.383333,
        "end_time_utc": "2025-03-07T19:31:00Z",
        "frp_max_mw": 10.96,
        "frp_mean_mw": 7.49,
        "frp_median_mw": 7.49,
        "frp_min_mw": 4.02,
        "frp_sum_mw": 14.98,
        "night_fraction": 0.0,
        "optical_cohort_status": "not_in_cohort",
        "possible_chain_merge": false,
        "public_event_id": "evt-0014",
        "satellite_count": 2,
        "satellites": [
          "N",
          "N20"
        ],
        "source_count": 2,
        "start_time_utc": "2025-03-07T19:08:00Z"
      },
      "type": "Feature"
    },
    {
      "geometry": {
        "coordinates": [
          -80.17462,
          8.42339
        ],
        "type": "Point"
      },
      "properties": {
        "configuration_id": "r1500_t06",
        "day_fraction": 1.0,
        "daynight_known_count": 1,
        "detection_count": 1,
        "duration_hours": 0.0,
        "end_time_utc": "2025-04-01T18:21:00Z",
        "frp_max_mw": 6.83,
        "frp_mean_mw": 6.83,
        "frp_median_mw": 6.83,
        "frp_min_mw": 6.83,
        "frp_sum_mw": 6.83,
        "night_fraction": 0.0,
        "optical_cohort_status": "not_in_cohort",
        "possible_chain_merge": false,
        "public_event_id": "evt-0015",
        "satellite_count": 1,
        "satellites": [
          "N20"
        ],
        "source_count": 1,
        "start_time_utc": "2025-04-01T18:21:00Z"
      },
      "type": "Feature"
    },
    {
      "geometry": {
        "coordinates": [
          -80.56183,
          8.16438
        ],
        "type": "Point"
      },
      "properties": {
        "configuration_id": "r1500_t06",
        "day_fraction": 0.0,
        "daynight_known_count": 1,
        "detection_count": 1,
        "duration_hours": 0.0,
        "end_time_utc": "2025-01-22T07:11:00Z",
        "frp_max_mw": 0.47,
        "frp_mean_mw": 0.47,
        "frp_median_mw": 0.47,
        "frp_min_mw": 0.47,
        "frp_sum_mw": 0.47,
        "night_fraction": 1.0,
        "optical_cohort_status": "not_in_cohort",
        "possible_chain_merge": false,
        "public_event_id": "evt-0016",
        "satellite_count": 1,
        "satellites": [
          "N20"
        ],
        "source_count": 1,
        "start_time_utc": "2025-01-22T07:11:00Z"
      },
      "type": "Feature"
    },
    {
      "geometry": {
        "coordinates": [
          -80.24931,
          8.93869
        ],
        "type": "Point"
      },
      "properties": {
        "configuration_id": "r1500_t06",
        "day_fraction": 1.0,
        "daynight_known_count": 1,
        "detection_count": 1,
        "duration_hours": 0.0,
        "end_time_utc": "2025-04-01T18:22:00Z",
        "frp_max_mw": 5.32,
        "frp_mean_mw": 5.32,
        "frp_median_mw": 5.32,
        "frp_min_mw": 5.32,
        "frp_sum_mw": 5.32,
        "night_fraction": 0.0,
        "optical_cohort_status": "not_in_cohort",
        "possible_chain_merge": false,
        "public_event_id": "evt-0017",
        "satellite_count": 1,
        "satellites": [
          "N20"
        ],
        "source_count": 1,
        "start_time_utc": "2025-04-01T18:22:00Z"
      },
      "type": "Feature"
    },
    {
      "geometry": {
        "coordinates": [
          -80.79395,
          8.53019
        ],
        "type": "Point"
      },
      "properties": {
        "configuration_id": "r1500_t06",
        "day_fraction": 1.0,
        "daynight_known_count": 1,
        "detection_count": 1,
        "duration_hours": 0.0,
        "end_time_utc": "2025-04-24T19:09:00Z",
        "frp_max_mw": 4.51,
        "frp_mean_mw": 4.51,
        "frp_median_mw": 4.51,
        "frp_min_mw": 4.51,
        "frp_sum_mw": 4.51,
        "night_fraction": 0.0,
        "optical_cohort_status": "observable",
        "possible_chain_merge": false,
        "public_event_id": "evt-0018",
        "satellite_count": 1,
        "satellites": [
          "N"
        ],
        "source_count": 1,
        "start_time_utc": "2025-04-24T19:09:00Z"
      },
      "type": "Feature"
    },
    {
      "geometry": {
        "coordinates": [
          -80.16473,
          8.93405
        ],
        "type": "Point"
      },
      "properties": {
        "configuration_id": "r1500_t06",
        "day_fraction": 1.0,
        "daynight_known_count": 1,
        "detection_count": 1,
        "duration_hours": 0.0,
        "end_time_utc": "2025-03-08T19:13:00Z",
        "frp_max_mw": 2.01,
        "frp_mean_mw": 2.01,
        "frp_median_mw": 2.01,
        "frp_min_mw": 2.01,
        "frp_sum_mw": 2.01,
        "night_fraction": 0.0,
        "optical_cohort_status": "not_in_cohort",
        "possible_chain_merge": false,
        "public_event_id": "evt-0019",
        "satellite_count": 1,
        "satellites": [
          "N20"
        ],
        "source_count": 1,
        "start_time_utc": "2025-03-08T19:13:00Z"
      },
      "type": "Feature"
    },
    {
      "geometry": {
        "coordinates": [
          -80.44645,
          8.33754
        ],
        "type": "Point"
      },
      "properties": {
        "configuration_id": "r1500_t06",
        "day_fraction": 0.0,
        "daynight_known_count": 1,
        "detection_count": 1,
        "duration_hours": 0.0,
        "end_time_utc": "2025-03-11T06:48:00Z",
        "frp_max_mw": 0.88,
        "frp_mean_mw": 0.88,
        "frp_median_mw": 0.88,
        "frp_min_mw": 0.88,
        "frp_sum_mw": 0.88,
        "night_fraction": 1.0,
        "optical_cohort_status": "not_in_cohort",
        "possible_chain_merge": false,
        "public_event_id": "evt-0020",
        "satellite_count": 1,
        "satellites": [
          "N"
        ],
        "source_count": 1,
        "start_time_utc": "2025-03-11T06:48:00Z"
      },
      "type": "Feature"
    },
    {
      "geometry": {
        "coordinates": [
          -80.19115,
          8.9178
        ],
        "type": "Point"
      },
      "properties": {
        "configuration_id": "r1500_t06",
        "day_fraction": 1.0,
        "daynight_known_count": 1,
        "detection_count": 1,
        "duration_hours": 0.0,
        "end_time_utc": "2025-03-11T18:16:00Z",
        "frp_max_mw": 4.07,
        "frp_mean_mw": 4.07,
        "frp_median_mw": 4.07,
        "frp_min_mw": 4.07,
        "frp_sum_mw": 4.07,
        "night_fraction": 0.0,
        "optical_cohort_status": "not_in_cohort",
        "possible_chain_merge": false,
        "public_event_id": "evt-0021",
        "satellite_count": 1,
        "satellites": [
          "N20"
        ],
        "source_count": 1,
        "start_time_utc": "2025-03-11T18:16:00Z"
      },
      "type": "Feature"
    },
    {
      "geometry": {
        "coordinates": [
          -80.19303,
          8.84144
        ],
        "type": "Point"
      },
      "properties": {
        "configuration_id": "r1500_t06",
        "day_fraction": 1.0,
        "daynight_known_count": 1,
        "detection_count": 1,
        "duration_hours": 0.0,
        "end_time_utc": "2025-04-07T18:09:00Z",
        "frp_max_mw": 3.88,
        "frp_mean_mw": 3.88,
        "frp_median_mw": 3.88,
        "frp_min_mw": 3.88,
        "frp_sum_mw": 3.88,
        "night_fraction": 0.0,
        "optical_cohort_status": "not_in_cohort",
        "possible_chain_merge": false,
        "public_event_id": "evt-0022",
        "satellite_count": 1,
        "satellites": [
          "N20"
        ],
        "source_count": 1,
        "start_time_utc": "2025-04-07T18:09:00Z"
      },
      "type": "Feature"
    },
    {
      "geometry": {
        "coordinates": [
          -80.61899,
          8.34799
        ],
        "type": "Point"
      },
      "properties": {
        "configuration_id": "r1500_t06",
        "day_fraction": 1.0,
        "daynight_known_count": 1,
        "detection_count": 1,
        "duration_hours": 0.0,
        "end_time_utc": "2025-02-10T19:00:00Z",
        "frp_max_mw": 10.07,
        "frp_mean_mw": 10.07,
        "frp_median_mw": 10.07,
        "frp_min_mw": 10.07,
        "frp_sum_mw": 10.07,
        "night_fraction": 0.0,
        "optical_cohort_status": "not_in_cohort",
        "possible_chain_merge": false,
        "public_event_id": "evt-0023",
        "satellite_count": 1,
        "satellites": [
          "N20"
        ],
        "source_count": 1,
        "start_time_utc": "2025-02-10T19:00:00Z"
      },
      "type": "Feature"
    },
    {
      "geometry": {
        "coordinates": [
          -80.69554,
          8.52787
        ],
        "type": "Point"
      },
      "properties": {
        "configuration_id": "r1500_t06",
        "day_fraction": 1.0,
        "daynight_known_count": 1,
        "detection_count": 1,
        "duration_hours": 0.0,
        "end_time_utc": "2025-02-02T19:28:00Z",
        "frp_max_mw": 6.39,
        "frp_mean_mw": 6.39,
        "frp_median_mw": 6.39,
        "frp_min_mw": 6.39,
        "frp_sum_mw": 6.39,
        "night_fraction": 0.0,
        "optical_cohort_status": "not_in_cohort",
        "possible_chain_merge": false,
        "public_event_id": "evt-0024",
        "satellite_count": 1,
        "satellites": [
          "N"
        ],
        "source_count": 1,
        "start_time_utc": "2025-02-02T19:28:00Z"
      },
      "type": "Feature"
    },
    {
      "geometry": {
        "coordinates": [
          -80.55672,
          8.43758
        ],
        "type": "Point"
      },
      "properties": {
        "configuration_id": "r1500_t06",
        "day_fraction": 1.0,
        "daynight_known_count": 1,
        "detection_count": 1,
        "duration_hours": 0.0,
        "end_time_utc": "2025-03-19T19:06:00Z",
        "frp_max_mw": 7.25,
        "frp_mean_mw": 7.25,
        "frp_median_mw": 7.25,
        "frp_min_mw": 7.25,
        "frp_sum_mw": 7.25,
        "night_fraction": 0.0,
        "optical_cohort_status": "not_in_cohort",
        "possible_chain_merge": false,
        "public_event_id": "evt-0025",
        "satellite_count": 1,
        "satellites": [
          "N20"
        ],
        "source_count": 1,
        "start_time_utc": "2025-03-19T19:06:00Z"
      },
      "type": "Feature"
    },
    {
      "geometry": {
        "coordinates": [
          -80.564465,
          8.22341
        ],
        "type": "Point"
      },
      "properties": {
        "configuration_id": "r1500_t06",
        "day_fraction": 1.0,
        "daynight_known_count": 4,
        "detection_count": 4,
        "duration_hours": 0.0,
        "end_time_utc": "2025-02-24T19:15:00Z",
        "frp_max_mw": 31.03,
        "frp_mean_mw": 15.5275,
        "frp_median_mw": 12.355,
        "frp_min_mw": 6.37,
        "frp_sum_mw": 62.11,
        "night_fraction": 0.0,
        "optical_cohort_status": "not_in_cohort",
        "possible_chain_merge": false,
        "public_event_id": "evt-0026",
        "satellite_count": 1,
        "satellites": [
          "N"
        ],
        "source_count": 1,
        "start_time_utc": "2025-02-24T19:15:00Z"
      },
      "type": "Feature"
    },
    {
      "geometry": {
        "coordinates": [
          -80.499,
          8.60343
        ],
        "type": "Point"
      },
      "properties": {
        "configuration_id": "r1500_t06",
        "day_fraction": 1.0,
        "daynight_known_count": 1,
        "detection_count": 1,
        "duration_hours": 0.0,
        "end_time_utc": "2025-04-15T19:00:00Z",
        "frp_max_mw": 2.21,
        "frp_mean_mw": 2.21,
        "frp_median_mw": 2.21,
        "frp_min_mw": 2.21,
        "frp_sum_mw": 2.21,
        "night_fraction": 0.0,
        "optical_cohort_status": "not_in_cohort",
        "possible_chain_merge": false,
        "public_event_id": "evt-0027",
        "satellite_count": 1,
        "satellites": [
          "N20"
        ],
        "source_count": 1,
        "start_time_utc": "2025-04-15T19:00:00Z"
      },
      "type": "Feature"
    },
    {
      "geometry": {
        "coordinates": [
          -80.51825,
          8.27785
        ],
        "type": "Point"
      },
      "properties": {
        "configuration_id": "r1500_t06",
        "day_fraction": 1.0,
        "daynight_known_count": 1,
        "detection_count": 1,
        "duration_hours": 0.0,
        "end_time_utc": "2025-02-11T18:18:00Z",
        "frp_max_mw": 4.62,
        "frp_mean_mw": 4.62,
        "frp_median_mw": 4.62,
        "frp_min_mw": 4.62,
        "frp_sum_mw": 4.62,
        "night_fraction": 0.0,
        "optical_cohort_status": "not_in_cohort",
        "possible_chain_merge": false,
        "public_event_id": "evt-0028",
        "satellite_count": 1,
        "satellites": [
          "N"
        ],
        "source_count": 1,
        "start_time_utc": "2025-02-11T18:18:00Z"
      },
      "type": "Feature"
    },
    {
      "geometry": {
        "coordinates": [
          -80.10667,
          8.38614
        ],
        "type": "Point"
      },
      "properties": {
        "configuration_id": "r1500_t06",
        "day_fraction": 1.0,
        "daynight_known_count": 1,
        "detection_count": 1,
        "duration_hours": 0.0,
        "end_time_utc": "2025-03-04T18:47:00Z",
        "frp_max_mw": 7.0,
        "frp_mean_mw": 7.0,
        "frp_median_mw": 7.0,
        "frp_min_mw": 7.0,
        "frp_sum_mw": 7.0,
        "night_fraction": 0.0,
        "optical_cohort_status": "not_in_cohort",
        "possible_chain_merge": false,
        "public_event_id": "evt-0029",
        "satellite_count": 1,
        "satellites": [
          "N20"
        ],
        "source_count": 1,
        "start_time_utc": "2025-03-04T18:47:00Z"
      },
      "type": "Feature"
    },
    {
      "geometry": {
        "coordinates": [
          -80.493923,
          8.377335
        ],
        "type": "Point"
      },
      "properties": {
        "configuration_id": "r1500_t06",
        "day_fraction": 1.0,
        "daynight_known_count": 6,
        "detection_count": 6,
        "duration_hours": 0.383333,
        "end_time_utc": "2025-02-26T19:00:00Z",
        "frp_max_mw": 9.2,
        "frp_mean_mw": 6.373333,
        "frp_median_mw": 5.6,
        "frp_min_mw": 4.63,
        "frp_sum_mw": 38.24,
        "night_fraction": 0.0,
        "optical_cohort_status": "not_in_cohort",
        "possible_chain_merge": false,
        "public_event_id": "evt-0030",
        "satellite_count": 2,
        "satellites": [
          "N",
          "N20"
        ],
        "source_count": 2,
        "start_time_utc": "2025-02-26T18:37:00Z"
      },
      "type": "Feature"
    },
    {
      "geometry": {
        "coordinates": [
          -80.46461,
          8.479705
        ],
        "type": "Point"
      },
      "properties": {
        "configuration_id": "r1500_t06",
        "day_fraction": 1.0,
        "daynight_known_count": 2,
        "detection_count": 2,
        "duration_hours": 0.0,
        "end_time_utc": "2025-01-24T18:56:00Z",
        "frp_max_mw": 4.11,
        "frp_mean_mw": 4.11,
        "frp_median_mw": 4.11,
        "frp_min_mw": 4.11,
        "frp_sum_mw": 8.22,
        "night_fraction": 0.0,
        "optical_cohort_status": "observable",
        "possible_chain_merge": false,
        "public_event_id": "evt-0031",
        "satellite_count": 1,
        "satellites": [
          "N"
        ],
        "source_count": 1,
        "start_time_utc": "2025-01-24T18:56:00Z"
      },
      "type": "Feature"
    },
    {
      "geometry": {
        "coordinates": [
          -80.393015,
          8.796165
        ],
        "type": "Point"
      },
      "properties": {
        "configuration_id": "r1500_t06",
        "day_fraction": 1.0,
        "daynight_known_count": 2,
        "detection_count": 2,
        "duration_hours": 0.0,
        "end_time_utc": "2025-03-15T18:18:00Z",
        "frp_max_mw": 8.31,
        "frp_mean_mw": 7.425,
        "frp_median_mw": 7.425,
        "frp_min_mw": 6.54,
        "frp_sum_mw": 14.85,
        "night_fraction": 0.0,
        "optical_cohort_status": "not_in_cohort",
        "possible_chain_merge": false,
        "public_event_id": "evt-0032",
        "satellite_count": 1,
        "satellites": [
          "N"
        ],
        "source_count": 1,
        "start_time_utc": "2025-03-15T18:18:00Z"
      },
      "type": "Feature"
    },
    {
      "geometry": {
        "coordinates": [
          -80.55985,
          8.336966
        ],
        "type": "Point"
      },
      "properties": {
        "configuration_id": "r1500_t06",
        "day_fraction": 0.0,
        "daynight_known_count": 7,
        "detection_count": 7,
        "duration_hours": 0.383333,
        "end_time_utc": "2025-02-03T06:46:00Z",
        "frp_max_mw": 2.72,
        "frp_mean_mw": 2.457143,
        "frp_median_mw": 2.54,
        "frp_min_mw": 2.16,
        "frp_sum_mw": 17.2,
        "night_fraction": 1.0,
        "optical_cohort_status": "not_in_cohort",
        "possible_chain_merge": false,
        "public_event_id": "evt-0033",
        "satellite_count": 2,
        "satellites": [
          "N",
          "N20"
        ],
        "source_count": 2,
        "start_time_utc": "2025-02-03T06:23:00Z"
      },
      "type": "Feature"
    },
    {
      "geometry": {
        "coordinates": [
          -80.68481,
          8.543083
        ],
        "type": "Point"
      },
      "properties": {
        "configuration_id": "r1500_t06",
        "day_fraction": 1.0,
        "daynight_known_count": 4,
        "detection_count": 4,
        "duration_hours": 0.383333,
        "end_time_utc": "2025-03-24T19:12:00Z",
        "frp_max_mw": 20.27,
        "frp_mean_mw": 12.6375,
        "frp_median_mw": 13.995,
        "frp_min_mw": 2.29,
        "frp_sum_mw": 50.55,
        "night_fraction": 0.0,
        "optical_cohort_status": "not_in_cohort",
        "possible_chain_merge": true,
        "public_event_id": "evt-0034",
        "satellite_count": 2,
        "satellites": [
          "N",
          "N20"
        ],
        "source_count": 2,
        "start_time_utc": "2025-03-24T18:49:00Z"
      },
      "type": "Feature"
    },
    {
      "geometry": {
        "coordinates": [
          -80.70614,
          8.58737
        ],
        "type": "Point"
      },
      "properties": {
        "configuration_id": "r1500_t06",
        "day_fraction": 1.0,
        "daynight_known_count": 1,
        "detection_count": 1,
        "duration_hours": 0.0,
        "end_time_utc": "2025-03-09T18:54:00Z",
        "frp_max_mw": 4.77,
        "frp_mean_mw": 4.77,
        "frp_median_mw": 4.77,
        "frp_min_mw": 4.77,
        "frp_sum_mw": 4.77,
        "night_fraction": 0.0,
        "optical_cohort_status": "not_in_cohort",
        "possible_chain_merge": false,
        "public_event_id": "evt-0035",
        "satellite_count": 1,
        "satellites": [
          "N20"
        ],
        "source_count": 1,
        "start_time_utc": "2025-03-09T18:54:00Z"
      },
      "type": "Feature"
    },
    {
      "geometry": {
        "coordinates": [
          -80.10646,
          8.52944
        ],
        "type": "Point"
      },
      "properties": {
        "configuration_id": "r1500_t06",
        "day_fraction": 1.0,
        "daynight_known_count": 1,
        "detection_count": 1,
        "duration_hours": 0.0,
        "end_time_utc": "2025-01-25T18:37:00Z",
        "frp_max_mw": 2.3,
        "frp_mean_mw": 2.3,
        "frp_median_mw": 2.3,
        "frp_min_mw": 2.3,
        "frp_sum_mw": 2.3,
        "night_fraction": 0.0,
        "optical_cohort_status": "not_in_cohort",
        "possible_chain_merge": false,
        "public_event_id": "evt-0036",
        "satellite_count": 1,
        "satellites": [
          "N"
        ],
        "source_count": 1,
        "start_time_utc": "2025-01-25T18:37:00Z"
      },
      "type": "Feature"
    },
    {
      "geometry": {
        "coordinates": [
          -80.261495,
          8.569148
        ],
        "type": "Point"
      },
      "properties": {
        "configuration_id": "r1500_t06",
        "day_fraction": 1.0,
        "daynight_known_count": 6,
        "detection_count": 6,
        "duration_hours": 0.0,
        "end_time_utc": "2025-04-14T19:18:00Z",
        "frp_max_mw": 31.91,
        "frp_mean_mw": 19.386667,
        "frp_median_mw": 15.24,
        "frp_min_mw": 14.94,
        "frp_sum_mw": 116.32,
        "night_fraction": 0.0,
        "optical_cohort_status": "not_in_cohort",
        "possible_chain_merge": false,
        "public_event_id": "evt-0037",
        "satellite_count": 1,
        "satellites": [
          "N20"
        ],
        "source_count": 1,
        "start_time_utc": "2025-04-14T19:18:00Z"
      },
      "type": "Feature"
    },
    {
      "geometry": {
        "coordinates": [
          -80.19497,
          8.9121
        ],
        "type": "Point"
      },
      "properties": {
        "configuration_id": "r1500_t06",
        "day_fraction": 1.0,
        "daynight_known_count": 2,
        "detection_count": 2,
        "duration_hours": 0.0,
        "end_time_utc": "2025-03-29T19:18:00Z",
        "frp_max_mw": 5.89,
        "frp_mean_mw": 4.585,
        "frp_median_mw": 4.585,
        "frp_min_mw": 3.28,
        "frp_sum_mw": 9.17,
        "night_fraction": 0.0,
        "optical_cohort_status": "not_in_cohort",
        "possible_chain_merge": false,
        "public_event_id": "evt-0038",
        "satellite_count": 1,
        "satellites": [
          "N20"
        ],
        "source_count": 1,
        "start_time_utc": "2025-03-29T19:18:00Z"
      },
      "type": "Feature"
    },
    {
      "geometry": {
        "coordinates": [
          -80.480953,
          8.409807
        ],
        "type": "Point"
      },
      "properties": {
        "configuration_id": "r1500_t06",
        "day_fraction": 1.0,
        "daynight_known_count": 3,
        "detection_count": 3,
        "duration_hours": 0.366667,
        "end_time_utc": "2025-01-30T19:06:00Z",
        "frp_max_mw": 8.83,
        "frp_mean_mw": 8.726667,
        "frp_median_mw": 8.76,
        "frp_min_mw": 8.59,
        "frp_sum_mw": 26.18,
        "night_fraction": 0.0,
        "optical_cohort_status": "not_in_cohort",
        "possible_chain_merge": false,
        "public_event_id": "evt-0039",
        "satellite_count": 2,
        "satellites": [
          "N",
          "N20"
        ],
        "source_count": 2,
        "start_time_utc": "2025-01-30T18:44:00Z"
      },
      "type": "Feature"
    },
    {
      "geometry": {
        "coordinates": [
          -80.65699,
          8.2251
        ],
        "type": "Point"
      },
      "properties": {
        "configuration_id": "r1500_t06",
        "day_fraction": 0.0,
        "daynight_known_count": 1,
        "detection_count": 1,
        "duration_hours": 0.0,
        "end_time_utc": "2025-03-14T07:32:00Z",
        "frp_max_mw": 1.0,
        "frp_mean_mw": 1.0,
        "frp_median_mw": 1.0,
        "frp_min_mw": 1.0,
        "frp_sum_mw": 1.0,
        "night_fraction": 1.0,
        "optical_cohort_status": "not_in_cohort",
        "possible_chain_merge": false,
        "public_event_id": "evt-0040",
        "satellite_count": 1,
        "satellites": [
          "N"
        ],
        "source_count": 1,
        "start_time_utc": "2025-03-14T07:32:00Z"
      },
      "type": "Feature"
    },
    {
      "geometry": {
        "coordinates": [
          -80.306095,
          8.37307
        ],
        "type": "Point"
      },
      "properties": {
        "configuration_id": "r1500_t06",
        "day_fraction": 1.0,
        "daynight_known_count": 2,
        "detection_count": 2,
        "duration_hours": 0.0,
        "end_time_utc": "2025-04-08T19:08:00Z",
        "frp_max_mw": 5.03,
        "frp_mean_mw": 5.03,
        "frp_median_mw": 5.03,
        "frp_min_mw": 5.03,
        "frp_sum_mw": 10.06,
        "night_fraction": 0.0,
        "optical_cohort_status": "not_in_cohort",
        "possible_chain_merge": false,
        "public_event_id": "evt-0041",
        "satellite_count": 1,
        "satellites": [
          "N"
        ],
        "source_count": 1,
        "start_time_utc": "2025-04-08T19:08:00Z"
      },
      "type": "Feature"
    },
    {
      "geometry": {
        "coordinates": [
          -80.234033,
          8.957353
        ],
        "type": "Point"
      },
      "properties": {
        "configuration_id": "r1500_t06",
        "day_fraction": 1.0,
        "daynight_known_count": 3,
        "detection_count": 3,
        "duration_hours": 0.0,
        "end_time_utc": "2025-03-12T17:57:00Z",
        "frp_max_mw": 18.76,
        "frp_mean_mw": 13.24,
        "frp_median_mw": 14.56,
        "frp_min_mw": 6.4,
        "frp_sum_mw": 39.72,
        "night_fraction": 0.0,
        "optical_cohort_status": "not_in_cohort",
        "possible_chain_merge": false,
        "public_event_id": "evt-0042",
        "satellite_count": 1,
        "satellites": [
          "N20"
        ],
        "source_count": 1,
        "start_time_utc": "2025-03-12T17:57:00Z"
      },
      "type": "Feature"
    },
    {
      "geometry": {
        "coordinates": [
          -80.694476,
          8.253429
        ],
        "type": "Point"
      },
      "properties": {
        "configuration_id": "r1500_t06",
        "day_fraction": 0.0,
        "daynight_known_count": 9,
        "detection_count": 9,
        "duration_hours": 0.383333,
        "end_time_utc": "2025-04-24T06:46:00Z",
        "frp_max_mw": 2.57,
        "frp_mean_mw": 1.431111,
        "frp_median_mw": 1.25,
        "frp_min_mw": 0.52,
        "frp_sum_mw": 12.88,
        "night_fraction": 1.0,
        "optical_cohort_status": "not_in_cohort",
        "possible_chain_merge": true,
        "public_event_id": "evt-0043",
        "satellite_count": 2,
        "satellites": [
          "N",
          "N20"
        ],
        "source_count": 2,
        "start_time_utc": "2025-04-24T06:23:00Z"
      },
      "type": "Feature"
    },
    {
      "geometry": {
        "coordinates": [
          -80.56969,
          8.1849
        ],
        "type": "Point"
      },
      "properties": {
        "configuration_id": "r1500_t06",
        "day_fraction": 1.0,
        "daynight_known_count": 1,
        "detection_count": 1,
        "duration_hours": 0.0,
        "end_time_utc": "2025-01-24T18:56:00Z",
        "frp_max_mw": 5.15,
        "frp_mean_mw": 5.15,
        "frp_median_mw": 5.15,
        "frp_min_mw": 5.15,
        "frp_sum_mw": 5.15,
        "night_fraction": 0.0,
        "optical_cohort_status": "not_in_cohort",
        "possible_chain_merge": false,
        "public_event_id": "evt-0044",
        "satellite_count": 1,
        "satellites": [
          "N"
        ],
        "source_count": 1,
        "start_time_utc": "2025-01-24T18:56:00Z"
      },
      "type": "Feature"
    },
    {
      "geometry": {
        "coordinates": [
          -80.400945,
          8.618035
        ],
        "type": "Point"
      },
      "properties": {
        "configuration_id": "r1500_t06",
        "day_fraction": 1.0,
        "daynight_known_count": 4,
        "detection_count": 4,
        "duration_hours": 0.383333,
        "end_time_utc": "2025-03-24T19:12:00Z",
        "frp_max_mw": 12.9,
        "frp_mean_mw": 7.5175,
        "frp_median_mw": 6.9,
        "frp_min_mw": 3.37,
        "frp_sum_mw": 30.07,
        "night_fraction": 0.0,
        "optical_cohort_status": "not_in_cohort",
        "possible_chain_merge": false,
        "public_event_id": "evt-0045",
        "satellite_count": 2,
        "satellites": [
          "N",
          "N20"
        ],
        "source_count": 2,
        "start_time_utc": "2025-03-24T18:49:00Z"
      },
      "type": "Feature"
    },
    {
      "geometry": {
        "coordinates": [
          -80.21545,
          8.61414
        ],
        "type": "Point"
      },
      "properties": {
        "configuration_id": "r1500_t06",
        "day_fraction": 1.0,
        "daynight_known_count": 1,
        "detection_count": 1,
        "duration_hours": 0.0,
        "end_time_utc": "2025-04-09T18:50:00Z",
        "frp_max_mw": 3.88,
        "frp_mean_mw": 3.88,
        "frp_median_mw": 3.88,
        "frp_min_mw": 3.88,
        "frp_sum_mw": 3.88,
        "night_fraction": 0.0,
        "optical_cohort_status": "not_in_cohort",
        "possible_chain_merge": false,
        "public_event_id": "evt-0046",
        "satellite_count": 1,
        "satellites": [
          "N"
        ],
        "source_count": 1,
        "start_time_utc": "2025-04-09T18:50:00Z"
      },
      "type": "Feature"
    },
    {
      "geometry": {
        "coordinates": [
          -80.655708,
          8.179965
        ],
        "type": "Point"
      },
      "properties": {
        "configuration_id": "r1500_t06",
        "day_fraction": 1.0,
        "daynight_known_count": 6,
        "detection_count": 6,
        "duration_hours": 0.383333,
        "end_time_utc": "2025-03-15T18:41:00Z",
        "frp_max_mw": 21.02,
        "frp_mean_mw": 7.431667,
        "frp_median_mw": 3.52,
        "frp_min_mw": 3.52,
        "frp_sum_mw": 44.59,
        "night_fraction": 0.0,
        "optical_cohort_status": "not_in_cohort",
        "possible_chain_merge": false,
        "public_event_id": "evt-0047",
        "satellite_count": 2,
        "satellites": [
          "N",
          "N20"
        ],
        "source_count": 2,
        "start_time_utc": "2025-03-15T18:18:00Z"
      },
      "type": "Feature"
    },
    {
      "geometry": {
        "coordinates": [
          -80.38103,
          8.50178
        ],
        "type": "Point"
      },
      "properties": {
        "configuration_id": "r1500_t06",
        "day_fraction": 1.0,
        "daynight_known_count": 1,
        "detection_count": 1,
        "duration_hours": 0.0,
        "end_time_utc": "2025-02-16T18:48:00Z",
        "frp_max_mw": 1.96,
        "frp_mean_mw": 1.96,
        "frp_median_mw": 1.96,
        "frp_min_mw": 1.96,
        "frp_sum_mw": 1.96,
        "night_fraction": 0.0,
        "optical_cohort_status": "not_in_cohort",
        "possible_chain_merge": false,
        "public_event_id": "evt-0048",
        "satellite_count": 1,
        "satellites": [
          "N20"
        ],
        "source_count": 1,
        "start_time_utc": "2025-02-16T18:48:00Z"
      },
      "type": "Feature"
    },
    {
      "geometry": {
        "coordinates": [
          -80.52332,
          8.41076
        ],
        "type": "Point"
      },
      "properties": {
        "configuration_id": "r1500_t06",
        "day_fraction": 0.0,
        "daynight_known_count": 1,
        "detection_count": 1,
        "duration_hours": 0.0,
        "end_time_utc": "2025-03-23T06:45:00Z",
        "frp_max_mw": 1.23,
        "frp_mean_mw": 1.23,
        "frp_median_mw": 1.23,
        "frp_min_mw": 1.23,
        "frp_sum_mw": 1.23,
        "night_fraction": 1.0,
        "optical_cohort_status": "not_in_cohort",
        "possible_chain_merge": false,
        "public_event_id": "evt-0049",
        "satellite_count": 1,
        "satellites": [
          "N20"
        ],
        "source_count": 1,
        "start_time_utc": "2025-03-23T06:45:00Z"
      },
      "type": "Feature"
    },
    {
      "geometry": {
        "coordinates": [
          -80.37678,
          8.57018
        ],
        "type": "Point"
      },
      "properties": {
        "configuration_id": "r1500_t06",
        "day_fraction": 1.0,
        "daynight_known_count": 1,
        "detection_count": 1,
        "duration_hours": 0.0,
        "end_time_utc": "2025-04-19T19:02:00Z",
        "frp_max_mw": 13.92,
        "frp_mean_mw": 13.92,
        "frp_median_mw": 13.92,
        "frp_min_mw": 13.92,
        "frp_sum_mw": 13.92,
        "night_fraction": 0.0,
        "optical_cohort_status": "not_in_cohort",
        "possible_chain_merge": false,
        "public_event_id": "evt-0050",
        "satellite_count": 1,
        "satellites": [
          "N"
        ],
        "source_count": 1,
        "start_time_utc": "2025-04-19T19:02:00Z"
      },
      "type": "Feature"
    },
    {
      "geometry": {
        "coordinates": [
          -80.25987,
          8.51429
        ],
        "type": "Point"
      },
      "properties": {
        "configuration_id": "r1500_t06",
        "day_fraction": 1.0,
        "daynight_known_count": 1,
        "detection_count": 1,
        "duration_hours": 0.0,
        "end_time_utc": "2025-03-30T18:59:00Z",
        "frp_max_mw": 3.13,
        "frp_mean_mw": 3.13,
        "frp_median_mw": 3.13,
        "frp_min_mw": 3.13,
        "frp_sum_mw": 3.13,
        "night_fraction": 0.0,
        "optical_cohort_status": "not_in_cohort",
        "possible_chain_merge": false,
        "public_event_id": "evt-0051",
        "satellite_count": 1,
        "satellites": [
          "N20"
        ],
        "source_count": 1,
        "start_time_utc": "2025-03-30T18:59:00Z"
      },
      "type": "Feature"
    },
    {
      "geometry": {
        "coordinates": [
          -80.39924,
          8.80286
        ],
        "type": "Point"
      },
      "properties": {
        "configuration_id": "r1500_t06",
        "day_fraction": 1.0,
        "daynight_known_count": 1,
        "detection_count": 1,
        "duration_hours": 0.0,
        "end_time_utc": "2025-03-06T18:10:00Z",
        "frp_max_mw": 9.28,
        "frp_mean_mw": 9.28,
        "frp_median_mw": 9.28,
        "frp_min_mw": 9.28,
        "frp_sum_mw": 9.28,
        "night_fraction": 0.0,
        "optical_cohort_status": "not_in_cohort",
        "possible_chain_merge": false,
        "public_event_id": "evt-0052",
        "satellite_count": 1,
        "satellites": [
          "N20"
        ],
        "source_count": 1,
        "start_time_utc": "2025-03-06T18:10:00Z"
      },
      "type": "Feature"
    },
    {
      "geometry": {
        "coordinates": [
          -80.667417,
          8.159877
        ],
        "type": "Point"
      },
      "properties": {
        "configuration_id": "r1500_t06",
        "day_fraction": 1.0,
        "daynight_known_count": 3,
        "detection_count": 3,
        "duration_hours": 1.3,
        "end_time_utc": "2025-03-27T19:33:00Z",
        "frp_max_mw": 8.91,
        "frp_mean_mw": 5.576667,
        "frp_median_mw": 4.49,
        "frp_min_mw": 3.33,
        "frp_sum_mw": 16.73,
        "night_fraction": 0.0,
        "optical_cohort_status": "not_in_cohort",
        "possible_chain_merge": false,
        "public_event_id": "evt-0053",
        "satellite_count": 2,
        "satellites": [
          "N",
          "N20"
        ],
        "source_count": 2,
        "start_time_utc": "2025-03-27T18:15:00Z"
      },
      "type": "Feature"
    },
    {
      "geometry": {
        "coordinates": [
          -80.40729,
          8.450915
        ],
        "type": "Point"
      },
      "properties": {
        "configuration_id": "r1500_t06",
        "day_fraction": 0.0,
        "daynight_known_count": 4,
        "detection_count": 4,
        "duration_hours": 1.3,
        "end_time_utc": "2025-03-09T07:26:00Z",
        "frp_max_mw": 2.97,
        "frp_mean_mw": 1.3325,
        "frp_median_mw": 0.83,
        "frp_min_mw": 0.7,
        "frp_sum_mw": 5.33,
        "night_fraction": 1.0,
        "optical_cohort_status": "not_in_cohort",
        "possible_chain_merge": false,
        "public_event_id": "evt-0054",
        "satellite_count": 2,
        "satellites": [
          "N",
          "N20"
        ],
        "source_count": 2,
        "start_time_utc": "2025-03-09T06:08:00Z"
      },
      "type": "Feature"
    },
    {
      "geometry": {
        "coordinates": [
          -80.577247,
          8.277253
        ],
        "type": "Point"
      },
      "properties": {
        "configuration_id": "r1500_t06",
        "day_fraction": 1.0,
        "daynight_known_count": 3,
        "detection_count": 3,
        "duration_hours": 0.383333,
        "end_time_utc": "2025-04-09T19:12:00Z",
        "frp_max_mw": 21.61,
        "frp_mean_mw": 12.083333,
        "frp_median_mw": 7.32,
        "frp_min_mw": 7.32,
        "frp_sum_mw": 36.25,
        "night_fraction": 0.0,
        "optical_cohort_status": "not_in_cohort",
        "possible_chain_merge": false,
        "public_event_id": "evt-0055",
        "satellite_count": 2,
        "satellites": [
          "N",
          "N20"
        ],
        "source_count": 2,
        "start_time_utc": "2025-04-09T18:49:00Z"
      },
      "type": "Feature"
    },
    {
      "geometry": {
        "coordinates": [
          -80.7708,
          8.51212
        ],
        "type": "Point"
      },
      "properties": {
        "configuration_id": "r1500_t06",
        "day_fraction": 1.0,
        "daynight_known_count": 1,
        "detection_count": 1,
        "duration_hours": 0.0,
        "end_time_utc": "2025-04-09T18:50:00Z",
        "frp_max_mw": 2.27,
        "frp_mean_mw": 2.27,
        "frp_median_mw": 2.27,
        "frp_min_mw": 2.27,
        "frp_sum_mw": 2.27,
        "night_fraction": 0.0,
        "optical_cohort_status": "not_in_cohort",
        "possible_chain_merge": false,
        "public_event_id": "evt-0056",
        "satellite_count": 1,
        "satellites": [
          "N"
        ],
        "source_count": 1,
        "start_time_utc": "2025-04-09T18:50:00Z"
      },
      "type": "Feature"
    },
    {
      "geometry": {
        "coordinates": [
          -80.64037,
          8.38406
        ],
        "type": "Point"
      },
      "properties": {
        "configuration_id": "r1500_t06",
        "day_fraction": 1.0,
        "daynight_known_count": 1,
        "detection_count": 1,
        "duration_hours": 0.0,
        "end_time_utc": "2025-04-23T19:28:00Z",
        "frp_max_mw": 3.3,
        "frp_mean_mw": 3.3,
        "frp_median_mw": 3.3,
        "frp_min_mw": 3.3,
        "frp_sum_mw": 3.3,
        "night_fraction": 0.0,
        "optical_cohort_status": "not_in_cohort",
        "possible_chain_merge": false,
        "public_event_id": "evt-0057",
        "satellite_count": 1,
        "satellites": [
          "N"
        ],
        "source_count": 1,
        "start_time_utc": "2025-04-23T19:28:00Z"
      },
      "type": "Feature"
    },
    {
      "geometry": {
        "coordinates": [
          -80.664523,
          8.34679
        ],
        "type": "Point"
      },
      "properties": {
        "configuration_id": "r1500_t06",
        "day_fraction": 1.0,
        "daynight_known_count": 3,
        "detection_count": 3,
        "duration_hours": 0.366667,
        "end_time_utc": "2025-04-14T19:18:00Z",
        "frp_max_mw": 6.23,
        "frp_mean_mw": 5.343333,
        "frp_median_mw": 4.9,
        "frp_min_mw": 4.9,
        "frp_sum_mw": 16.03,
        "night_fraction": 0.0,
        "optical_cohort_status": "not_in_cohort",
        "possible_chain_merge": false,
        "public_event_id": "evt-0058",
        "satellite_count": 2,
        "satellites": [
          "N",
          "N20"
        ],
        "source_count": 2,
        "start_time_utc": "2025-04-14T18:56:00Z"
      },
      "type": "Feature"
    },
    {
      "geometry": {
        "coordinates": [
          -80.30392,
          8.87607
        ],
        "type": "Point"
      },
      "properties": {
        "configuration_id": "r1500_t06",
        "day_fraction": 1.0,
        "daynight_known_count": 1,
        "detection_count": 1,
        "duration_hours": 0.0,
        "end_time_utc": "2025-04-01T18:22:00Z",
        "frp_max_mw": 5.57,
        "frp_mean_mw": 5.57,
        "frp_median_mw": 5.57,
        "frp_min_mw": 5.57,
        "frp_sum_mw": 5.57,
        "night_fraction": 0.0,
        "optical_cohort_status": "not_in_cohort",
        "possible_chain_merge": false,
        "public_event_id": "evt-0059",
        "satellite_count": 1,
        "satellites": [
          "N20"
        ],
        "source_count": 1,
        "start_time_utc": "2025-04-01T18:22:00Z"
      },
      "type": "Feature"
    },
    {
      "geometry": {
        "coordinates": [
          -80.48944,
          8.4316
        ],
        "type": "Point"
      },
      "properties": {
        "configuration_id": "r1500_t06",
        "day_fraction": 0.0,
        "daynight_known_count": 1,
        "detection_count": 1,
        "duration_hours": 0.0,
        "end_time_utc": "2025-02-24T06:29:00Z",
        "frp_max_mw": 0.91,
        "frp_mean_mw": 0.91,
        "frp_median_mw": 0.91,
        "frp_min_mw": 0.91,
        "frp_sum_mw": 0.91,
        "night_fraction": 1.0,
        "optical_cohort_status": "not_in_cohort",
        "possible_chain_merge": false,
        "public_event_id": "evt-0060",
        "satellite_count": 1,
        "satellites": [
          "N"
        ],
        "source_count": 1,
        "start_time_utc": "2025-02-24T06:29:00Z"
      },
      "type": "Feature"
    },
    {
      "geometry": {
        "coordinates": [
          -80.64654,
          8.44352
        ],
        "type": "Point"
      },
      "properties": {
        "configuration_id": "r1500_t06",
        "day_fraction": 1.0,
        "daynight_known_count": 1,
        "detection_count": 1,
        "duration_hours": 0.0,
        "end_time_utc": "2025-04-16T18:41:00Z",
        "frp_max_mw": 10.62,
        "frp_mean_mw": 10.62,
        "frp_median_mw": 10.62,
        "frp_min_mw": 10.62,
        "frp_sum_mw": 10.62,
        "night_fraction": 0.0,
        "optical_cohort_status": "not_in_cohort",
        "possible_chain_merge": false,
        "public_event_id": "evt-0061",
        "satellite_count": 1,
        "satellites": [
          "N20"
        ],
        "source_count": 1,
        "start_time_utc": "2025-04-16T18:41:00Z"
      },
      "type": "Feature"
    },
    {
      "geometry": {
        "coordinates": [
          -80.25906,
          8.46403
        ],
        "type": "Point"
      },
      "properties": {
        "configuration_id": "r1500_t06",
        "day_fraction": 1.0,
        "daynight_known_count": 1,
        "detection_count": 1,
        "duration_hours": 0.0,
        "end_time_utc": "2025-03-29T18:55:00Z",
        "frp_max_mw": 4.51,
        "frp_mean_mw": 4.51,
        "frp_median_mw": 4.51,
        "frp_min_mw": 4.51,
        "frp_sum_mw": 4.51,
        "night_fraction": 0.0,
        "optical_cohort_status": "not_in_cohort",
        "possible_chain_merge": false,
        "public_event_id": "evt-0062",
        "satellite_count": 1,
        "satellites": [
          "N"
        ],
        "source_count": 1,
        "start_time_utc": "2025-03-29T18:55:00Z"
      },
      "type": "Feature"
    },
    {
      "geometry": {
        "coordinates": [
          -80.376637,
          8.500037
        ],
        "type": "Point"
      },
      "properties": {
        "configuration_id": "r1500_t06",
        "day_fraction": 0.0,
        "daynight_known_count": 3,
        "detection_count": 3,
        "duration_hours": 0.366667,
        "end_time_utc": "2025-04-01T07:16:00Z",
        "frp_max_mw": 1.31,
        "frp_mean_mw": 0.91,
        "frp_median_mw": 0.83,
        "frp_min_mw": 0.59,
        "frp_sum_mw": 2.73,
        "night_fraction": 1.0,
        "optical_cohort_status": "observable",
        "possible_chain_merge": false,
        "public_event_id": "evt-0063",
        "satellite_count": 2,
        "satellites": [
          "N",
          "N20"
        ],
        "source_count": 2,
        "start_time_utc": "2025-04-01T06:54:00Z"
      },
      "type": "Feature"
    },
    {
      "geometry": {
        "coordinates": [
          -80.121392,
          8.395877
        ],
        "type": "Point"
      },
      "properties": {
        "configuration_id": "r1500_t06",
        "day_fraction": 1.0,
        "daynight_known_count": 4,
        "detection_count": 4,
        "duration_hours": 0.366667,
        "end_time_utc": "2025-04-01T18:21:00Z",
        "frp_max_mw": 13.84,
        "frp_mean_mw": 7.025,
        "frp_median_mw": 5.505,
        "frp_min_mw": 3.25,
        "frp_sum_mw": 28.1,
        "night_fraction": 0.0,
        "optical_cohort_status": "not_in_cohort",
        "possible_chain_merge": true,
        "public_event_id": "evt-0064",
        "satellite_count": 2,
        "satellites": [
          "N",
          "N20"
        ],
        "source_count": 2,
        "start_time_utc": "2025-04-01T17:59:00Z"
      },
      "type": "Feature"
    },
    {
      "geometry": {
        "coordinates": [
          -80.2069,
          8.97026
        ],
        "type": "Point"
      },
      "properties": {
        "configuration_id": "r1500_t06",
        "day_fraction": 1.0,
        "daynight_known_count": 1,
        "detection_count": 1,
        "duration_hours": 0.0,
        "end_time_utc": "2025-03-08T18:50:00Z",
        "frp_max_mw": 4.78,
        "frp_mean_mw": 4.78,
        "frp_median_mw": 4.78,
        "frp_min_mw": 4.78,
        "frp_sum_mw": 4.78,
        "night_fraction": 0.0,
        "optical_cohort_status": "not_in_cohort",
        "possible_chain_merge": false,
        "public_event_id": "evt-0065",
        "satellite_count": 1,
        "satellites": [
          "N"
        ],
        "source_count": 1,
        "start_time_utc": "2025-03-08T18:50:00Z"
      },
      "type": "Feature"
    },
    {
      "geometry": {
        "coordinates": [
          -80.74502,
          8.4387
        ],
        "type": "Point"
      },
      "properties": {
        "configuration_id": "r1500_t06",
        "day_fraction": 1.0,
        "daynight_known_count": 1,
        "detection_count": 1,
        "duration_hours": 0.0,
        "end_time_utc": "2025-04-16T18:41:00Z",
        "frp_max_mw": 42.25,
        "frp_mean_mw": 42.25,
        "frp_median_mw": 42.25,
        "frp_min_mw": 42.25,
        "frp_sum_mw": 42.25,
        "night_fraction": 0.0,
        "optical_cohort_status": "not_in_cohort",
        "possible_chain_merge": false,
        "public_event_id": "evt-0066",
        "satellite_count": 1,
        "satellites": [
          "N20"
        ],
        "source_count": 1,
        "start_time_utc": "2025-04-16T18:41:00Z"
      },
      "type": "Feature"
    },
    {
      "geometry": {
        "coordinates": [
          -80.615683,
          8.375908
        ],
        "type": "Point"
      },
      "properties": {
        "configuration_id": "r1500_t06",
        "day_fraction": 1.0,
        "daynight_known_count": 4,
        "detection_count": 4,
        "duration_hours": 0.0,
        "end_time_utc": "2025-04-07T18:09:00Z",
        "frp_max_mw": 7.53,
        "frp_mean_mw": 5.0825,
        "frp_median_mw": 4.285,
        "frp_min_mw": 4.23,
        "frp_sum_mw": 20.33,
        "night_fraction": 0.0,
        "optical_cohort_status": "not_in_cohort",
        "possible_chain_merge": false,
        "public_event_id": "evt-0067",
        "satellite_count": 1,
        "satellites": [
          "N20"
        ],
        "source_count": 1,
        "start_time_utc": "2025-04-07T18:09:00Z"
      },
      "type": "Feature"
    },
    {
      "geometry": {
        "coordinates": [
          -80.235,
          8.328585
        ],
        "type": "Point"
      },
      "properties": {
        "configuration_id": "r1500_t06",
        "day_fraction": 1.0,
        "daynight_known_count": 2,
        "detection_count": 2,
        "duration_hours": 0.383333,
        "end_time_utc": "2025-01-24T19:19:00Z",
        "frp_max_mw": 5.37,
        "frp_mean_mw": 5.105,
        "frp_median_mw": 5.105,
        "frp_min_mw": 4.84,
        "frp_sum_mw": 10.21,
        "night_fraction": 0.0,
        "optical_cohort_status": "observable",
        "possible_chain_merge": false,
        "public_event_id": "evt-0068",
        "satellite_count": 2,
        "satellites": [
          "N",
          "N20"
        ],
        "source_count": 2,
        "start_time_utc": "2025-01-24T18:56:00Z"
      },
      "type": "Feature"
    },
    {
      "geometry": {
        "coordinates": [
          -80.53315,
          8.20149
        ],
        "type": "Point"
      },
      "properties": {
        "configuration_id": "r1500_t06",
        "day_fraction": 1.0,
        "daynight_known_count": 1,
        "detection_count": 1,
        "duration_hours": 0.0,
        "end_time_utc": "2025-03-12T19:14:00Z",
        "frp_max_mw": 4.41,
        "frp_mean_mw": 4.41,
        "frp_median_mw": 4.41,
        "frp_min_mw": 4.41,
        "frp_sum_mw": 4.41,
        "night_fraction": 0.0,
        "optical_cohort_status": "not_in_cohort",
        "possible_chain_merge": false,
        "public_event_id": "evt-0069",
        "satellite_count": 1,
        "satellites": [
          "N"
        ],
        "source_count": 1,
        "start_time_utc": "2025-03-12T19:14:00Z"
      },
      "type": "Feature"
    },
    {
      "geometry": {
        "coordinates": [
          -80.23971,
          8.77392
        ],
        "type": "Point"
      },
      "properties": {
        "configuration_id": "r1500_t06",
        "day_fraction": 1.0,
        "daynight_known_count": 1,
        "detection_count": 1,
        "duration_hours": 0.0,
        "end_time_utc": "2025-04-01T18:22:00Z",
        "frp_max_mw": 3.2,
        "frp_mean_mw": 3.2,
        "frp_median_mw": 3.2,
        "frp_min_mw": 3.2,
        "frp_sum_mw": 3.2,
        "night_fraction": 0.0,
        "optical_cohort_status": "not_in_cohort",
        "possible_chain_merge": false,
        "public_event_id": "evt-0070",
        "satellite_count": 1,
        "satellites": [
          "N20"
        ],
        "source_count": 1,
        "start_time_utc": "2025-04-01T18:22:00Z"
      },
      "type": "Feature"
    },
    {
      "geometry": {
        "coordinates": [
          -80.39566,
          8.83185
        ],
        "type": "Point"
      },
      "properties": {
        "configuration_id": "r1500_t06",
        "day_fraction": 1.0,
        "daynight_known_count": 1,
        "detection_count": 1,
        "duration_hours": 0.0,
        "end_time_utc": "2025-04-16T18:18:00Z",
        "frp_max_mw": 6.03,
        "frp_mean_mw": 6.03,
        "frp_median_mw": 6.03,
        "frp_min_mw": 6.03,
        "frp_sum_mw": 6.03,
        "night_fraction": 0.0,
        "optical_cohort_status": "not_in_cohort",
        "possible_chain_merge": false,
        "public_event_id": "evt-0071",
        "satellite_count": 1,
        "satellites": [
          "N"
        ],
        "source_count": 1,
        "start_time_utc": "2025-04-16T18:18:00Z"
      },
      "type": "Feature"
    },
    {
      "geometry": {
        "coordinates": [
          -80.37968,
          8.6358
        ],
        "type": "Point"
      },
      "properties": {
        "configuration_id": "r1500_t06",
        "day_fraction": 1.0,
        "daynight_known_count": 1,
        "detection_count": 1,
        "duration_hours": 0.0,
        "end_time_utc": "2025-03-31T18:18:00Z",
        "frp_max_mw": 3.63,
        "frp_mean_mw": 3.63,
        "frp_median_mw": 3.63,
        "frp_min_mw": 3.63,
        "frp_sum_mw": 3.63,
        "night_fraction": 0.0,
        "optical_cohort_status": "unobserved",
        "possible_chain_merge": false,
        "public_event_id": "evt-0072",
        "satellite_count": 1,
        "satellites": [
          "N"
        ],
        "source_count": 1,
        "start_time_utc": "2025-03-31T18:18:00Z"
      },
      "type": "Feature"
    },
    {
      "geometry": {
        "coordinates": [
          -80.62202,
          8.51878
        ],
        "type": "Point"
      },
      "properties": {
        "configuration_id": "r1500_t06",
        "day_fraction": 1.0,
        "daynight_known_count": 1,
        "detection_count": 1,
        "duration_hours": 0.0,
        "end_time_utc": "2025-03-27T18:15:00Z",
        "frp_max_mw": 10.79,
        "frp_mean_mw": 10.79,
        "frp_median_mw": 10.79,
        "frp_min_mw": 10.79,
        "frp_sum_mw": 10.79,
        "night_fraction": 0.0,
        "optical_cohort_status": "not_in_cohort",
        "possible_chain_merge": false,
        "public_event_id": "evt-0073",
        "satellite_count": 1,
        "satellites": [
          "N20"
        ],
        "source_count": 1,
        "start_time_utc": "2025-03-27T18:15:00Z"
      },
      "type": "Feature"
    },
    {
      "geometry": {
        "coordinates": [
          -80.375557,
          8.534467
        ],
        "type": "Point"
      },
      "properties": {
        "configuration_id": "r1500_t06",
        "day_fraction": 0.0,
        "daynight_known_count": 4,
        "detection_count": 4,
        "duration_hours": 0.366667,
        "end_time_utc": "2025-04-20T06:20:00Z",
        "frp_max_mw": 2.46,
        "frp_mean_mw": 1.8775,
        "frp_median_mw": 1.82,
        "frp_min_mw": 1.41,
        "frp_sum_mw": 7.51,
        "night_fraction": 1.0,
        "optical_cohort_status": "not_in_cohort",
        "possible_chain_merge": false,
        "public_event_id": "evt-0074",
        "satellite_count": 2,
        "satellites": [
          "N",
          "N20"
        ],
        "source_count": 2,
        "start_time_utc": "2025-04-20T05:58:00Z"
      },
      "type": "Feature"
    },
    {
      "geometry": {
        "coordinates": [
          -80.679525,
          8.385405
        ],
        "type": "Point"
      },
      "properties": {
        "configuration_id": "r1500_t06",
        "day_fraction": 1.0,
        "daynight_known_count": 2,
        "detection_count": 2,
        "duration_hours": 0.0,
        "end_time_utc": "2025-04-15T19:00:00Z",
        "frp_max_mw": 5.59,
        "frp_mean_mw": 5.585,
        "frp_median_mw": 5.585,
        "frp_min_mw": 5.58,
        "frp_sum_mw": 11.17,
        "night_fraction": 0.0,
        "optical_cohort_status": "not_in_cohort",
        "possible_chain_merge": false,
        "public_event_id": "evt-0075",
        "satellite_count": 1,
        "satellites": [
          "N20"
        ],
        "source_count": 1,
        "start_time_utc": "2025-04-15T19:00:00Z"
      },
      "type": "Feature"
    },
    {
      "geometry": {
        "coordinates": [
          -80.53249,
          8.203005
        ],
        "type": "Point"
      },
      "properties": {
        "configuration_id": "r1500_t06",
        "day_fraction": 0.0,
        "daynight_known_count": 2,
        "detection_count": 2,
        "duration_hours": 0.0,
        "end_time_utc": "2025-03-13T06:33:00Z",
        "frp_max_mw": 1.73,
        "frp_mean_mw": 1.335,
        "frp_median_mw": 1.335,
        "frp_min_mw": 0.94,
        "frp_sum_mw": 2.67,
        "night_fraction": 1.0,
        "optical_cohort_status": "not_in_cohort",
        "possible_chain_merge": false,
        "public_event_id": "evt-0076",
        "satellite_count": 1,
        "satellites": [
          "N20"
        ],
        "source_count": 1,
        "start_time_utc": "2025-03-13T06:33:00Z"
      },
      "type": "Feature"
    },
    {
      "geometry": {
        "coordinates": [
          -80.20824,
          8.910083
        ],
        "type": "Point"
      },
      "properties": {
        "configuration_id": "r1500_t06",
        "day_fraction": 1.0,
        "daynight_known_count": 3,
        "detection_count": 3,
        "duration_hours": 0.383333,
        "end_time_utc": "2025-04-01T18:22:00Z",
        "frp_max_mw": 15.89,
        "frp_mean_mw": 10.166667,
        "frp_median_mw": 7.6,
        "frp_min_mw": 7.01,
        "frp_sum_mw": 30.5,
        "night_fraction": 0.0,
        "optical_cohort_status": "not_in_cohort",
        "possible_chain_merge": false,
        "public_event_id": "evt-0077",
        "satellite_count": 2,
        "satellites": [
          "N",
          "N20"
        ],
        "source_count": 2,
        "start_time_utc": "2025-04-01T17:59:00Z"
      },
      "type": "Feature"
    },
    {
      "geometry": {
        "coordinates": [
          -80.460347,
          8.50952
        ],
        "type": "Point"
      },
      "properties": {
        "configuration_id": "r1500_t06",
        "day_fraction": 1.0,
        "daynight_known_count": 3,
        "detection_count": 3,
        "duration_hours": 0.383333,
        "end_time_utc": "2025-01-25T19:00:00Z",
        "frp_max_mw": 13.67,
        "frp_mean_mw": 10.243333,
        "frp_median_mw": 10.02,
        "frp_min_mw": 7.04,
        "frp_sum_mw": 30.73,
        "night_fraction": 0.0,
        "optical_cohort_status": "not_in_cohort",
        "possible_chain_merge": false,
        "public_event_id": "evt-0078",
        "satellite_count": 2,
        "satellites": [
          "N",
          "N20"
        ],
        "source_count": 2,
        "start_time_utc": "2025-01-25T18:37:00Z"
      },
      "type": "Feature"
    },
    {
      "geometry": {
        "coordinates": [
          -80.262585,
          8.50076
        ],
        "type": "Point"
      },
      "properties": {
        "configuration_id": "r1500_t06",
        "day_fraction": 0.0,
        "daynight_known_count": 2,
        "detection_count": 2,
        "duration_hours": 0.366667,
        "end_time_utc": "2025-03-31T07:35:00Z",
        "frp_max_mw": 1.65,
        "frp_mean_mw": 1.055,
        "frp_median_mw": 1.055,
        "frp_min_mw": 0.46,
        "frp_sum_mw": 2.11,
        "night_fraction": 1.0,
        "optical_cohort_status": "not_in_cohort",
        "possible_chain_merge": false,
        "public_event_id": "evt-0079",
        "satellite_count": 2,
        "satellites": [
          "N",
          "N20"
        ],
        "source_count": 2,
        "start_time_utc": "2025-03-31T07:13:00Z"
      },
      "type": "Feature"
    },
    {
      "geometry": {
        "coordinates": [
          -80.45602,
          8.31486
        ],
        "type": "Point"
      },
      "properties": {
        "configuration_id": "r1500_t06",
        "day_fraction": 0.0,
        "daynight_known_count": 3,
        "detection_count": 3,
        "duration_hours": 0.383333,
        "end_time_utc": "2025-04-25T06:27:00Z",
        "frp_max_mw": 10.56,
        "frp_mean_mw": 5.486667,
        "frp_median_mw": 2.95,
        "frp_min_mw": 2.95,
        "frp_sum_mw": 16.46,
        "night_fraction": 1.0,
        "optical_cohort_status": "not_in_cohort",
        "possible_chain_merge": false,
        "public_event_id": "evt-0080",
        "satellite_count": 2,
        "satellites": [
          "N",
          "N20"
        ],
        "source_count": 2,
        "start_time_utc": "2025-04-25T06:04:00Z"
      },
      "type": "Feature"
    },
    {
      "geometry": {
        "coordinates": [
          -80.48765,
          8.4432
        ],
        "type": "Point"
      },
      "properties": {
        "configuration_id": "r1500_t06",
        "day_fraction": 1.0,
        "daynight_known_count": 1,
        "detection_count": 1,
        "duration_hours": 0.0,
        "end_time_utc": "2025-03-15T18:18:00Z",
        "frp_max_mw": 7.11,
        "frp_mean_mw": 7.11,
        "frp_median_mw": 7.11,
        "frp_min_mw": 7.11,
        "frp_sum_mw": 7.11,
        "night_fraction": 0.0,
        "optical_cohort_status": "not_in_cohort",
        "possible_chain_merge": false,
        "public_event_id": "evt-0081",
        "satellite_count": 1,
        "satellites": [
          "N"
        ],
        "source_count": 1,
        "start_time_utc": "2025-03-15T18:18:00Z"
      },
      "type": "Feature"
    },
    {
      "geometry": {
        "coordinates": [
          -80.73866,
          8.486085
        ],
        "type": "Point"
      },
      "properties": {
        "configuration_id": "r1500_t06",
        "day_fraction": 1.0,
        "daynight_known_count": 2,
        "detection_count": 2,
        "duration_hours": 0.383333,
        "end_time_utc": "2025-04-19T19:25:00Z",
        "frp_max_mw": 18.22,
        "frp_mean_mw": 12.67,
        "frp_median_mw": 12.67,
        "frp_min_mw": 7.12,
        "frp_sum_mw": 25.34,
        "night_fraction": 0.0,
        "optical_cohort_status": "not_in_cohort",
        "possible_chain_merge": false,
        "public_event_id": "evt-0082",
        "satellite_count": 2,
        "satellites": [
          "N",
          "N20"
        ],
        "source_count": 2,
        "start_time_utc": "2025-04-19T19:02:00Z"
      },
      "type": "Feature"
    },
    {
      "geometry": {
        "coordinates": [
          -80.27732,
          8.882966
        ],
        "type": "Point"
      },
      "properties": {
        "configuration_id": "r1500_t06",
        "day_fraction": 1.0,
        "daynight_known_count": 5,
        "detection_count": 5,
        "duration_hours": 0.383333,
        "end_time_utc": "2025-04-01T18:22:00Z",
        "frp_max_mw": 12.02,
        "frp_mean_mw": 8.5,
        "frp_median_mw": 7.19,
        "frp_min_mw": 5.52,
        "frp_sum_mw": 42.5,
        "night_fraction": 0.0,
        "optical_cohort_status": "not_in_cohort",
        "possible_chain_merge": false,
        "public_event_id": "evt-0083",
        "satellite_count": 2,
        "satellites": [
          "N",
          "N20"
        ],
        "source_count": 2,
        "start_time_utc": "2025-04-01T17:59:00Z"
      },
      "type": "Feature"
    },
    {
      "geometry": {
        "coordinates": [
          -80.66264,
          8.18945
        ],
        "type": "Point"
      },
      "properties": {
        "configuration_id": "r1500_t06",
        "day_fraction": 1.0,
        "daynight_known_count": 1,
        "detection_count": 1,
        "duration_hours": 0.0,
        "end_time_utc": "2025-03-19T18:43:00Z",
        "frp_max_mw": 2.2,
        "frp_mean_mw": 2.2,
        "frp_median_mw": 2.2,
        "frp_min_mw": 2.2,
        "frp_sum_mw": 2.2,
        "night_fraction": 0.0,
        "optical_cohort_status": "not_in_cohort",
        "possible_chain_merge": false,
        "public_event_id": "evt-0084",
        "satellite_count": 1,
        "satellites": [
          "N"
        ],
        "source_count": 1,
        "start_time_utc": "2025-03-19T18:43:00Z"
      },
      "type": "Feature"
    },
    {
      "geometry": {
        "coordinates": [
          -80.17834,
          8.67986
        ],
        "type": "Point"
      },
      "properties": {
        "configuration_id": "r1500_t06",
        "day_fraction": 1.0,
        "daynight_known_count": 1,
        "detection_count": 1,
        "duration_hours": 0.0,
        "end_time_utc": "2025-04-09T18:50:00Z",
        "frp_max_mw": 2.55,
        "frp_mean_mw": 2.55,
        "frp_median_mw": 2.55,
        "frp_min_mw": 2.55,
        "frp_sum_mw": 2.55,
        "night_fraction": 0.0,
        "optical_cohort_status": "not_in_cohort",
        "possible_chain_merge": false,
        "public_event_id": "evt-0085",
        "satellite_count": 1,
        "satellites": [
          "N"
        ],
        "source_count": 1,
        "start_time_utc": "2025-04-09T18:50:00Z"
      },
      "type": "Feature"
    },
    {
      "geometry": {
        "coordinates": [
          -80.190153,
          8.423763
        ],
        "type": "Point"
      },
      "properties": {
        "configuration_id": "r1500_t06",
        "day_fraction": 1.0,
        "daynight_known_count": 3,
        "detection_count": 3,
        "duration_hours": 0.383333,
        "end_time_utc": "2025-04-16T18:41:00Z",
        "frp_max_mw": 41.08,
        "frp_mean_mw": 15.916667,
        "frp_median_mw": 4.27,
        "frp_min_mw": 2.4,
        "frp_sum_mw": 47.75,
        "night_fraction": 0.0,
        "optical_cohort_status": "not_in_cohort",
        "possible_chain_merge": false,
        "public_event_id": "evt-0086",
        "satellite_count": 2,
        "satellites": [
          "N",
          "N20"
        ],
        "source_count": 2,
        "start_time_utc": "2025-04-16T18:18:00Z"
      },
      "type": "Feature"
    },
    {
      "geometry": {
        "coordinates": [
          -80.72394,
          8.43748
        ],
        "type": "Point"
      },
      "properties": {
        "configuration_id": "r1500_t06",
        "day_fraction": 1.0,
        "daynight_known_count": 1,
        "detection_count": 1,
        "duration_hours": 0.0,
        "end_time_utc": "2025-03-19T19:06:00Z",
        "frp_max_mw": 12.35,
        "frp_mean_mw": 12.35,
        "frp_median_mw": 12.35,
        "frp_min_mw": 12.35,
        "frp_sum_mw": 12.35,
        "night_fraction": 0.0,
        "optical_cohort_status": "not_in_cohort",
        "possible_chain_merge": false,
        "public_event_id": "evt-0087",
        "satellite_count": 1,
        "satellites": [
          "N20"
        ],
        "source_count": 1,
        "start_time_utc": "2025-03-19T19:06:00Z"
      },
      "type": "Feature"
    },
    {
      "geometry": {
        "coordinates": [
          -80.207365,
          8.38281
        ],
        "type": "Point"
      },
      "properties": {
        "configuration_id": "r1500_t06",
        "day_fraction": 1.0,
        "daynight_known_count": 2,
        "detection_count": 2,
        "duration_hours": 0.366667,
        "end_time_utc": "2025-01-30T19:06:00Z",
        "frp_max_mw": 7.97,
        "frp_mean_mw": 5.585,
        "frp_median_mw": 5.585,
        "frp_min_mw": 3.2,
        "frp_sum_mw": 11.17,
        "night_fraction": 0.0,
        "optical_cohort_status": "not_in_cohort",
        "possible_chain_merge": false,
        "public_event_id": "evt-0088",
        "satellite_count": 2,
        "satellites": [
          "N",
          "N20"
        ],
        "source_count": 2,
        "start_time_utc": "2025-01-30T18:44:00Z"
      },
      "type": "Feature"
    },
    {
      "geometry": {
        "coordinates": [
          -80.73598,
          8.18819
        ],
        "type": "Point"
      },
      "properties": {
        "configuration_id": "r1500_t06",
        "day_fraction": 1.0,
        "daynight_known_count": 1,
        "detection_count": 1,
        "duration_hours": 0.0,
        "end_time_utc": "2025-02-18T18:10:00Z",
        "frp_max_mw": 7.66,
        "frp_mean_mw": 7.66,
        "frp_median_mw": 7.66,
        "frp_min_mw": 7.66,
        "frp_sum_mw": 7.66,
        "night_fraction": 0.0,
        "optical_cohort_status": "not_in_cohort",
        "possible_chain_merge": false,
        "public_event_id": "evt-0089",
        "satellite_count": 1,
        "satellites": [
          "N20"
        ],
        "source_count": 1,
        "start_time_utc": "2025-02-18T18:10:00Z"
      },
      "type": "Feature"
    },
    {
      "geometry": {
        "coordinates": [
          -80.73071,
          8.38674
        ],
        "type": "Point"
      },
      "properties": {
        "configuration_id": "r1500_t06",
        "day_fraction": 1.0,
        "daynight_known_count": 1,
        "detection_count": 1,
        "duration_hours": 0.0,
        "end_time_utc": "2025-03-06T18:10:00Z",
        "frp_max_mw": 10.59,
        "frp_mean_mw": 10.59,
        "frp_median_mw": 10.59,
        "frp_min_mw": 10.59,
        "frp_sum_mw": 10.59,
        "night_fraction": 0.0,
        "optical_cohort_status": "not_in_cohort",
        "possible_chain_merge": false,
        "public_event_id": "evt-0090",
        "satellite_count": 1,
        "satellites": [
          "N20"
        ],
        "source_count": 1,
        "start_time_utc": "2025-03-06T18:10:00Z"
      },
      "type": "Feature"
    },
    {
      "geometry": {
        "coordinates": [
          -80.70109,
          8.41838
        ],
        "type": "Point"
      },
      "properties": {
        "configuration_id": "r1500_t06",
        "day_fraction": 1.0,
        "daynight_known_count": 1,
        "detection_count": 1,
        "duration_hours": 0.0,
        "end_time_utc": "2025-03-24T18:49:00Z",
        "frp_max_mw": 2.26,
        "frp_mean_mw": 2.26,
        "frp_median_mw": 2.26,
        "frp_min_mw": 2.26,
        "frp_sum_mw": 2.26,
        "night_fraction": 0.0,
        "optical_cohort_status": "observable",
        "possible_chain_merge": false,
        "public_event_id": "evt-0091",
        "satellite_count": 1,
        "satellites": [
          "N"
        ],
        "source_count": 1,
        "start_time_utc": "2025-03-24T18:49:00Z"
      },
      "type": "Feature"
    },
    {
      "geometry": {
        "coordinates": [
          -80.537727,
          8.49985
        ],
        "type": "Point"
      },
      "properties": {
        "configuration_id": "r1500_t06",
        "day_fraction": 1.0,
        "daynight_known_count": 3,
        "detection_count": 3,
        "duration_hours": 0.383333,
        "end_time_utc": "2025-03-04T18:47:00Z",
        "frp_max_mw": 7.52,
        "frp_mean_mw": 5.116667,
        "frp_median_mw": 4.83,
        "frp_min_mw": 3.0,
        "frp_sum_mw": 15.35,
        "night_fraction": 0.0,
        "optical_cohort_status": "not_in_cohort",
        "possible_chain_merge": false,
        "public_event_id": "evt-0092",
        "satellite_count": 2,
        "satellites": [
          "N",
          "N20"
        ],
        "source_count": 2,
        "start_time_utc": "2025-03-04T18:24:00Z"
      },
      "type": "Feature"
    },
    {
      "geometry": {
        "coordinates": [
          -80.291003,
          8.353
        ],
        "type": "Point"
      },
      "properties": {
        "configuration_id": "r1500_t06",
        "day_fraction": 1.0,
        "daynight_known_count": 3,
        "detection_count": 3,
        "duration_hours": 0.0,
        "end_time_utc": "2025-03-18T19:02:00Z",
        "frp_max_mw": 5.22,
        "frp_mean_mw": 4.093333,
        "frp_median_mw": 3.53,
        "frp_min_mw": 3.53,
        "frp_sum_mw": 12.28,
        "night_fraction": 0.0,
        "optical_cohort_status": "not_in_cohort",
        "possible_chain_merge": false,
        "public_event_id": "evt-0093",
        "satellite_count": 1,
        "satellites": [
          "N"
        ],
        "source_count": 1,
        "start_time_utc": "2025-03-18T19:02:00Z"
      },
      "type": "Feature"
    },
    {
      "geometry": {
        "coordinates": [
          -80.362475,
          8.608435
        ],
        "type": "Point"
      },
      "properties": {
        "configuration_id": "r1500_t06",
        "day_fraction": 1.0,
        "daynight_known_count": 2,
        "detection_count": 2,
        "duration_hours": 0.0,
        "end_time_utc": "2025-04-14T18:56:00Z",
        "frp_max_mw": 8.94,
        "frp_mean_mw": 7.115,
        "frp_median_mw": 7.115,
        "frp_min_mw": 5.29,
        "frp_sum_mw": 14.23,
        "night_fraction": 0.0,
        "optical_cohort_status": "not_in_cohort",
        "possible_chain_merge": false,
        "public_event_id": "evt-0094",
        "satellite_count": 1,
        "satellites": [
          "N"
        ],
        "source_count": 1,
        "start_time_utc": "2025-04-14T18:56:00Z"
      },
      "type": "Feature"
    },
    {
      "geometry": {
        "coordinates": [
          -80.6566,
          8.6333
        ],
        "type": "Point"
      },
      "properties": {
        "configuration_id": "r1500_t06",
        "day_fraction": 1.0,
        "daynight_known_count": 1,
        "detection_count": 1,
        "duration_hours": 0.0,
        "end_time_utc": "2025-04-08T19:08:00Z",
        "frp_max_mw": 3.1,
        "frp_mean_mw": 3.1,
        "frp_median_mw": 3.1,
        "frp_min_mw": 3.1,
        "frp_sum_mw": 3.1,
        "night_fraction": 0.0,
        "optical_cohort_status": "not_in_cohort",
        "possible_chain_merge": false,
        "public_event_id": "evt-0095",
        "satellite_count": 1,
        "satellites": [
          "N"
        ],
        "source_count": 1,
        "start_time_utc": "2025-04-08T19:08:00Z"
      },
      "type": "Feature"
    },
    {
      "geometry": {
        "coordinates": [
          -80.328345,
          8.63198
        ],
        "type": "Point"
      },
      "properties": {
        "configuration_id": "r1500_t06",
        "day_fraction": 1.0,
        "daynight_known_count": 2,
        "detection_count": 2,
        "duration_hours": 0.0,
        "end_time_utc": "2025-03-08T18:50:00Z",
        "frp_max_mw": 3.48,
        "frp_mean_mw": 3.48,
        "frp_median_mw": 3.48,
        "frp_min_mw": 3.48,
        "frp_sum_mw": 6.96,
        "night_fraction": 0.0,
        "optical_cohort_status": "not_in_cohort",
        "possible_chain_merge": false,
        "public_event_id": "evt-0096",
        "satellite_count": 1,
        "satellites": [
          "N"
        ],
        "source_count": 1,
        "start_time_utc": "2025-03-08T18:50:00Z"
      },
      "type": "Feature"
    },
    {
      "geometry": {
        "coordinates": [
          -80.56166,
          8.16569
        ],
        "type": "Point"
      },
      "properties": {
        "configuration_id": "r1500_t06",
        "day_fraction": 0.0,
        "daynight_known_count": 1,
        "detection_count": 1,
        "duration_hours": 0.0,
        "end_time_utc": "2025-03-05T07:01:00Z",
        "frp_max_mw": 0.86,
        "frp_mean_mw": 0.86,
        "frp_median_mw": 0.86,
        "frp_min_mw": 0.86,
        "frp_sum_mw": 0.86,
        "night_fraction": 1.0,
        "optical_cohort_status": "not_in_cohort",
        "possible_chain_merge": false,
        "public_event_id": "evt-0097",
        "satellite_count": 1,
        "satellites": [
          "N"
        ],
        "source_count": 1,
        "start_time_utc": "2025-03-05T07:01:00Z"
      },
      "type": "Feature"
    },
    {
      "geometry": {
        "coordinates": [
          -80.11801,
          8.40003
        ],
        "type": "Point"
      },
      "properties": {
        "configuration_id": "r1500_t06",
        "day_fraction": 1.0,
        "daynight_known_count": 1,
        "detection_count": 1,
        "duration_hours": 0.0,
        "end_time_utc": "2025-02-17T18:06:00Z",
        "frp_max_mw": 2.44,
        "frp_mean_mw": 2.44,
        "frp_median_mw": 2.44,
        "frp_min_mw": 2.44,
        "frp_sum_mw": 2.44,
        "night_fraction": 0.0,
        "optical_cohort_status": "not_in_cohort",
        "possible_chain_merge": false,
        "public_event_id": "evt-0098",
        "satellite_count": 1,
        "satellites": [
          "N"
        ],
        "source_count": 1,
        "start_time_utc": "2025-02-17T18:06:00Z"
      },
      "type": "Feature"
    },
    {
      "geometry": {
        "coordinates": [
          -80.65583,
          8.143622
        ],
        "type": "Point"
      },
      "properties": {
        "configuration_id": "r1500_t06",
        "day_fraction": 0.0,
        "daynight_known_count": 4,
        "detection_count": 4,
        "duration_hours": 0.383333,
        "end_time_utc": "2025-02-03T06:46:00Z",
        "frp_max_mw": 1.65,
        "frp_mean_mw": 1.14,
        "frp_median_mw": 1.115,
        "frp_min_mw": 0.68,
        "frp_sum_mw": 4.56,
        "night_fraction": 1.0,
        "optical_cohort_status": "not_in_cohort",
        "possible_chain_merge": false,
        "public_event_id": "evt-0099",
        "satellite_count": 2,
        "satellites": [
          "N",
          "N20"
        ],
        "source_count": 2,
        "start_time_utc": "2025-02-03T06:23:00Z"
      },
      "type": "Feature"
    },
    {
      "geometry": {
        "coordinates": [
          -80.23628,
          8.95625
        ],
        "type": "Point"
      },
      "properties": {
        "configuration_id": "r1500_t06",
        "day_fraction": 1.0,
        "daynight_known_count": 1,
        "detection_count": 1,
        "duration_hours": 0.0,
        "end_time_utc": "2025-03-08T19:13:00Z",
        "frp_max_mw": 2.23,
        "frp_mean_mw": 2.23,
        "frp_median_mw": 2.23,
        "frp_min_mw": 2.23,
        "frp_sum_mw": 2.23,
        "night_fraction": 0.0,
        "optical_cohort_status": "not_in_cohort",
        "possible_chain_merge": false,
        "public_event_id": "evt-0100",
        "satellite_count": 1,
        "satellites": [
          "N20"
        ],
        "source_count": 1,
        "start_time_utc": "2025-03-08T19:13:00Z"
      },
      "type": "Feature"
    },
    {
      "geometry": {
        "coordinates": [
          -80.56801,
          8.32521
        ],
        "type": "Point"
      },
      "properties": {
        "configuration_id": "r1500_t06",
        "day_fraction": 0.0,
        "daynight_known_count": 1,
        "detection_count": 1,
        "duration_hours": 0.0,
        "end_time_utc": "2025-03-12T06:29:00Z",
        "frp_max_mw": 28.24,
        "frp_mean_mw": 28.24,
        "frp_median_mw": 28.24,
        "frp_min_mw": 28.24,
        "frp_sum_mw": 28.24,
        "night_fraction": 1.0,
        "optical_cohort_status": "not_in_cohort",
        "possible_chain_merge": false,
        "public_event_id": "evt-0101",
        "satellite_count": 1,
        "satellites": [
          "N"
        ],
        "source_count": 1,
        "start_time_utc": "2025-03-12T06:29:00Z"
      },
      "type": "Feature"
    },
    {
      "geometry": {
        "coordinates": [
          -80.24602,
          8.77049
        ],
        "type": "Point"
      },
      "properties": {
        "configuration_id": "r1500_t06",
        "day_fraction": 1.0,
        "daynight_known_count": 1,
        "detection_count": 1,
        "duration_hours": 0.0,
        "end_time_utc": "2025-03-20T18:47:00Z",
        "frp_max_mw": 14.57,
        "frp_mean_mw": 14.57,
        "frp_median_mw": 14.57,
        "frp_min_mw": 14.57,
        "frp_sum_mw": 14.57,
        "night_fraction": 0.0,
        "optical_cohort_status": "not_in_cohort",
        "possible_chain_merge": false,
        "public_event_id": "evt-0102",
        "satellite_count": 1,
        "satellites": [
          "N20"
        ],
        "source_count": 1,
        "start_time_utc": "2025-03-20T18:47:00Z"
      },
      "type": "Feature"
    },
    {
      "geometry": {
        "coordinates": [
          -80.710895,
          8.46517
        ],
        "type": "Point"
      },
      "properties": {
        "configuration_id": "r1500_t06",
        "day_fraction": 1.0,
        "daynight_known_count": 2,
        "detection_count": 2,
        "duration_hours": 0.366667,
        "end_time_utc": "2025-04-09T19:12:00Z",
        "frp_max_mw": 5.8,
        "frp_mean_mw": 5.465,
        "frp_median_mw": 5.465,
        "frp_min_mw": 5.13,
        "frp_sum_mw": 10.93,
        "night_fraction": 0.0,
        "optical_cohort_status": "not_in_cohort",
        "possible_chain_merge": false,
        "public_event_id": "evt-0103",
        "satellite_count": 2,
        "satellites": [
          "N",
          "N20"
        ],
        "source_count": 2,
        "start_time_utc": "2025-04-09T18:50:00Z"
      },
      "type": "Feature"
    },
    {
      "geometry": {
        "coordinates": [
          -80.44485,
          8.41183
        ],
        "type": "Point"
      },
      "properties": {
        "configuration_id": "r1500_t06",
        "day_fraction": 0.0,
        "daynight_known_count": 2,
        "detection_count": 2,
        "duration_hours": 0.0,
        "end_time_utc": "2025-03-14T06:14:00Z",
        "frp_max_mw": 2.31,
        "frp_mean_mw": 2.03,
        "frp_median_mw": 2.03,
        "frp_min_mw": 1.75,
        "frp_sum_mw": 4.06,
        "night_fraction": 1.0,
        "optical_cohort_status": "not_in_cohort",
        "possible_chain_merge": false,
        "public_event_id": "evt-0104",
        "satellite_count": 1,
        "satellites": [
          "N20"
        ],
        "source_count": 1,
        "start_time_utc": "2025-03-14T06:14:00Z"
      },
      "type": "Feature"
    },
    {
      "geometry": {
        "coordinates": [
          -80.25242,
          8.71301
        ],
        "type": "Point"
      },
      "properties": {
        "configuration_id": "r1500_t06",
        "day_fraction": 1.0,
        "daynight_known_count": 1,
        "detection_count": 1,
        "duration_hours": 0.0,
        "end_time_utc": "2025-03-13T18:56:00Z",
        "frp_max_mw": 4.19,
        "frp_mean_mw": 4.19,
        "frp_median_mw": 4.19,
        "frp_min_mw": 4.19,
        "frp_sum_mw": 4.19,
        "night_fraction": 0.0,
        "optical_cohort_status": "not_in_cohort",
        "possible_chain_merge": false,
        "public_event_id": "evt-0105",
        "satellite_count": 1,
        "satellites": [
          "N"
        ],
        "source_count": 1,
        "start_time_utc": "2025-03-13T18:56:00Z"
      },
      "type": "Feature"
    },
    {
      "geometry": {
        "coordinates": [
          -80.19672,
          8.39689
        ],
        "type": "Point"
      },
      "properties": {
        "configuration_id": "r1500_t06",
        "day_fraction": 1.0,
        "daynight_known_count": 1,
        "detection_count": 1,
        "duration_hours": 0.0,
        "end_time_utc": "2025-04-15T19:00:00Z",
        "frp_max_mw": 1.54,
        "frp_mean_mw": 1.54,
        "frp_median_mw": 1.54,
        "frp_min_mw": 1.54,
        "frp_sum_mw": 1.54,
        "night_fraction": 0.0,
        "optical_cohort_status": "not_in_cohort",
        "possible_chain_merge": false,
        "public_event_id": "evt-0106",
        "satellite_count": 1,
        "satellites": [
          "N20"
        ],
        "source_count": 1,
        "start_time_utc": "2025-04-15T19:00:00Z"
      },
      "type": "Feature"
    },
    {
      "geometry": {
        "coordinates": [
          -80.46443,
          8.74035
        ],
        "type": "Point"
      },
      "properties": {
        "configuration_id": "r1500_t06",
        "day_fraction": 1.0,
        "daynight_known_count": 1,
        "detection_count": 1,
        "duration_hours": 0.0,
        "end_time_utc": "2025-04-08T19:31:00Z",
        "frp_max_mw": 9.69,
        "frp_mean_mw": 9.69,
        "frp_median_mw": 9.69,
        "frp_min_mw": 9.69,
        "frp_sum_mw": 9.69,
        "night_fraction": 0.0,
        "optical_cohort_status": "not_in_cohort",
        "possible_chain_merge": false,
        "public_event_id": "evt-0107",
        "satellite_count": 1,
        "satellites": [
          "N20"
        ],
        "source_count": 1,
        "start_time_utc": "2025-04-08T19:31:00Z"
      },
      "type": "Feature"
    },
    {
      "geometry": {
        "coordinates": [
          -80.4597,
          8.2855
        ],
        "type": "Point"
      },
      "properties": {
        "configuration_id": "r1500_t06",
        "day_fraction": 1.0,
        "daynight_known_count": 2,
        "detection_count": 2,
        "duration_hours": 0.0,
        "end_time_utc": "2025-01-31T18:47:00Z",
        "frp_max_mw": 3.45,
        "frp_mean_mw": 3.005,
        "frp_median_mw": 3.005,
        "frp_min_mw": 2.56,
        "frp_sum_mw": 6.01,
        "night_fraction": 0.0,
        "optical_cohort_status": "not_in_cohort",
        "possible_chain_merge": false,
        "public_event_id": "evt-0108",
        "satellite_count": 1,
        "satellites": [
          "N20"
        ],
        "source_count": 1,
        "start_time_utc": "2025-01-31T18:47:00Z"
      },
      "type": "Feature"
    },
    {
      "geometry": {
        "coordinates": [
          -80.63946,
          8.592963
        ],
        "type": "Point"
      },
      "properties": {
        "configuration_id": "r1500_t06",
        "day_fraction": 1.0,
        "daynight_known_count": 3,
        "detection_count": 3,
        "duration_hours": 0.366667,
        "end_time_utc": "2025-03-04T18:47:00Z",
        "frp_max_mw": 18.74,
        "frp_mean_mw": 8.836667,
        "frp_median_mw": 5.02,
        "frp_min_mw": 2.75,
        "frp_sum_mw": 26.51,
        "night_fraction": 0.0,
        "optical_cohort_status": "not_in_cohort",
        "possible_chain_merge": false,
        "public_event_id": "evt-0109",
        "satellite_count": 2,
        "satellites": [
          "N",
          "N20"
        ],
        "source_count": 2,
        "start_time_utc": "2025-03-04T18:25:00Z"
      },
      "type": "Feature"
    },
    {
      "geometry": {
        "coordinates": [
          -80.34962,
          8.58388
        ],
        "type": "Point"
      },
      "properties": {
        "configuration_id": "r1500_t06",
        "day_fraction": 1.0,
        "daynight_known_count": 1,
        "detection_count": 1,
        "duration_hours": 0.0,
        "end_time_utc": "2025-04-26T18:31:00Z",
        "frp_max_mw": 5.5,
        "frp_mean_mw": 5.5,
        "frp_median_mw": 5.5,
        "frp_min_mw": 5.5,
        "frp_sum_mw": 5.5,
        "night_fraction": 0.0,
        "optical_cohort_status": "not_in_cohort",
        "possible_chain_merge": false,
        "public_event_id": "evt-0110",
        "satellite_count": 1,
        "satellites": [
          "N"
        ],
        "source_count": 1,
        "start_time_utc": "2025-04-26T18:31:00Z"
      },
      "type": "Feature"
    },
    {
      "geometry": {
        "coordinates": [
          -80.54065,
          8.32449
        ],
        "type": "Point"
      },
      "properties": {
        "configuration_id": "r1500_t06",
        "day_fraction": 0.0,
        "daynight_known_count": 1,
        "detection_count": 1,
        "duration_hours": 0.0,
        "end_time_utc": "2025-04-12T06:48:00Z",
        "frp_max_mw": 1.0,
        "frp_mean_mw": 1.0,
        "frp_median_mw": 1.0,
        "frp_min_mw": 1.0,
        "frp_sum_mw": 1.0,
        "night_fraction": 1.0,
        "optical_cohort_status": "not_in_cohort",
        "possible_chain_merge": false,
        "public_event_id": "evt-0111",
        "satellite_count": 1,
        "satellites": [
          "N"
        ],
        "source_count": 1,
        "start_time_utc": "2025-04-12T06:48:00Z"
      },
      "type": "Feature"
    },
    {
      "geometry": {
        "coordinates": [
          -80.15966,
          8.36547
        ],
        "type": "Point"
      },
      "properties": {
        "configuration_id": "r1500_t06",
        "day_fraction": 1.0,
        "daynight_known_count": 1,
        "detection_count": 1,
        "duration_hours": 0.0,
        "end_time_utc": "2025-01-25T18:37:00Z",
        "frp_max_mw": 6.19,
        "frp_mean_mw": 6.19,
        "frp_median_mw": 6.19,
        "frp_min_mw": 6.19,
        "frp_sum_mw": 6.19,
        "night_fraction": 0.0,
        "optical_cohort_status": "not_in_cohort",
        "possible_chain_merge": false,
        "public_event_id": "evt-0112",
        "satellite_count": 1,
        "satellites": [
          "N"
        ],
        "source_count": 1,
        "start_time_utc": "2025-01-25T18:37:00Z"
      },
      "type": "Feature"
    },
    {
      "geometry": {
        "coordinates": [
          -80.5954,
          8.626885
        ],
        "type": "Point"
      },
      "properties": {
        "configuration_id": "r1500_t06",
        "day_fraction": 1.0,
        "daynight_known_count": 2,
        "detection_count": 2,
        "duration_hours": 0.0,
        "end_time_utc": "2025-04-01T18:22:00Z",
        "frp_max_mw": 6.64,
        "frp_mean_mw": 6.64,
        "frp_median_mw": 6.64,
        "frp_min_mw": 6.64,
        "frp_sum_mw": 13.28,
        "night_fraction": 0.0,
        "optical_cohort_status": "not_in_cohort",
        "possible_chain_merge": false,
        "public_event_id": "evt-0113",
        "satellite_count": 1,
        "satellites": [
          "N20"
        ],
        "source_count": 1,
        "start_time_utc": "2025-04-01T18:22:00Z"
      },
      "type": "Feature"
    },
    {
      "geometry": {
        "coordinates": [
          -80.19514,
          9.03165
        ],
        "type": "Point"
      },
      "properties": {
        "configuration_id": "r1500_t06",
        "day_fraction": 1.0,
        "daynight_known_count": 1,
        "detection_count": 1,
        "duration_hours": 0.0,
        "end_time_utc": "2025-02-25T18:56:00Z",
        "frp_max_mw": 11.45,
        "frp_mean_mw": 11.45,
        "frp_median_mw": 11.45,
        "frp_min_mw": 11.45,
        "frp_sum_mw": 11.45,
        "night_fraction": 0.0,
        "optical_cohort_status": "not_in_cohort",
        "possible_chain_merge": false,
        "public_event_id": "evt-0114",
        "satellite_count": 1,
        "satellites": [
          "N"
        ],
        "source_count": 1,
        "start_time_utc": "2025-02-25T18:56:00Z"
      },
      "type": "Feature"
    },
    {
      "geometry": {
        "coordinates": [
          -80.186706,
          8.841411
        ],
        "type": "Point"
      },
      "properties": {
        "configuration_id": "r1500_t06",
        "day_fraction": 1.0,
        "daynight_known_count": 7,
        "detection_count": 7,
        "duration_hours": 0.383333,
        "end_time_utc": "2025-04-01T18:22:00Z",
        "frp_max_mw": 41.77,
        "frp_mean_mw": 20.934286,
        "frp_median_mw": 20.49,
        "frp_min_mw": 6.6,
        "frp_sum_mw": 146.54,
        "night_fraction": 0.0,
        "optical_cohort_status": "not_in_cohort",
        "possible_chain_merge": true,
        "public_event_id": "evt-0115",
        "satellite_count": 2,
        "satellites": [
          "N",
          "N20"
        ],
        "source_count": 2,
        "start_time_utc": "2025-04-01T17:59:00Z"
      },
      "type": "Feature"
    },
    {
      "geometry": {
        "coordinates": [
          -80.65544,
          8.380585
        ],
        "type": "Point"
      },
      "properties": {
        "configuration_id": "r1500_t06",
        "day_fraction": 1.0,
        "daynight_known_count": 2,
        "detection_count": 2,
        "duration_hours": 0.0,
        "end_time_utc": "2025-02-28T18:22:00Z",
        "frp_max_mw": 5.05,
        "frp_mean_mw": 3.215,
        "frp_median_mw": 3.215,
        "frp_min_mw": 1.38,
        "frp_sum_mw": 6.43,
        "night_fraction": 0.0,
        "optical_cohort_status": "not_in_cohort",
        "possible_chain_merge": false,
        "public_event_id": "evt-0116",
        "satellite_count": 1,
        "satellites": [
          "N20"
        ],
        "source_count": 1,
        "start_time_utc": "2025-02-28T18:22:00Z"
      },
      "type": "Feature"
    },
    {
      "geometry": {
        "coordinates": [
          -80.492367,
          8.303133
        ],
        "type": "Point"
      },
      "properties": {
        "configuration_id": "r1500_t06",
        "day_fraction": 0.0,
        "daynight_known_count": 3,
        "detection_count": 3,
        "duration_hours": 0.383333,
        "end_time_utc": "2025-04-24T06:46:00Z",
        "frp_max_mw": 22.36,
        "frp_mean_mw": 11.226667,
        "frp_median_mw": 10.68,
        "frp_min_mw": 0.64,
        "frp_sum_mw": 33.68,
        "night_fraction": 1.0,
        "optical_cohort_status": "not_in_cohort",
        "possible_chain_merge": false,
        "public_event_id": "evt-0117",
        "satellite_count": 2,
        "satellites": [
          "N",
          "N20"
        ],
        "source_count": 2,
        "start_time_utc": "2025-04-24T06:23:00Z"
      },
      "type": "Feature"
    },
    {
      "geometry": {
        "coordinates": [
          -80.55771,
          8.49515
        ],
        "type": "Point"
      },
      "properties": {
        "configuration_id": "r1500_t06",
        "day_fraction": 1.0,
        "daynight_known_count": 1,
        "detection_count": 1,
        "duration_hours": 0.0,
        "end_time_utc": "2025-04-15T19:00:00Z",
        "frp_max_mw": 3.51,
        "frp_mean_mw": 3.51,
        "frp_median_mw": 3.51,
        "frp_min_mw": 3.51,
        "frp_sum_mw": 3.51,
        "night_fraction": 0.0,
        "optical_cohort_status": "not_in_cohort",
        "possible_chain_merge": false,
        "public_event_id": "evt-0118",
        "satellite_count": 1,
        "satellites": [
          "N20"
        ],
        "source_count": 1,
        "start_time_utc": "2025-04-15T19:00:00Z"
      },
      "type": "Feature"
    },
    {
      "geometry": {
        "coordinates": [
          -80.390818,
          8.79862
        ],
        "type": "Point"
      },
      "properties": {
        "configuration_id": "r1500_t06",
        "day_fraction": 1.0,
        "daynight_known_count": 5,
        "detection_count": 5,
        "duration_hours": 0.0,
        "end_time_utc": "2025-04-16T18:18:00Z",
        "frp_max_mw": 9.4,
        "frp_mean_mw": 5.694,
        "frp_median_mw": 4.44,
        "frp_min_mw": 3.9,
        "frp_sum_mw": 28.47,
        "night_fraction": 0.0,
        "optical_cohort_status": "not_in_cohort",
        "possible_chain_merge": true,
        "public_event_id": "evt-0119",
        "satellite_count": 1,
        "satellites": [
          "N"
        ],
        "source_count": 1,
        "start_time_utc": "2025-04-16T18:18:00Z"
      },
      "type": "Feature"
    },
    {
      "geometry": {
        "coordinates": [
          -80.67824,
          8.22303
        ],
        "type": "Point"
      },
      "properties": {
        "configuration_id": "r1500_t06",
        "day_fraction": 1.0,
        "daynight_known_count": 1,
        "detection_count": 1,
        "duration_hours": 0.0,
        "end_time_utc": "2025-03-24T18:49:00Z",
        "frp_max_mw": 2.01,
        "frp_mean_mw": 2.01,
        "frp_median_mw": 2.01,
        "frp_min_mw": 2.01,
        "frp_sum_mw": 2.01,
        "night_fraction": 0.0,
        "optical_cohort_status": "not_in_cohort",
        "possible_chain_merge": false,
        "public_event_id": "evt-0120",
        "satellite_count": 1,
        "satellites": [
          "N"
        ],
        "source_count": 1,
        "start_time_utc": "2025-03-24T18:49:00Z"
      },
      "type": "Feature"
    },
    {
      "geometry": {
        "coordinates": [
          -80.4861,
          8.29645
        ],
        "type": "Point"
      },
      "properties": {
        "configuration_id": "r1500_t06",
        "day_fraction": 0.0,
        "daynight_known_count": 1,
        "detection_count": 1,
        "duration_hours": 0.0,
        "end_time_utc": "2025-02-09T06:33:00Z",
        "frp_max_mw": 3.14,
        "frp_mean_mw": 3.14,
        "frp_median_mw": 3.14,
        "frp_min_mw": 3.14,
        "frp_sum_mw": 3.14,
        "night_fraction": 1.0,
        "optical_cohort_status": "not_in_cohort",
        "possible_chain_merge": false,
        "public_event_id": "evt-0121",
        "satellite_count": 1,
        "satellites": [
          "N20"
        ],
        "source_count": 1,
        "start_time_utc": "2025-02-09T06:33:00Z"
      },
      "type": "Feature"
    },
    {
      "geometry": {
        "coordinates": [
          -80.739525,
          8.531955
        ],
        "type": "Point"
      },
      "properties": {
        "configuration_id": "r1500_t06",
        "day_fraction": 1.0,
        "daynight_known_count": 2,
        "detection_count": 2,
        "duration_hours": 0.383333,
        "end_time_utc": "2025-02-28T18:22:00Z",
        "frp_max_mw": 4.94,
        "frp_mean_mw": 4.335,
        "frp_median_mw": 4.335,
        "frp_min_mw": 3.73,
        "frp_sum_mw": 8.67,
        "night_fraction": 0.0,
        "optical_cohort_status": "not_in_cohort",
        "possible_chain_merge": false,
        "public_event_id": "evt-0122",
        "satellite_count": 2,
        "satellites": [
          "N",
          "N20"
        ],
        "source_count": 2,
        "start_time_utc": "2025-02-28T17:59:00Z"
      },
      "type": "Feature"
    },
    {
      "geometry": {
        "coordinates": [
          -80.717473,
          8.440853
        ],
        "type": "Point"
      },
      "properties": {
        "configuration_id": "r1500_t06",
        "day_fraction": 1.0,
        "daynight_known_count": 3,
        "detection_count": 3,
        "duration_hours": 0.366667,
        "end_time_utc": "2025-04-09T19:12:00Z",
        "frp_max_mw": 5.87,
        "frp_mean_mw": 5.043333,
        "frp_median_mw": 4.94,
        "frp_min_mw": 4.32,
        "frp_sum_mw": 15.13,
        "night_fraction": 0.0,
        "optical_cohort_status": "not_in_cohort",
        "possible_chain_merge": false,
        "public_event_id": "evt-0123",
        "satellite_count": 2,
        "satellites": [
          "N",
          "N20"
        ],
        "source_count": 2,
        "start_time_utc": "2025-04-09T18:50:00Z"
      },
      "type": "Feature"
    },
    {
      "geometry": {
        "coordinates": [
          -80.25986,
          8.75568
        ],
        "type": "Point"
      },
      "properties": {
        "configuration_id": "r1500_t06",
        "day_fraction": 1.0,
        "daynight_known_count": 1,
        "detection_count": 1,
        "duration_hours": 0.0,
        "end_time_utc": "2025-04-09T19:12:00Z",
        "frp_max_mw": 3.3,
        "frp_mean_mw": 3.3,
        "frp_median_mw": 3.3,
        "frp_min_mw": 3.3,
        "frp_sum_mw": 3.3,
        "night_fraction": 0.0,
        "optical_cohort_status": "not_in_cohort",
        "possible_chain_merge": false,
        "public_event_id": "evt-0124",
        "satellite_count": 1,
        "satellites": [
          "N20"
        ],
        "source_count": 1,
        "start_time_utc": "2025-04-09T19:12:00Z"
      },
      "type": "Feature"
    },
    {
      "geometry": {
        "coordinates": [
          -80.17676,
          8.8774
        ],
        "type": "Point"
      },
      "properties": {
        "configuration_id": "r1500_t06",
        "day_fraction": 1.0,
        "daynight_known_count": 1,
        "detection_count": 1,
        "duration_hours": 0.0,
        "end_time_utc": "2025-04-01T18:22:00Z",
        "frp_max_mw": 6.99,
        "frp_mean_mw": 6.99,
        "frp_median_mw": 6.99,
        "frp_min_mw": 6.99,
        "frp_sum_mw": 6.99,
        "night_fraction": 0.0,
        "optical_cohort_status": "not_in_cohort",
        "possible_chain_merge": false,
        "public_event_id": "evt-0125",
        "satellite_count": 1,
        "satellites": [
          "N20"
        ],
        "source_count": 1,
        "start_time_utc": "2025-04-01T18:22:00Z"
      },
      "type": "Feature"
    },
    {
      "geometry": {
        "coordinates": [
          -80.540675,
          8.48341
        ],
        "type": "Point"
      },
      "properties": {
        "configuration_id": "r1500_t06",
        "day_fraction": 0.0,
        "daynight_known_count": 2,
        "detection_count": 2,
        "duration_hours": 0.0,
        "end_time_utc": "2025-04-28T07:11:00Z",
        "frp_max_mw": 1.24,
        "frp_mean_mw": 1.2,
        "frp_median_mw": 1.2,
        "frp_min_mw": 1.16,
        "frp_sum_mw": 2.4,
        "night_fraction": 1.0,
        "optical_cohort_status": "not_in_cohort",
        "possible_chain_merge": false,
        "public_event_id": "evt-0126",
        "satellite_count": 1,
        "satellites": [
          "N20"
        ],
        "source_count": 1,
        "start_time_utc": "2025-04-28T07:11:00Z"
      },
      "type": "Feature"
    },
    {
      "geometry": {
        "coordinates": [
          -80.6896,
          8.39123
        ],
        "type": "Point"
      },
      "properties": {
        "configuration_id": "r1500_t06",
        "day_fraction": 1.0,
        "daynight_known_count": 1,
        "detection_count": 1,
        "duration_hours": 0.0,
        "end_time_utc": "2025-04-19T19:25:00Z",
        "frp_max_mw": 8.01,
        "frp_mean_mw": 8.01,
        "frp_median_mw": 8.01,
        "frp_min_mw": 8.01,
        "frp_sum_mw": 8.01,
        "night_fraction": 0.0,
        "optical_cohort_status": "not_in_cohort",
        "possible_chain_merge": false,
        "public_event_id": "evt-0127",
        "satellite_count": 1,
        "satellites": [
          "N20"
        ],
        "source_count": 1,
        "start_time_utc": "2025-04-19T19:25:00Z"
      },
      "type": "Feature"
    },
    {
      "geometry": {
        "coordinates": [
          -80.2201,
          8.95954
        ],
        "type": "Point"
      },
      "properties": {
        "configuration_id": "r1500_t06",
        "day_fraction": 1.0,
        "daynight_known_count": 2,
        "detection_count": 2,
        "duration_hours": 0.0,
        "end_time_utc": "2025-03-28T19:14:00Z",
        "frp_max_mw": 3.46,
        "frp_mean_mw": 3.395,
        "frp_median_mw": 3.395,
        "frp_min_mw": 3.33,
        "frp_sum_mw": 6.79,
        "night_fraction": 0.0,
        "optical_cohort_status": "not_in_cohort",
        "possible_chain_merge": false,
        "public_event_id": "evt-0128",
        "satellite_count": 1,
        "satellites": [
          "N"
        ],
        "source_count": 1,
        "start_time_utc": "2025-03-28T19:14:00Z"
      },
      "type": "Feature"
    },
    {
      "geometry": {
        "coordinates": [
          -80.40193,
          8.737
        ],
        "type": "Point"
      },
      "properties": {
        "configuration_id": "r1500_t06",
        "day_fraction": 1.0,
        "daynight_known_count": 2,
        "detection_count": 2,
        "duration_hours": 0.0,
        "end_time_utc": "2025-03-09T18:54:00Z",
        "frp_max_mw": 4.22,
        "frp_mean_mw": 3.65,
        "frp_median_mw": 3.65,
        "frp_min_mw": 3.08,
        "frp_sum_mw": 7.3,
        "night_fraction": 0.0,
        "optical_cohort_status": "not_in_cohort",
        "possible_chain_merge": false,
        "public_event_id": "evt-0129",
        "satellite_count": 1,
        "satellites": [
          "N20"
        ],
        "source_count": 1,
        "start_time_utc": "2025-03-09T18:54:00Z"
      },
      "type": "Feature"
    },
    {
      "geometry": {
        "coordinates": [
          -80.27845,
          8.88078
        ],
        "type": "Point"
      },
      "properties": {
        "configuration_id": "r1500_t06",
        "day_fraction": 1.0,
        "daynight_known_count": 1,
        "detection_count": 1,
        "duration_hours": 0.0,
        "end_time_utc": "2025-03-29T18:56:00Z",
        "frp_max_mw": 8.08,
        "frp_mean_mw": 8.08,
        "frp_median_mw": 8.08,
        "frp_min_mw": 8.08,
        "frp_sum_mw": 8.08,
        "night_fraction": 0.0,
        "optical_cohort_status": "not_in_cohort",
        "possible_chain_merge": false,
        "public_event_id": "evt-0130",
        "satellite_count": 1,
        "satellites": [
          "N"
        ],
        "source_count": 1,
        "start_time_utc": "2025-03-29T18:56:00Z"
      },
      "type": "Feature"
    },
    {
      "geometry": {
        "coordinates": [
          -80.71931,
          8.41995
        ],
        "type": "Point"
      },
      "properties": {
        "configuration_id": "r1500_t06",
        "day_fraction": 1.0,
        "daynight_known_count": 2,
        "detection_count": 2,
        "duration_hours": 0.0,
        "end_time_utc": "2025-04-18T19:21:00Z",
        "frp_max_mw": 5.08,
        "frp_mean_mw": 4.795,
        "frp_median_mw": 4.795,
        "frp_min_mw": 4.51,
        "frp_sum_mw": 9.59,
        "night_fraction": 0.0,
        "optical_cohort_status": "not_in_cohort",
        "possible_chain_merge": false,
        "public_event_id": "evt-0131",
        "satellite_count": 1,
        "satellites": [
          "N"
        ],
        "source_count": 1,
        "start_time_utc": "2025-04-18T19:21:00Z"
      },
      "type": "Feature"
    },
    {
      "geometry": {
        "coordinates": [
          -80.2358,
          8.97215
        ],
        "type": "Point"
      },
      "properties": {
        "configuration_id": "r1500_t06",
        "day_fraction": 1.0,
        "daynight_known_count": 2,
        "detection_count": 2,
        "duration_hours": 0.0,
        "end_time_utc": "2025-03-18T19:02:00Z",
        "frp_max_mw": 8.63,
        "frp_mean_mw": 8.63,
        "frp_median_mw": 8.63,
        "frp_min_mw": 8.63,
        "frp_sum_mw": 17.26,
        "night_fraction": 0.0,
        "optical_cohort_status": "not_in_cohort",
        "possible_chain_merge": false,
        "public_event_id": "evt-0132",
        "satellite_count": 1,
        "satellites": [
          "N"
        ],
        "source_count": 1,
        "start_time_utc": "2025-03-18T19:02:00Z"
      },
      "type": "Feature"
    },
    {
      "geometry": {
        "coordinates": [
          -80.14246,
          8.7645
        ],
        "type": "Point"
      },
      "properties": {
        "configuration_id": "r1500_t06",
        "day_fraction": 1.0,
        "daynight_known_count": 2,
        "detection_count": 2,
        "duration_hours": 0.0,
        "end_time_utc": "2025-04-01T18:22:00Z",
        "frp_max_mw": 6.44,
        "frp_mean_mw": 5.845,
        "frp_median_mw": 5.845,
        "frp_min_mw": 5.25,
        "frp_sum_mw": 11.69,
        "night_fraction": 0.0,
        "optical_cohort_status": "not_in_cohort",
        "possible_chain_merge": false,
        "public_event_id": "evt-0133",
        "satellite_count": 1,
        "satellites": [
          "N20"
        ],
        "source_count": 1,
        "start_time_utc": "2025-04-01T18:22:00Z"
      },
      "type": "Feature"
    },
    {
      "geometry": {
        "coordinates": [
          -80.30866,
          8.3335
        ],
        "type": "Point"
      },
      "properties": {
        "configuration_id": "r1500_t06",
        "day_fraction": 1.0,
        "daynight_known_count": 1,
        "detection_count": 1,
        "duration_hours": 0.0,
        "end_time_utc": "2025-03-11T18:16:00Z",
        "frp_max_mw": 8.27,
        "frp_mean_mw": 8.27,
        "frp_median_mw": 8.27,
        "frp_min_mw": 8.27,
        "frp_sum_mw": 8.27,
        "night_fraction": 0.0,
        "optical_cohort_status": "not_in_cohort",
        "possible_chain_merge": false,
        "public_event_id": "evt-0134",
        "satellite_count": 1,
        "satellites": [
          "N20"
        ],
        "source_count": 1,
        "start_time_utc": "2025-03-11T18:16:00Z"
      },
      "type": "Feature"
    },
    {
      "geometry": {
        "coordinates": [
          -80.450113,
          8.36878
        ],
        "type": "Point"
      },
      "properties": {
        "configuration_id": "r1500_t06",
        "day_fraction": 1.0,
        "daynight_known_count": 3,
        "detection_count": 3,
        "duration_hours": 0.366667,
        "end_time_utc": "2025-04-14T19:18:00Z",
        "frp_max_mw": 6.93,
        "frp_mean_mw": 5.99,
        "frp_median_mw": 5.52,
        "frp_min_mw": 5.52,
        "frp_sum_mw": 17.97,
        "night_fraction": 0.0,
        "optical_cohort_status": "not_in_cohort",
        "possible_chain_merge": false,
        "public_event_id": "evt-0135",
        "satellite_count": 2,
        "satellites": [
          "N",
          "N20"
        ],
        "source_count": 2,
        "start_time_utc": "2025-04-14T18:56:00Z"
      },
      "type": "Feature"
    },
    {
      "geometry": {
        "coordinates": [
          -80.661446,
          8.47115
        ],
        "type": "Point"
      },
      "properties": {
        "configuration_id": "r1500_t06",
        "day_fraction": 1.0,
        "daynight_known_count": 5,
        "detection_count": 5,
        "duration_hours": 0.383333,
        "end_time_utc": "2025-03-20T18:47:00Z",
        "frp_max_mw": 5.23,
        "frp_mean_mw": 4.594,
        "frp_median_mw": 4.92,
        "frp_min_mw": 3.16,
        "frp_sum_mw": 22.97,
        "night_fraction": 0.0,
        "optical_cohort_status": "not_in_cohort",
        "possible_chain_merge": false,
        "public_event_id": "evt-0136",
        "satellite_count": 2,
        "satellites": [
          "N",
          "N20"
        ],
        "source_count": 2,
        "start_time_utc": "2025-03-20T18:24:00Z"
      },
      "type": "Feature"
    },
    {
      "geometry": {
        "coordinates": [
          -80.22849,
          8.94896
        ],
        "type": "Point"
      },
      "properties": {
        "configuration_id": "r1500_t06",
        "day_fraction": 1.0,
        "daynight_known_count": 1,
        "detection_count": 1,
        "duration_hours": 0.0,
        "end_time_utc": "2025-03-29T18:56:00Z",
        "frp_max_mw": 58.48,
        "frp_mean_mw": 58.48,
        "frp_median_mw": 58.48,
        "frp_min_mw": 58.48,
        "frp_sum_mw": 58.48,
        "night_fraction": 0.0,
        "optical_cohort_status": "not_in_cohort",
        "possible_chain_merge": false,
        "public_event_id": "evt-0137",
        "satellite_count": 1,
        "satellites": [
          "N"
        ],
        "source_count": 1,
        "start_time_utc": "2025-03-29T18:56:00Z"
      },
      "type": "Feature"
    },
    {
      "geometry": {
        "coordinates": [
          -80.74134,
          8.19144
        ],
        "type": "Point"
      },
      "properties": {
        "configuration_id": "r1500_t06",
        "day_fraction": 1.0,
        "daynight_known_count": 1,
        "detection_count": 1,
        "duration_hours": 0.0,
        "end_time_utc": "2025-03-08T18:49:00Z",
        "frp_max_mw": 2.06,
        "frp_mean_mw": 2.06,
        "frp_median_mw": 2.06,
        "frp_min_mw": 2.06,
        "frp_sum_mw": 2.06,
        "night_fraction": 0.0,
        "optical_cohort_status": "not_in_cohort",
        "possible_chain_merge": false,
        "public_event_id": "evt-0138",
        "satellite_count": 1,
        "satellites": [
          "N"
        ],
        "source_count": 1,
        "start_time_utc": "2025-03-08T18:49:00Z"
      },
      "type": "Feature"
    },
    {
      "geometry": {
        "coordinates": [
          -80.61501,
          8.610395
        ],
        "type": "Point"
      },
      "properties": {
        "configuration_id": "r1500_t06",
        "day_fraction": 1.0,
        "daynight_known_count": 2,
        "detection_count": 2,
        "duration_hours": 0.0,
        "end_time_utc": "2025-03-27T18:15:00Z",
        "frp_max_mw": 17.12,
        "frp_mean_mw": 12.105,
        "frp_median_mw": 12.105,
        "frp_min_mw": 7.09,
        "frp_sum_mw": 24.21,
        "night_fraction": 0.0,
        "optical_cohort_status": "not_in_cohort",
        "possible_chain_merge": false,
        "public_event_id": "evt-0139",
        "satellite_count": 1,
        "satellites": [
          "N20"
        ],
        "source_count": 1,
        "start_time_utc": "2025-03-27T18:15:00Z"
      },
      "type": "Feature"
    },
    {
      "geometry": {
        "coordinates": [
          -80.25093,
          8.68799
        ],
        "type": "Point"
      },
      "properties": {
        "configuration_id": "r1500_t06",
        "day_fraction": 1.0,
        "daynight_known_count": 1,
        "detection_count": 1,
        "duration_hours": 0.0,
        "end_time_utc": "2025-04-15T19:00:00Z",
        "frp_max_mw": 3.12,
        "frp_mean_mw": 3.12,
        "frp_median_mw": 3.12,
        "frp_min_mw": 3.12,
        "frp_sum_mw": 3.12,
        "night_fraction": 0.0,
        "optical_cohort_status": "not_in_cohort",
        "possible_chain_merge": false,
        "public_event_id": "evt-0140",
        "satellite_count": 1,
        "satellites": [
          "N20"
        ],
        "source_count": 1,
        "start_time_utc": "2025-04-15T19:00:00Z"
      },
      "type": "Feature"
    },
    {
      "geometry": {
        "coordinates": [
          -80.23333,
          8.55215
        ],
        "type": "Point"
      },
      "properties": {
        "configuration_id": "r1500_t06",
        "day_fraction": 1.0,
        "daynight_known_count": 1,
        "detection_count": 1,
        "duration_hours": 0.0,
        "end_time_utc": "2025-04-27T18:12:00Z",
        "frp_max_mw": 5.35,
        "frp_mean_mw": 5.35,
        "frp_median_mw": 5.35,
        "frp_min_mw": 5.35,
        "frp_sum_mw": 5.35,
        "night_fraction": 0.0,
        "optical_cohort_status": "not_in_cohort",
        "possible_chain_merge": false,
        "public_event_id": "evt-0141",
        "satellite_count": 1,
        "satellites": [
          "N"
        ],
        "source_count": 1,
        "start_time_utc": "2025-04-27T18:12:00Z"
      },
      "type": "Feature"
    },
    {
      "geometry": {
        "coordinates": [
          -80.78533,
          8.53366
        ],
        "type": "Point"
      },
      "properties": {
        "configuration_id": "r1500_t06",
        "day_fraction": 0.0,
        "daynight_known_count": 8,
        "detection_count": 8,
        "duration_hours": 1.283333,
        "end_time_utc": "2025-03-30T07:31:00Z",
        "frp_max_mw": 3.45,
        "frp_mean_mw": 1.79625,
        "frp_median_mw": 1.525,
        "frp_min_mw": 1.0,
        "frp_sum_mw": 14.37,
        "night_fraction": 1.0,
        "optical_cohort_status": "not_in_cohort",
        "possible_chain_merge": false,
        "public_event_id": "evt-0142",
        "satellite_count": 2,
        "satellites": [
          "N",
          "N20"
        ],
        "source_count": 2,
        "start_time_utc": "2025-03-30T06:14:00Z"
      },
      "type": "Feature"
    },
    {
      "geometry": {
        "coordinates": [
          -80.50481,
          8.52605
        ],
        "type": "Point"
      },
      "properties": {
        "configuration_id": "r1500_t06",
        "day_fraction": 1.0,
        "daynight_known_count": 1,
        "detection_count": 1,
        "duration_hours": 0.0,
        "end_time_utc": "2025-04-30T18:56:00Z",
        "frp_max_mw": 3.43,
        "frp_mean_mw": 3.43,
        "frp_median_mw": 3.43,
        "frp_min_mw": 3.43,
        "frp_sum_mw": 3.43,
        "night_fraction": 0.0,
        "optical_cohort_status": "not_in_cohort",
        "possible_chain_merge": false,
        "public_event_id": "evt-0143",
        "satellite_count": 1,
        "satellites": [
          "N"
        ],
        "source_count": 1,
        "start_time_utc": "2025-04-30T18:56:00Z"
      },
      "type": "Feature"
    },
    {
      "geometry": {
        "coordinates": [
          -80.30791,
          8.69617
        ],
        "type": "Point"
      },
      "properties": {
        "configuration_id": "r1500_t06",
        "day_fraction": 1.0,
        "daynight_known_count": 1,
        "detection_count": 1,
        "duration_hours": 0.0,
        "end_time_utc": "2025-03-31T18:18:00Z",
        "frp_max_mw": 7.7,
        "frp_mean_mw": 7.7,
        "frp_median_mw": 7.7,
        "frp_min_mw": 7.7,
        "frp_sum_mw": 7.7,
        "night_fraction": 0.0,
        "optical_cohort_status": "not_in_cohort",
        "possible_chain_merge": false,
        "public_event_id": "evt-0144",
        "satellite_count": 1,
        "satellites": [
          "N"
        ],
        "source_count": 1,
        "start_time_utc": "2025-03-31T18:18:00Z"
      },
      "type": "Feature"
    },
    {
      "geometry": {
        "coordinates": [
          -80.694725,
          8.54082
        ],
        "type": "Point"
      },
      "properties": {
        "configuration_id": "r1500_t06",
        "day_fraction": 0.0,
        "daynight_known_count": 2,
        "detection_count": 2,
        "duration_hours": 0.0,
        "end_time_utc": "2025-02-26T06:14:00Z",
        "frp_max_mw": 0.59,
        "frp_mean_mw": 0.475,
        "frp_median_mw": 0.475,
        "frp_min_mw": 0.36,
        "frp_sum_mw": 0.95,
        "night_fraction": 1.0,
        "optical_cohort_status": "not_in_cohort",
        "possible_chain_merge": false,
        "public_event_id": "evt-0145",
        "satellite_count": 1,
        "satellites": [
          "N20"
        ],
        "source_count": 1,
        "start_time_utc": "2025-02-26T06:14:00Z"
      },
      "type": "Feature"
    },
    {
      "geometry": {
        "coordinates": [
          -80.16289,
          8.75446
        ],
        "type": "Point"
      },
      "properties": {
        "configuration_id": "r1500_t06",
        "day_fraction": 1.0,
        "daynight_known_count": 1,
        "detection_count": 1,
        "duration_hours": 0.0,
        "end_time_utc": "2025-04-16T18:41:00Z",
        "frp_max_mw": 2.65,
        "frp_mean_mw": 2.65,
        "frp_median_mw": 2.65,
        "frp_min_mw": 2.65,
        "frp_sum_mw": 2.65,
        "night_fraction": 0.0,
        "optical_cohort_status": "not_in_cohort",
        "possible_chain_merge": false,
        "public_event_id": "evt-0146",
        "satellite_count": 1,
        "satellites": [
          "N20"
        ],
        "source_count": 1,
        "start_time_utc": "2025-04-16T18:41:00Z"
      },
      "type": "Feature"
    },
    {
      "geometry": {
        "coordinates": [
          -80.46628,
          8.4072
        ],
        "type": "Point"
      },
      "properties": {
        "configuration_id": "r1500_t06",
        "day_fraction": 1.0,
        "daynight_known_count": 1,
        "detection_count": 1,
        "duration_hours": 0.0,
        "end_time_utc": "2025-04-09T18:50:00Z",
        "frp_max_mw": 0.93,
        "frp_mean_mw": 0.93,
        "frp_median_mw": 0.93,
        "frp_min_mw": 0.93,
        "frp_sum_mw": 0.93,
        "night_fraction": 0.0,
        "optical_cohort_status": "observable",
        "possible_chain_merge": false,
        "public_event_id": "evt-0147",
        "satellite_count": 1,
        "satellites": [
          "N"
        ],
        "source_count": 1,
        "start_time_utc": "2025-04-09T18:50:00Z"
      },
      "type": "Feature"
    },
    {
      "geometry": {
        "coordinates": [
          -80.423815,
          8.31932
        ],
        "type": "Point"
      },
      "properties": {
        "configuration_id": "r1500_t06",
        "day_fraction": 1.0,
        "daynight_known_count": 4,
        "detection_count": 4,
        "duration_hours": 0.0,
        "end_time_utc": "2025-04-30T19:19:00Z",
        "frp_max_mw": 45.78,
        "frp_mean_mw": 22.455,
        "frp_median_mw": 18.53,
        "frp_min_mw": 6.98,
        "frp_sum_mw": 89.82,
        "night_fraction": 0.0,
        "optical_cohort_status": "not_in_cohort",
        "possible_chain_merge": false,
        "public_event_id": "evt-0148",
        "satellite_count": 1,
        "satellites": [
          "N20"
        ],
        "source_count": 1,
        "start_time_utc": "2025-04-30T19:19:00Z"
      },
      "type": "Feature"
    },
    {
      "geometry": {
        "coordinates": [
          -80.48346,
          8.392115
        ],
        "type": "Point"
      },
      "properties": {
        "configuration_id": "r1500_t06",
        "day_fraction": 1.0,
        "daynight_known_count": 2,
        "detection_count": 2,
        "duration_hours": 0.0,
        "end_time_utc": "2025-04-19T19:02:00Z",
        "frp_max_mw": 7.45,
        "frp_mean_mw": 7.45,
        "frp_median_mw": 7.45,
        "frp_min_mw": 7.45,
        "frp_sum_mw": 14.9,
        "night_fraction": 0.0,
        "optical_cohort_status": "observable",
        "possible_chain_merge": false,
        "public_event_id": "evt-0149",
        "satellite_count": 1,
        "satellites": [
          "N"
        ],
        "source_count": 1,
        "start_time_utc": "2025-04-19T19:02:00Z"
      },
      "type": "Feature"
    },
    {
      "geometry": {
        "coordinates": [
          -80.21646,
          8.81977
        ],
        "type": "Point"
      },
      "properties": {
        "configuration_id": "r1500_t06",
        "day_fraction": 1.0,
        "daynight_known_count": 1,
        "detection_count": 1,
        "duration_hours": 0.0,
        "end_time_utc": "2025-03-29T18:56:00Z",
        "frp_max_mw": 6.78,
        "frp_mean_mw": 6.78,
        "frp_median_mw": 6.78,
        "frp_min_mw": 6.78,
        "frp_sum_mw": 6.78,
        "night_fraction": 0.0,
        "optical_cohort_status": "not_in_cohort",
        "possible_chain_merge": false,
        "public_event_id": "evt-0150",
        "satellite_count": 1,
        "satellites": [
          "N"
        ],
        "source_count": 1,
        "start_time_utc": "2025-03-29T18:56:00Z"
      },
      "type": "Feature"
    },
    {
      "geometry": {
        "coordinates": [
          -80.39966,
          8.66701
        ],
        "type": "Point"
      },
      "properties": {
        "configuration_id": "r1500_t06",
        "day_fraction": 1.0,
        "daynight_known_count": 1,
        "detection_count": 1,
        "duration_hours": 0.0,
        "end_time_utc": "2025-03-29T18:55:00Z",
        "frp_max_mw": 2.91,
        "frp_mean_mw": 2.91,
        "frp_median_mw": 2.91,
        "frp_min_mw": 2.91,
        "frp_sum_mw": 2.91,
        "night_fraction": 0.0,
        "optical_cohort_status": "not_in_cohort",
        "possible_chain_merge": false,
        "public_event_id": "evt-0151",
        "satellite_count": 1,
        "satellites": [
          "N"
        ],
        "source_count": 1,
        "start_time_utc": "2025-03-29T18:55:00Z"
      },
      "type": "Feature"
    },
    {
      "geometry": {
        "coordinates": [
          -80.69399,
          8.29303
        ],
        "type": "Point"
      },
      "properties": {
        "configuration_id": "r1500_t06",
        "day_fraction": 1.0,
        "daynight_known_count": 1,
        "detection_count": 1,
        "duration_hours": 0.0,
        "end_time_utc": "2025-04-01T18:21:00Z",
        "frp_max_mw": 4.73,
        "frp_mean_mw": 4.73,
        "frp_median_mw": 4.73,
        "frp_min_mw": 4.73,
        "frp_sum_mw": 4.73,
        "night_fraction": 0.0,
        "optical_cohort_status": "not_in_cohort",
        "possible_chain_merge": false,
        "public_event_id": "evt-0152",
        "satellite_count": 1,
        "satellites": [
          "N20"
        ],
        "source_count": 1,
        "start_time_utc": "2025-04-01T18:21:00Z"
      },
      "type": "Feature"
    },
    {
      "geometry": {
        "coordinates": [
          -80.41874,
          8.82147
        ],
        "type": "Point"
      },
      "properties": {
        "configuration_id": "r1500_t06",
        "day_fraction": 1.0,
        "daynight_known_count": 1,
        "detection_count": 1,
        "duration_hours": 0.0,
        "end_time_utc": "2025-04-01T18:22:00Z",
        "frp_max_mw": 3.34,
        "frp_mean_mw": 3.34,
        "frp_median_mw": 3.34,
        "frp_min_mw": 3.34,
        "frp_sum_mw": 3.34,
        "night_fraction": 0.0,
        "optical_cohort_status": "not_in_cohort",
        "possible_chain_merge": false,
        "public_event_id": "evt-0153",
        "satellite_count": 1,
        "satellites": [
          "N20"
        ],
        "source_count": 1,
        "start_time_utc": "2025-04-01T18:22:00Z"
      },
      "type": "Feature"
    },
    {
      "geometry": {
        "coordinates": [
          -80.17136,
          8.8653
        ],
        "type": "Point"
      },
      "properties": {
        "configuration_id": "r1500_t06",
        "day_fraction": 1.0,
        "daynight_known_count": 1,
        "detection_count": 1,
        "duration_hours": 0.0,
        "end_time_utc": "2025-03-12T17:57:00Z",
        "frp_max_mw": 3.47,
        "frp_mean_mw": 3.47,
        "frp_median_mw": 3.47,
        "frp_min_mw": 3.47,
        "frp_sum_mw": 3.47,
        "night_fraction": 0.0,
        "optical_cohort_status": "not_in_cohort",
        "possible_chain_merge": false,
        "public_event_id": "evt-0154",
        "satellite_count": 1,
        "satellites": [
          "N20"
        ],
        "source_count": 1,
        "start_time_utc": "2025-03-12T17:57:00Z"
      },
      "type": "Feature"
    },
    {
      "geometry": {
        "coordinates": [
          -80.56683,
          8.38168
        ],
        "type": "Point"
      },
      "properties": {
        "configuration_id": "r1500_t06",
        "day_fraction": 1.0,
        "daynight_known_count": 1,
        "detection_count": 1,
        "duration_hours": 0.0,
        "end_time_utc": "2025-04-14T19:18:00Z",
        "frp_max_mw": 2.8,
        "frp_mean_mw": 2.8,
        "frp_median_mw": 2.8,
        "frp_min_mw": 2.8,
        "frp_sum_mw": 2.8,
        "night_fraction": 0.0,
        "optical_cohort_status": "not_in_cohort",
        "possible_chain_merge": false,
        "public_event_id": "evt-0155",
        "satellite_count": 1,
        "satellites": [
          "N20"
        ],
        "source_count": 1,
        "start_time_utc": "2025-04-14T19:18:00Z"
      },
      "type": "Feature"
    },
    {
      "geometry": {
        "coordinates": [
          -80.5488,
          8.19588
        ],
        "type": "Point"
      },
      "properties": {
        "configuration_id": "r1500_t06",
        "day_fraction": 1.0,
        "daynight_known_count": 1,
        "detection_count": 1,
        "duration_hours": 0.0,
        "end_time_utc": "2025-02-11T18:41:00Z",
        "frp_max_mw": 2.84,
        "frp_mean_mw": 2.84,
        "frp_median_mw": 2.84,
        "frp_min_mw": 2.84,
        "frp_sum_mw": 2.84,
        "night_fraction": 0.0,
        "optical_cohort_status": "observable",
        "possible_chain_merge": false,
        "public_event_id": "evt-0156",
        "satellite_count": 1,
        "satellites": [
          "N20"
        ],
        "source_count": 1,
        "start_time_utc": "2025-02-11T18:41:00Z"
      },
      "type": "Feature"
    },
    {
      "geometry": {
        "coordinates": [
          -80.583603,
          8.157637
        ],
        "type": "Point"
      },
      "properties": {
        "configuration_id": "r1500_t06",
        "day_fraction": 0.0,
        "daynight_known_count": 3,
        "detection_count": 3,
        "duration_hours": 0.0,
        "end_time_utc": "2025-02-03T06:23:00Z",
        "frp_max_mw": 4.31,
        "frp_mean_mw": 3.423333,
        "frp_median_mw": 2.98,
        "frp_min_mw": 2.98,
        "frp_sum_mw": 10.27,
        "night_fraction": 1.0,
        "optical_cohort_status": "not_in_cohort",
        "possible_chain_merge": false,
        "public_event_id": "evt-0157",
        "satellite_count": 1,
        "satellites": [
          "N"
        ],
        "source_count": 1,
        "start_time_utc": "2025-02-03T06:23:00Z"
      },
      "type": "Feature"
    },
    {
      "geometry": {
        "coordinates": [
          -80.516785,
          8.43666
        ],
        "type": "Point"
      },
      "properties": {
        "configuration_id": "r1500_t06",
        "day_fraction": 1.0,
        "daynight_known_count": 2,
        "detection_count": 2,
        "duration_hours": 0.0,
        "end_time_utc": "2025-04-14T18:56:00Z",
        "frp_max_mw": 7.87,
        "frp_mean_mw": 5.475,
        "frp_median_mw": 5.475,
        "frp_min_mw": 3.08,
        "frp_sum_mw": 10.95,
        "night_fraction": 0.0,
        "optical_cohort_status": "not_in_cohort",
        "possible_chain_merge": false,
        "public_event_id": "evt-0158",
        "satellite_count": 1,
        "satellites": [
          "N"
        ],
        "source_count": 1,
        "start_time_utc": "2025-04-14T18:56:00Z"
      },
      "type": "Feature"
    },
    {
      "geometry": {
        "coordinates": [
          -80.592465,
          8.1829
        ],
        "type": "Point"
      },
      "properties": {
        "configuration_id": "r1500_t06",
        "day_fraction": 1.0,
        "daynight_known_count": 2,
        "detection_count": 2,
        "duration_hours": 0.0,
        "end_time_utc": "2025-04-25T19:12:00Z",
        "frp_max_mw": 7.05,
        "frp_mean_mw": 6.11,
        "frp_median_mw": 6.11,
        "frp_min_mw": 5.17,
        "frp_sum_mw": 12.22,
        "night_fraction": 0.0,
        "optical_cohort_status": "not_in_cohort",
        "possible_chain_merge": false,
        "public_event_id": "evt-0159",
        "satellite_count": 1,
        "satellites": [
          "N20"
        ],
        "source_count": 1,
        "start_time_utc": "2025-04-25T19:12:00Z"
      },
      "type": "Feature"
    },
    {
      "geometry": {
        "coordinates": [
          -80.27332,
          8.38684
        ],
        "type": "Point"
      },
      "properties": {
        "configuration_id": "r1500_t06",
        "day_fraction": 1.0,
        "daynight_known_count": 1,
        "detection_count": 1,
        "duration_hours": 0.0,
        "end_time_utc": "2025-03-10T18:12:00Z",
        "frp_max_mw": 4.06,
        "frp_mean_mw": 4.06,
        "frp_median_mw": 4.06,
        "frp_min_mw": 4.06,
        "frp_sum_mw": 4.06,
        "night_fraction": 0.0,
        "optical_cohort_status": "not_in_cohort",
        "possible_chain_merge": false,
        "public_event_id": "evt-0160",
        "satellite_count": 1,
        "satellites": [
          "N"
        ],
        "source_count": 1,
        "start_time_utc": "2025-03-10T18:12:00Z"
      },
      "type": "Feature"
    },
    {
      "geometry": {
        "coordinates": [
          -80.52693,
          8.27439
        ],
        "type": "Point"
      },
      "properties": {
        "configuration_id": "r1500_t06",
        "day_fraction": 0.0,
        "daynight_known_count": 1,
        "detection_count": 1,
        "duration_hours": 0.0,
        "end_time_utc": "2025-01-30T06:21:00Z",
        "frp_max_mw": 3.95,
        "frp_mean_mw": 3.95,
        "frp_median_mw": 3.95,
        "frp_min_mw": 3.95,
        "frp_sum_mw": 3.95,
        "night_fraction": 1.0,
        "optical_cohort_status": "not_in_cohort",
        "possible_chain_merge": false,
        "public_event_id": "evt-0161",
        "satellite_count": 1,
        "satellites": [
          "N20"
        ],
        "source_count": 1,
        "start_time_utc": "2025-01-30T06:21:00Z"
      },
      "type": "Feature"
    },
    {
      "geometry": {
        "coordinates": [
          -80.56346,
          8.19877
        ],
        "type": "Point"
      },
      "properties": {
        "configuration_id": "r1500_t06",
        "day_fraction": 0.0,
        "daynight_known_count": 2,
        "detection_count": 2,
        "duration_hours": 0.366667,
        "end_time_utc": "2025-04-18T06:58:00Z",
        "frp_max_mw": 1.71,
        "frp_mean_mw": 1.45,
        "frp_median_mw": 1.45,
        "frp_min_mw": 1.19,
        "frp_sum_mw": 2.9,
        "night_fraction": 1.0,
        "optical_cohort_status": "not_in_cohort",
        "possible_chain_merge": false,
        "public_event_id": "evt-0162",
        "satellite_count": 2,
        "satellites": [
          "N",
          "N20"
        ],
        "source_count": 2,
        "start_time_utc": "2025-04-18T06:36:00Z"
      },
      "type": "Feature"
    },
    {
      "geometry": {
        "coordinates": [
          -80.33288,
          8.87131
        ],
        "type": "Point"
      },
      "properties": {
        "configuration_id": "r1500_t06",
        "day_fraction": 1.0,
        "daynight_known_count": 1,
        "detection_count": 1,
        "duration_hours": 0.0,
        "end_time_utc": "2025-04-01T18:22:00Z",
        "frp_max_mw": 4.64,
        "frp_mean_mw": 4.64,
        "frp_median_mw": 4.64,
        "frp_min_mw": 4.64,
        "frp_sum_mw": 4.64,
        "night_fraction": 0.0,
        "optical_cohort_status": "not_in_cohort",
        "possible_chain_merge": false,
        "public_event_id": "evt-0163",
        "satellite_count": 1,
        "satellites": [
          "N20"
        ],
        "source_count": 1,
        "start_time_utc": "2025-04-01T18:22:00Z"
      },
      "type": "Feature"
    },
    {
      "geometry": {
        "coordinates": [
          -80.52438,
          8.59105
        ],
        "type": "Point"
      },
      "properties": {
        "configuration_id": "r1500_t06",
        "day_fraction": 1.0,
        "daynight_known_count": 1,
        "detection_count": 1,
        "duration_hours": 0.0,
        "end_time_utc": "2025-04-19T19:02:00Z",
        "frp_max_mw": 4.73,
        "frp_mean_mw": 4.73,
        "frp_median_mw": 4.73,
        "frp_min_mw": 4.73,
        "frp_sum_mw": 4.73,
        "night_fraction": 0.0,
        "optical_cohort_status": "not_in_cohort",
        "possible_chain_merge": false,
        "public_event_id": "evt-0164",
        "satellite_count": 1,
        "satellites": [
          "N"
        ],
        "source_count": 1,
        "start_time_utc": "2025-04-19T19:02:00Z"
      },
      "type": "Feature"
    },
    {
      "geometry": {
        "coordinates": [
          -80.26232,
          8.6785
        ],
        "type": "Point"
      },
      "properties": {
        "configuration_id": "r1500_t06",
        "day_fraction": 1.0,
        "daynight_known_count": 1,
        "detection_count": 1,
        "duration_hours": 0.0,
        "end_time_utc": "2025-03-15T18:41:00Z",
        "frp_max_mw": 4.96,
        "frp_mean_mw": 4.96,
        "frp_median_mw": 4.96,
        "frp_min_mw": 4.96,
        "frp_sum_mw": 4.96,
        "night_fraction": 0.0,
        "optical_cohort_status": "not_in_cohort",
        "possible_chain_merge": false,
        "public_event_id": "evt-0165",
        "satellite_count": 1,
        "satellites": [
          "N20"
        ],
        "source_count": 1,
        "start_time_utc": "2025-03-15T18:41:00Z"
      },
      "type": "Feature"
    },
    {
      "geometry": {
        "coordinates": [
          -80.553292,
          8.37415
        ],
        "type": "Point"
      },
      "properties": {
        "configuration_id": "r1500_t06",
        "day_fraction": 1.0,
        "daynight_known_count": 5,
        "detection_count": 5,
        "duration_hours": 0.366667,
        "end_time_utc": "2025-03-31T18:40:00Z",
        "frp_max_mw": 4.45,
        "frp_mean_mw": 4.192,
        "frp_median_mw": 4.02,
        "frp_min_mw": 4.02,
        "frp_sum_mw": 20.96,
        "night_fraction": 0.0,
        "optical_cohort_status": "not_in_cohort",
        "possible_chain_merge": false,
        "public_event_id": "evt-0166",
        "satellite_count": 2,
        "satellites": [
          "N",
          "N20"
        ],
        "source_count": 2,
        "start_time_utc": "2025-03-31T18:18:00Z"
      },
      "type": "Feature"
    },
    {
      "geometry": {
        "coordinates": [
          -80.49096,
          8.319017
        ],
        "type": "Point"
      },
      "properties": {
        "configuration_id": "r1500_t06",
        "day_fraction": 1.0,
        "daynight_known_count": 3,
        "detection_count": 3,
        "duration_hours": 0.0,
        "end_time_utc": "2025-04-16T18:18:00Z",
        "frp_max_mw": 17.1,
        "frp_mean_mw": 9.13,
        "frp_median_mw": 6.44,
        "frp_min_mw": 3.85,
        "frp_sum_mw": 27.39,
        "night_fraction": 0.0,
        "optical_cohort_status": "not_in_cohort",
        "possible_chain_merge": false,
        "public_event_id": "evt-0167",
        "satellite_count": 1,
        "satellites": [
          "N"
        ],
        "source_count": 1,
        "start_time_utc": "2025-04-16T18:18:00Z"
      },
      "type": "Feature"
    },
    {
      "geometry": {
        "coordinates": [
          -80.17257,
          8.392075
        ],
        "type": "Point"
      },
      "properties": {
        "configuration_id": "r1500_t06",
        "day_fraction": 1.0,
        "daynight_known_count": 2,
        "detection_count": 2,
        "duration_hours": 0.0,
        "end_time_utc": "2025-03-12T19:14:00Z",
        "frp_max_mw": 3.17,
        "frp_mean_mw": 3.17,
        "frp_median_mw": 3.17,
        "frp_min_mw": 3.17,
        "frp_sum_mw": 6.34,
        "night_fraction": 0.0,
        "optical_cohort_status": "not_in_cohort",
        "possible_chain_merge": false,
        "public_event_id": "evt-0168",
        "satellite_count": 1,
        "satellites": [
          "N"
        ],
        "source_count": 1,
        "start_time_utc": "2025-03-12T19:14:00Z"
      },
      "type": "Feature"
    },
    {
      "geometry": {
        "coordinates": [
          -80.659895,
          8.573385
        ],
        "type": "Point"
      },
      "properties": {
        "configuration_id": "r1500_t06",
        "day_fraction": 1.0,
        "daynight_known_count": 2,
        "detection_count": 2,
        "duration_hours": 0.0,
        "end_time_utc": "2025-04-07T18:09:00Z",
        "frp_max_mw": 7.01,
        "frp_mean_mw": 6.275,
        "frp_median_mw": 6.275,
        "frp_min_mw": 5.54,
        "frp_sum_mw": 12.55,
        "night_fraction": 0.0,
        "optical_cohort_status": "not_in_cohort",
        "possible_chain_merge": false,
        "public_event_id": "evt-0169",
        "satellite_count": 1,
        "satellites": [
          "N20"
        ],
        "source_count": 1,
        "start_time_utc": "2025-04-07T18:09:00Z"
      },
      "type": "Feature"
    },
    {
      "geometry": {
        "coordinates": [
          -80.46198,
          8.40446
        ],
        "type": "Point"
      },
      "properties": {
        "configuration_id": "r1500_t06",
        "day_fraction": 1.0,
        "daynight_known_count": 1,
        "detection_count": 1,
        "duration_hours": 0.0,
        "end_time_utc": "2025-02-03T19:09:00Z",
        "frp_max_mw": 6.72,
        "frp_mean_mw": 6.72,
        "frp_median_mw": 6.72,
        "frp_min_mw": 6.72,
        "frp_sum_mw": 6.72,
        "night_fraction": 0.0,
        "optical_cohort_status": "not_in_cohort",
        "possible_chain_merge": false,
        "public_event_id": "evt-0170",
        "satellite_count": 1,
        "satellites": [
          "N"
        ],
        "source_count": 1,
        "start_time_utc": "2025-02-03T19:09:00Z"
      },
      "type": "Feature"
    },
    {
      "geometry": {
        "coordinates": [
          -80.296447,
          8.332457
        ],
        "type": "Point"
      },
      "properties": {
        "configuration_id": "r1500_t06",
        "day_fraction": 1.0,
        "daynight_known_count": 3,
        "detection_count": 3,
        "duration_hours": 0.366667,
        "end_time_utc": "2025-04-14T19:18:00Z",
        "frp_max_mw": 5.55,
        "frp_mean_mw": 4.593333,
        "frp_median_mw": 4.28,
        "frp_min_mw": 3.95,
        "frp_sum_mw": 13.78,
        "night_fraction": 0.0,
        "optical_cohort_status": "not_in_cohort",
        "possible_chain_merge": false,
        "public_event_id": "evt-0171",
        "satellite_count": 2,
        "satellites": [
          "N",
          "N20"
        ],
        "source_count": 2,
        "start_time_utc": "2025-04-14T18:56:00Z"
      },
      "type": "Feature"
    },
    {
      "geometry": {
        "coordinates": [
          -80.568,
          8.22615
        ],
        "type": "Point"
      },
      "properties": {
        "configuration_id": "r1500_t06",
        "day_fraction": 1.0,
        "daynight_known_count": 1,
        "detection_count": 1,
        "duration_hours": 0.0,
        "end_time_utc": "2025-03-20T18:47:00Z",
        "frp_max_mw": 2.65,
        "frp_mean_mw": 2.65,
        "frp_median_mw": 2.65,
        "frp_min_mw": 2.65,
        "frp_sum_mw": 2.65,
        "night_fraction": 0.0,
        "optical_cohort_status": "not_in_cohort",
        "possible_chain_merge": false,
        "public_event_id": "evt-0172",
        "satellite_count": 1,
        "satellites": [
          "N20"
        ],
        "source_count": 1,
        "start_time_utc": "2025-03-20T18:47:00Z"
      },
      "type": "Feature"
    },
    {
      "geometry": {
        "coordinates": [
          -80.25366,
          8.74163
        ],
        "type": "Point"
      },
      "properties": {
        "configuration_id": "r1500_t06",
        "day_fraction": 1.0,
        "daynight_known_count": 1,
        "detection_count": 1,
        "duration_hours": 0.0,
        "end_time_utc": "2025-03-04T18:47:00Z",
        "frp_max_mw": 6.61,
        "frp_mean_mw": 6.61,
        "frp_median_mw": 6.61,
        "frp_min_mw": 6.61,
        "frp_sum_mw": 6.61,
        "night_fraction": 0.0,
        "optical_cohort_status": "not_in_cohort",
        "possible_chain_merge": false,
        "public_event_id": "evt-0173",
        "satellite_count": 1,
        "satellites": [
          "N20"
        ],
        "source_count": 1,
        "start_time_utc": "2025-03-04T18:47:00Z"
      },
      "type": "Feature"
    },
    {
      "geometry": {
        "coordinates": [
          -80.69801,
          8.5618
        ],
        "type": "Point"
      },
      "properties": {
        "configuration_id": "r1500_t06",
        "day_fraction": 1.0,
        "daynight_known_count": 1,
        "detection_count": 1,
        "duration_hours": 0.0,
        "end_time_utc": "2025-03-24T18:49:00Z",
        "frp_max_mw": 5.27,
        "frp_mean_mw": 5.27,
        "frp_median_mw": 5.27,
        "frp_min_mw": 5.27,
        "frp_sum_mw": 5.27,
        "night_fraction": 0.0,
        "optical_cohort_status": "not_in_cohort",
        "possible_chain_merge": false,
        "public_event_id": "evt-0174",
        "satellite_count": 1,
        "satellites": [
          "N"
        ],
        "source_count": 1,
        "start_time_utc": "2025-03-24T18:49:00Z"
      },
      "type": "Feature"
    },
    {
      "geometry": {
        "coordinates": [
          -80.737833,
          8.401483
        ],
        "type": "Point"
      },
      "properties": {
        "configuration_id": "r1500_t06",
        "day_fraction": 1.0,
        "daynight_known_count": 3,
        "detection_count": 3,
        "duration_hours": 0.383333,
        "end_time_utc": "2025-03-03T19:06:00Z",
        "frp_max_mw": 34.76,
        "frp_mean_mw": 15.393333,
        "frp_median_mw": 5.91,
        "frp_min_mw": 5.51,
        "frp_sum_mw": 46.18,
        "night_fraction": 0.0,
        "optical_cohort_status": "not_in_cohort",
        "possible_chain_merge": false,
        "public_event_id": "evt-0175",
        "satellite_count": 2,
        "satellites": [
          "N",
          "N20"
        ],
        "source_count": 2,
        "start_time_utc": "2025-03-03T18:43:00Z"
      },
      "type": "Feature"
    },
    {
      "geometry": {
        "coordinates": [
          -80.6175,
          8.471927
        ],
        "type": "Point"
      },
      "properties": {
        "configuration_id": "r1500_t06",
        "day_fraction": 1.0,
        "daynight_known_count": 3,
        "detection_count": 3,
        "duration_hours": 0.366667,
        "end_time_utc": "2025-04-14T19:18:00Z",
        "frp_max_mw": 5.64,
        "frp_mean_mw": 3.49,
        "frp_median_mw": 2.68,
        "frp_min_mw": 2.15,
        "frp_sum_mw": 10.47,
        "night_fraction": 0.0,
        "optical_cohort_status": "not_in_cohort",
        "possible_chain_merge": false,
        "public_event_id": "evt-0176",
        "satellite_count": 2,
        "satellites": [
          "N",
          "N20"
        ],
        "source_count": 2,
        "start_time_utc": "2025-04-14T18:56:00Z"
      },
      "type": "Feature"
    },
    {
      "geometry": {
        "coordinates": [
          -80.71922,
          8.507915
        ],
        "type": "Point"
      },
      "properties": {
        "configuration_id": "r1500_t06",
        "day_fraction": 0.0,
        "daynight_known_count": 4,
        "detection_count": 4,
        "duration_hours": 0.383333,
        "end_time_utc": "2025-01-29T06:40:00Z",
        "frp_max_mw": 0.88,
        "frp_mean_mw": 0.795,
        "frp_median_mw": 0.795,
        "frp_min_mw": 0.71,
        "frp_sum_mw": 3.18,
        "night_fraction": 1.0,
        "optical_cohort_status": "not_in_cohort",
        "possible_chain_merge": false,
        "public_event_id": "evt-0177",
        "satellite_count": 2,
        "satellites": [
          "N",
          "N20"
        ],
        "source_count": 2,
        "start_time_utc": "2025-01-29T06:17:00Z"
      },
      "type": "Feature"
    },
    {
      "geometry": {
        "coordinates": [
          -80.4186,
          8.57687
        ],
        "type": "Point"
      },
      "properties": {
        "configuration_id": "r1500_t06",
        "day_fraction": 1.0,
        "daynight_known_count": 1,
        "detection_count": 1,
        "duration_hours": 0.0,
        "end_time_utc": "2025-04-19T19:02:00Z",
        "frp_max_mw": 7.31,
        "frp_mean_mw": 7.31,
        "frp_median_mw": 7.31,
        "frp_min_mw": 7.31,
        "frp_sum_mw": 7.31,
        "night_fraction": 0.0,
        "optical_cohort_status": "not_in_cohort",
        "possible_chain_merge": false,
        "public_event_id": "evt-0178",
        "satellite_count": 1,
        "satellites": [
          "N"
        ],
        "source_count": 1,
        "start_time_utc": "2025-04-19T19:02:00Z"
      },
      "type": "Feature"
    },
    {
      "geometry": {
        "coordinates": [
          -80.43414,
          8.624
        ],
        "type": "Point"
      },
      "properties": {
        "configuration_id": "r1500_t06",
        "day_fraction": 1.0,
        "daynight_known_count": 1,
        "detection_count": 1,
        "duration_hours": 0.0,
        "end_time_utc": "2025-04-14T19:18:00Z",
        "frp_max_mw": 4.5,
        "frp_mean_mw": 4.5,
        "frp_median_mw": 4.5,
        "frp_min_mw": 4.5,
        "frp_sum_mw": 4.5,
        "night_fraction": 0.0,
        "optical_cohort_status": "not_in_cohort",
        "possible_chain_merge": false,
        "public_event_id": "evt-0179",
        "satellite_count": 1,
        "satellites": [
          "N20"
        ],
        "source_count": 1,
        "start_time_utc": "2025-04-14T19:18:00Z"
      },
      "type": "Feature"
    },
    {
      "geometry": {
        "coordinates": [
          -80.752853,
          8.43977
        ],
        "type": "Point"
      },
      "properties": {
        "configuration_id": "r1500_t06",
        "day_fraction": 0.0,
        "daynight_known_count": 3,
        "detection_count": 3,
        "duration_hours": 0.0,
        "end_time_utc": "2025-03-09T06:08:00Z",
        "frp_max_mw": 1.72,
        "frp_mean_mw": 1.23,
        "frp_median_mw": 1.24,
        "frp_min_mw": 0.73,
        "frp_sum_mw": 3.69,
        "night_fraction": 1.0,
        "optical_cohort_status": "not_in_cohort",
        "possible_chain_merge": false,
        "public_event_id": "evt-0180",
        "satellite_count": 1,
        "satellites": [
          "N20"
        ],
        "source_count": 1,
        "start_time_utc": "2025-03-09T06:08:00Z"
      },
      "type": "Feature"
    },
    {
      "geometry": {
        "coordinates": [
          -80.75421,
          8.43452
        ],
        "type": "Point"
      },
      "properties": {
        "configuration_id": "r1500_t06",
        "day_fraction": 1.0,
        "daynight_known_count": 1,
        "detection_count": 1,
        "duration_hours": 0.0,
        "end_time_utc": "2025-04-09T18:50:00Z",
        "frp_max_mw": 25.25,
        "frp_mean_mw": 25.25,
        "frp_median_mw": 25.25,
        "frp_min_mw": 25.25,
        "frp_sum_mw": 25.25,
        "night_fraction": 0.0,
        "optical_cohort_status": "not_in_cohort",
        "possible_chain_merge": false,
        "public_event_id": "evt-0181",
        "satellite_count": 1,
        "satellites": [
          "N"
        ],
        "source_count": 1,
        "start_time_utc": "2025-04-09T18:50:00Z"
      },
      "type": "Feature"
    },
    {
      "geometry": {
        "coordinates": [
          -80.548203,
          8.196763
        ],
        "type": "Point"
      },
      "properties": {
        "configuration_id": "r1500_t06",
        "day_fraction": 1.0,
        "daynight_known_count": 4,
        "detection_count": 4,
        "duration_hours": 0.383333,
        "end_time_utc": "2025-03-19T19:06:00Z",
        "frp_max_mw": 6.62,
        "frp_mean_mw": 5.315,
        "frp_median_mw": 5.17,
        "frp_min_mw": 4.3,
        "frp_sum_mw": 21.26,
        "night_fraction": 0.0,
        "optical_cohort_status": "not_in_cohort",
        "possible_chain_merge": false,
        "public_event_id": "evt-0182",
        "satellite_count": 2,
        "satellites": [
          "N",
          "N20"
        ],
        "source_count": 2,
        "start_time_utc": "2025-03-19T18:43:00Z"
      },
      "type": "Feature"
    },
    {
      "geometry": {
        "coordinates": [
          -80.54717,
          8.19276
        ],
        "type": "Point"
      },
      "properties": {
        "configuration_id": "r1500_t06",
        "day_fraction": 1.0,
        "daynight_known_count": 1,
        "detection_count": 1,
        "duration_hours": 0.0,
        "end_time_utc": "2025-03-01T18:03:00Z",
        "frp_max_mw": 3.0,
        "frp_mean_mw": 3.0,
        "frp_median_mw": 3.0,
        "frp_min_mw": 3.0,
        "frp_sum_mw": 3.0,
        "night_fraction": 0.0,
        "optical_cohort_status": "not_in_cohort",
        "possible_chain_merge": false,
        "public_event_id": "evt-0183",
        "satellite_count": 1,
        "satellites": [
          "N20"
        ],
        "source_count": 1,
        "start_time_utc": "2025-03-01T18:03:00Z"
      },
      "type": "Feature"
    },
    {
      "geometry": {
        "coordinates": [
          -80.3519,
          8.36338
        ],
        "type": "Point"
      },
      "properties": {
        "configuration_id": "r1500_t06",
        "day_fraction": 1.0,
        "daynight_known_count": 1,
        "detection_count": 1,
        "duration_hours": 0.0,
        "end_time_utc": "2025-02-27T18:41:00Z",
        "frp_max_mw": 2.08,
        "frp_mean_mw": 2.08,
        "frp_median_mw": 2.08,
        "frp_min_mw": 2.08,
        "frp_sum_mw": 2.08,
        "night_fraction": 0.0,
        "optical_cohort_status": "not_in_cohort",
        "possible_chain_merge": false,
        "public_event_id": "evt-0184",
        "satellite_count": 1,
        "satellites": [
          "N20"
        ],
        "source_count": 1,
        "start_time_utc": "2025-02-27T18:41:00Z"
      },
      "type": "Feature"
    },
    {
      "geometry": {
        "coordinates": [
          -80.513617,
          8.313918
        ],
        "type": "Point"
      },
      "properties": {
        "configuration_id": "r1500_t06",
        "day_fraction": 0.0,
        "daynight_known_count": 4,
        "detection_count": 4,
        "duration_hours": 0.0,
        "end_time_utc": "2025-04-19T06:39:00Z",
        "frp_max_mw": 63.85,
        "frp_mean_mw": 37.365,
        "frp_median_mw": 34.43,
        "frp_min_mw": 16.75,
        "frp_sum_mw": 149.46,
        "night_fraction": 1.0,
        "optical_cohort_status": "not_in_cohort",
        "possible_chain_merge": false,
        "public_event_id": "evt-0185",
        "satellite_count": 1,
        "satellites": [
          "N20"
        ],
        "source_count": 1,
        "start_time_utc": "2025-04-19T06:39:00Z"
      },
      "type": "Feature"
    },
    {
      "geometry": {
        "coordinates": [
          -80.69273,
          8.19529
        ],
        "type": "Point"
      },
      "properties": {
        "configuration_id": "r1500_t06",
        "day_fraction": 1.0,
        "daynight_known_count": 3,
        "detection_count": 3,
        "duration_hours": 1.3,
        "end_time_utc": "2025-02-23T19:34:00Z",
        "frp_max_mw": 3.57,
        "frp_mean_mw": 3.29,
        "frp_median_mw": 3.24,
        "frp_min_mw": 3.06,
        "frp_sum_mw": 9.87,
        "night_fraction": 0.0,
        "optical_cohort_status": "not_in_cohort",
        "possible_chain_merge": false,
        "public_event_id": "evt-0186",
        "satellite_count": 2,
        "satellites": [
          "N",
          "N20"
        ],
        "source_count": 2,
        "start_time_utc": "2025-02-23T18:16:00Z"
      },
      "type": "Feature"
    },
    {
      "geometry": {
        "coordinates": [
          -80.48144,
          8.36007
        ],
        "type": "Point"
      },
      "properties": {
        "configuration_id": "r1500_t06",
        "day_fraction": 0.0,
        "daynight_known_count": 1,
        "detection_count": 1,
        "duration_hours": 0.0,
        "end_time_utc": "2025-01-28T06:58:00Z",
        "frp_max_mw": 3.02,
        "frp_mean_mw": 3.02,
        "frp_median_mw": 3.02,
        "frp_min_mw": 3.02,
        "frp_sum_mw": 3.02,
        "night_fraction": 1.0,
        "optical_cohort_status": "not_in_cohort",
        "possible_chain_merge": false,
        "public_event_id": "evt-0187",
        "satellite_count": 1,
        "satellites": [
          "N20"
        ],
        "source_count": 1,
        "start_time_utc": "2025-01-28T06:58:00Z"
      },
      "type": "Feature"
    },
    {
      "geometry": {
        "coordinates": [
          -80.2012,
          8.35128
        ],
        "type": "Point"
      },
      "properties": {
        "configuration_id": "r1500_t06",
        "day_fraction": 1.0,
        "daynight_known_count": 1,
        "detection_count": 1,
        "duration_hours": 0.0,
        "end_time_utc": "2025-02-24T19:15:00Z",
        "frp_max_mw": 1.86,
        "frp_mean_mw": 1.86,
        "frp_median_mw": 1.86,
        "frp_min_mw": 1.86,
        "frp_sum_mw": 1.86,
        "night_fraction": 0.0,
        "optical_cohort_status": "not_in_cohort",
        "possible_chain_merge": false,
        "public_event_id": "evt-0188",
        "satellite_count": 1,
        "satellites": [
          "N"
        ],
        "source_count": 1,
        "start_time_utc": "2025-02-24T19:15:00Z"
      },
      "type": "Feature"
    },
    {
      "geometry": {
        "coordinates": [
          -80.63448,
          8.39557
        ],
        "type": "Point"
      },
      "properties": {
        "configuration_id": "r1500_t06",
        "day_fraction": 1.0,
        "daynight_known_count": 1,
        "detection_count": 1,
        "duration_hours": 0.0,
        "end_time_utc": "2025-04-14T18:56:00Z",
        "frp_max_mw": 4.5,
        "frp_mean_mw": 4.5,
        "frp_median_mw": 4.5,
        "frp_min_mw": 4.5,
        "frp_sum_mw": 4.5,
        "night_fraction": 0.0,
        "optical_cohort_status": "not_in_cohort",
        "possible_chain_merge": false,
        "public_event_id": "evt-0189",
        "satellite_count": 1,
        "satellites": [
          "N"
        ],
        "source_count": 1,
        "start_time_utc": "2025-04-14T18:56:00Z"
      },
      "type": "Feature"
    },
    {
      "geometry": {
        "coordinates": [
          -80.18881,
          8.64383
        ],
        "type": "Point"
      },
      "properties": {
        "configuration_id": "r1500_t06",
        "day_fraction": 1.0,
        "daynight_known_count": 1,
        "detection_count": 1,
        "duration_hours": 0.0,
        "end_time_utc": "2025-03-18T19:02:00Z",
        "frp_max_mw": 4.79,
        "frp_mean_mw": 4.79,
        "frp_median_mw": 4.79,
        "frp_min_mw": 4.79,
        "frp_sum_mw": 4.79,
        "night_fraction": 0.0,
        "optical_cohort_status": "not_in_cohort",
        "possible_chain_merge": false,
        "public_event_id": "evt-0190",
        "satellite_count": 1,
        "satellites": [
          "N"
        ],
        "source_count": 1,
        "start_time_utc": "2025-03-18T19:02:00Z"
      },
      "type": "Feature"
    },
    {
      "geometry": {
        "coordinates": [
          -80.186172,
          8.79294
        ],
        "type": "Point"
      },
      "properties": {
        "configuration_id": "r1500_t06",
        "day_fraction": 1.0,
        "daynight_known_count": 4,
        "detection_count": 4,
        "duration_hours": 0.0,
        "end_time_utc": "2025-03-12T19:15:00Z",
        "frp_max_mw": 19.66,
        "frp_mean_mw": 19.66,
        "frp_median_mw": 19.66,
        "frp_min_mw": 19.66,
        "frp_sum_mw": 78.64,
        "night_fraction": 0.0,
        "optical_cohort_status": "not_in_cohort",
        "possible_chain_merge": false,
        "public_event_id": "evt-0191",
        "satellite_count": 1,
        "satellites": [
          "N"
        ],
        "source_count": 1,
        "start_time_utc": "2025-03-12T19:15:00Z"
      },
      "type": "Feature"
    },
    {
      "geometry": {
        "coordinates": [
          -80.219655,
          8.87785
        ],
        "type": "Point"
      },
      "properties": {
        "configuration_id": "r1500_t06",
        "day_fraction": 1.0,
        "daynight_known_count": 2,
        "detection_count": 2,
        "duration_hours": 0.016667,
        "end_time_utc": "2025-03-11T19:34:00Z",
        "frp_max_mw": 6.47,
        "frp_mean_mw": 5.3,
        "frp_median_mw": 5.3,
        "frp_min_mw": 4.13,
        "frp_sum_mw": 10.6,
        "night_fraction": 0.0,
        "optical_cohort_status": "not_in_cohort",
        "possible_chain_merge": false,
        "public_event_id": "evt-0192",
        "satellite_count": 1,
        "satellites": [
          "N"
        ],
        "source_count": 1,
        "start_time_utc": "2025-03-11T19:33:00Z"
      },
      "type": "Feature"
    },
    {
      "geometry": {
        "coordinates": [
          -80.731332,
          8.408334
        ],
        "type": "Point"
      },
      "properties": {
        "configuration_id": "r1500_t06",
        "day_fraction": 1.0,
        "daynight_known_count": 5,
        "detection_count": 5,
        "duration_hours": 0.383333,
        "end_time_utc": "2025-03-18T19:25:00Z",
        "frp_max_mw": 11.47,
        "frp_mean_mw": 8.134,
        "frp_median_mw": 7.98,
        "frp_min_mw": 4.33,
        "frp_sum_mw": 40.67,
        "night_fraction": 0.0,
        "optical_cohort_status": "not_in_cohort",
        "possible_chain_merge": false,
        "public_event_id": "evt-0193",
        "satellite_count": 2,
        "satellites": [
          "N",
          "N20"
        ],
        "source_count": 2,
        "start_time_utc": "2025-03-18T19:02:00Z"
      },
      "type": "Feature"
    },
    {
      "geometry": {
        "coordinates": [
          -80.728095,
          8.598565
        ],
        "type": "Point"
      },
      "properties": {
        "configuration_id": "r1500_t06",
        "day_fraction": 1.0,
        "daynight_known_count": 2,
        "detection_count": 2,
        "duration_hours": 0.0,
        "end_time_utc": "2025-04-01T17:59:00Z",
        "frp_max_mw": 7.22,
        "frp_mean_mw": 6.63,
        "frp_median_mw": 6.63,
        "frp_min_mw": 6.04,
        "frp_sum_mw": 13.26,
        "night_fraction": 0.0,
        "optical_cohort_status": "not_in_cohort",
        "possible_chain_merge": false,
        "public_event_id": "evt-0194",
        "satellite_count": 1,
        "satellites": [
          "N"
        ],
        "source_count": 1,
        "start_time_utc": "2025-04-01T17:59:00Z"
      },
      "type": "Feature"
    },
    {
      "geometry": {
        "coordinates": [
          -80.65286,
          8.32178
        ],
        "type": "Point"
      },
      "properties": {
        "configuration_id": "r1500_t06",
        "day_fraction": 1.0,
        "daynight_known_count": 4,
        "detection_count": 4,
        "duration_hours": 0.383333,
        "end_time_utc": "2025-03-04T18:47:00Z",
        "frp_max_mw": 10.15,
        "frp_mean_mw": 5.6325,
        "frp_median_mw": 4.265,
        "frp_min_mw": 3.85,
        "frp_sum_mw": 22.53,
        "night_fraction": 0.0,
        "optical_cohort_status": "observable",
        "possible_chain_merge": false,
        "public_event_id": "evt-0195",
        "satellite_count": 2,
        "satellites": [
          "N",
          "N20"
        ],
        "source_count": 2,
        "start_time_utc": "2025-03-04T18:24:00Z"
      },
      "type": "Feature"
    },
    {
      "geometry": {
        "coordinates": [
          -80.72433,
          8.4598
        ],
        "type": "Point"
      },
      "properties": {
        "configuration_id": "r1500_t06",
        "day_fraction": 1.0,
        "daynight_known_count": 1,
        "detection_count": 1,
        "duration_hours": 0.0,
        "end_time_utc": "2025-04-09T18:50:00Z",
        "frp_max_mw": 2.9,
        "frp_mean_mw": 2.9,
        "frp_median_mw": 2.9,
        "frp_min_mw": 2.9,
        "frp_sum_mw": 2.9,
        "night_fraction": 0.0,
        "optical_cohort_status": "not_in_cohort",
        "possible_chain_merge": false,
        "public_event_id": "evt-0196",
        "satellite_count": 1,
        "satellites": [
          "N"
        ],
        "source_count": 1,
        "start_time_utc": "2025-04-09T18:50:00Z"
      },
      "type": "Feature"
    },
    {
      "geometry": {
        "coordinates": [
          -80.73801,
          8.47189
        ],
        "type": "Point"
      },
      "properties": {
        "configuration_id": "r1500_t06",
        "day_fraction": 1.0,
        "daynight_known_count": 1,
        "detection_count": 1,
        "duration_hours": 0.0,
        "end_time_utc": "2025-04-26T18:54:00Z",
        "frp_max_mw": 2.48,
        "frp_mean_mw": 2.48,
        "frp_median_mw": 2.48,
        "frp_min_mw": 2.48,
        "frp_sum_mw": 2.48,
        "night_fraction": 0.0,
        "optical_cohort_status": "not_in_cohort",
        "possible_chain_merge": false,
        "public_event_id": "evt-0197",
        "satellite_count": 1,
        "satellites": [
          "N20"
        ],
        "source_count": 1,
        "start_time_utc": "2025-04-26T18:54:00Z"
      },
      "type": "Feature"
    },
    {
      "geometry": {
        "coordinates": [
          -80.48761,
          8.39131
        ],
        "type": "Point"
      },
      "properties": {
        "configuration_id": "r1500_t06",
        "day_fraction": 1.0,
        "daynight_known_count": 1,
        "detection_count": 1,
        "duration_hours": 0.0,
        "end_time_utc": "2025-02-11T18:18:00Z",
        "frp_max_mw": 5.53,
        "frp_mean_mw": 5.53,
        "frp_median_mw": 5.53,
        "frp_min_mw": 5.53,
        "frp_sum_mw": 5.53,
        "night_fraction": 0.0,
        "optical_cohort_status": "not_in_cohort",
        "possible_chain_merge": false,
        "public_event_id": "evt-0198",
        "satellite_count": 1,
        "satellites": [
          "N"
        ],
        "source_count": 1,
        "start_time_utc": "2025-02-11T18:18:00Z"
      },
      "type": "Feature"
    },
    {
      "geometry": {
        "coordinates": [
          -80.21332,
          8.37389
        ],
        "type": "Point"
      },
      "properties": {
        "configuration_id": "r1500_t06",
        "day_fraction": 0.0,
        "daynight_known_count": 1,
        "detection_count": 1,
        "duration_hours": 0.0,
        "end_time_utc": "2025-03-21T07:23:00Z",
        "frp_max_mw": 1.06,
        "frp_mean_mw": 1.06,
        "frp_median_mw": 1.06,
        "frp_min_mw": 1.06,
        "frp_sum_mw": 1.06,
        "night_fraction": 1.0,
        "optical_cohort_status": "not_in_cohort",
        "possible_chain_merge": false,
        "public_event_id": "evt-0199",
        "satellite_count": 1,
        "satellites": [
          "N20"
        ],
        "source_count": 1,
        "start_time_utc": "2025-03-21T07:23:00Z"
      },
      "type": "Feature"
    },
    {
      "geometry": {
        "coordinates": [
          -80.54413,
          8.47672
        ],
        "type": "Point"
      },
      "properties": {
        "configuration_id": "r1500_t06",
        "day_fraction": 1.0,
        "daynight_known_count": 1,
        "detection_count": 1,
        "duration_hours": 0.0,
        "end_time_utc": "2025-03-15T18:41:00Z",
        "frp_max_mw": 1.96,
        "frp_mean_mw": 1.96,
        "frp_median_mw": 1.96,
        "frp_min_mw": 1.96,
        "frp_sum_mw": 1.96,
        "night_fraction": 0.0,
        "optical_cohort_status": "not_in_cohort",
        "possible_chain_merge": false,
        "public_event_id": "evt-0200",
        "satellite_count": 1,
        "satellites": [
          "N20"
        ],
        "source_count": 1,
        "start_time_utc": "2025-03-15T18:41:00Z"
      },
      "type": "Feature"
    },
    {
      "geometry": {
        "coordinates": [
          -80.64734,
          8.1846
        ],
        "type": "Point"
      },
      "properties": {
        "configuration_id": "r1500_t06",
        "day_fraction": 1.0,
        "daynight_known_count": 1,
        "detection_count": 1,
        "duration_hours": 0.0,
        "end_time_utc": "2025-01-26T18:41:00Z",
        "frp_max_mw": 3.56,
        "frp_mean_mw": 3.56,
        "frp_median_mw": 3.56,
        "frp_min_mw": 3.56,
        "frp_sum_mw": 3.56,
        "night_fraction": 0.0,
        "optical_cohort_status": "not_in_cohort",
        "possible_chain_merge": false,
        "public_event_id": "evt-0201",
        "satellite_count": 1,
        "satellites": [
          "N20"
        ],
        "source_count": 1,
        "start_time_utc": "2025-01-26T18:41:00Z"
      },
      "type": "Feature"
    },
    {
      "geometry": {
        "coordinates": [
          -80.63741,
          8.6078
        ],
        "type": "Point"
      },
      "properties": {
        "configuration_id": "r1500_t06",
        "day_fraction": 1.0,
        "daynight_known_count": 1,
        "detection_count": 1,
        "duration_hours": 0.0,
        "end_time_utc": "2025-03-06T19:27:00Z",
        "frp_max_mw": 4.55,
        "frp_mean_mw": 4.55,
        "frp_median_mw": 4.55,
        "frp_min_mw": 4.55,
        "frp_sum_mw": 4.55,
        "night_fraction": 0.0,
        "optical_cohort_status": "not_in_cohort",
        "possible_chain_merge": false,
        "public_event_id": "evt-0202",
        "satellite_count": 1,
        "satellites": [
          "N"
        ],
        "source_count": 1,
        "start_time_utc": "2025-03-06T19:27:00Z"
      },
      "type": "Feature"
    },
    {
      "geometry": {
        "coordinates": [
          -80.81506,
          8.54042
        ],
        "type": "Point"
      },
      "properties": {
        "configuration_id": "r1500_t06",
        "day_fraction": 1.0,
        "daynight_known_count": 1,
        "detection_count": 1,
        "duration_hours": 0.0,
        "end_time_utc": "2025-03-11T18:16:00Z",
        "frp_max_mw": 4.19,
        "frp_mean_mw": 4.19,
        "frp_median_mw": 4.19,
        "frp_min_mw": 4.19,
        "frp_sum_mw": 4.19,
        "night_fraction": 0.0,
        "optical_cohort_status": "observable",
        "possible_chain_merge": false,
        "public_event_id": "evt-0203",
        "satellite_count": 1,
        "satellites": [
          "N20"
        ],
        "source_count": 1,
        "start_time_utc": "2025-03-11T18:16:00Z"
      },
      "type": "Feature"
    },
    {
      "geometry": {
        "coordinates": [
          -80.69862,
          8.35605
        ],
        "type": "Point"
      },
      "properties": {
        "configuration_id": "r1500_t06",
        "day_fraction": 1.0,
        "daynight_known_count": 1,
        "detection_count": 1,
        "duration_hours": 0.0,
        "end_time_utc": "2025-03-24T18:49:00Z",
        "frp_max_mw": 1.57,
        "frp_mean_mw": 1.57,
        "frp_median_mw": 1.57,
        "frp_min_mw": 1.57,
        "frp_sum_mw": 1.57,
        "night_fraction": 0.0,
        "optical_cohort_status": "not_in_cohort",
        "possible_chain_merge": false,
        "public_event_id": "evt-0204",
        "satellite_count": 1,
        "satellites": [
          "N"
        ],
        "source_count": 1,
        "start_time_utc": "2025-03-24T18:49:00Z"
      },
      "type": "Feature"
    },
    {
      "geometry": {
        "coordinates": [
          -80.57494,
          8.49234
        ],
        "type": "Point"
      },
      "properties": {
        "configuration_id": "r1500_t06",
        "day_fraction": 1.0,
        "daynight_known_count": 1,
        "detection_count": 1,
        "duration_hours": 0.0,
        "end_time_utc": "2025-03-15T18:41:00Z",
        "frp_max_mw": 2.56,
        "frp_mean_mw": 2.56,
        "frp_median_mw": 2.56,
        "frp_min_mw": 2.56,
        "frp_sum_mw": 2.56,
        "night_fraction": 0.0,
        "optical_cohort_status": "not_in_cohort",
        "possible_chain_merge": false,
        "public_event_id": "evt-0205",
        "satellite_count": 1,
        "satellites": [
          "N20"
        ],
        "source_count": 1,
        "start_time_utc": "2025-03-15T18:41:00Z"
      },
      "type": "Feature"
    },
    {
      "geometry": {
        "coordinates": [
          -80.174108,
          8.810818
        ],
        "type": "Point"
      },
      "properties": {
        "configuration_id": "r1500_t06",
        "day_fraction": 1.0,
        "daynight_known_count": 5,
        "detection_count": 5,
        "duration_hours": 0.383333,
        "end_time_utc": "2025-04-01T18:22:00Z",
        "frp_max_mw": 13.94,
        "frp_mean_mw": 9.688,
        "frp_median_mw": 12.99,
        "frp_min_mw": 4.26,
        "frp_sum_mw": 48.44,
        "night_fraction": 0.0,
        "optical_cohort_status": "not_in_cohort",
        "possible_chain_merge": true,
        "public_event_id": "evt-0206",
        "satellite_count": 2,
        "satellites": [
          "N",
          "N20"
        ],
        "source_count": 2,
        "start_time_utc": "2025-04-01T17:59:00Z"
      },
      "type": "Feature"
    },
    {
      "geometry": {
        "coordinates": [
          -80.19758,
          8.33808
        ],
        "type": "Point"
      },
      "properties": {
        "configuration_id": "r1500_t06",
        "day_fraction": 0.0,
        "daynight_known_count": 1,
        "detection_count": 1,
        "duration_hours": 0.0,
        "end_time_utc": "2025-01-29T06:40:00Z",
        "frp_max_mw": 0.49,
        "frp_mean_mw": 0.49,
        "frp_median_mw": 0.49,
        "frp_min_mw": 0.49,
        "frp_sum_mw": 0.49,
        "night_fraction": 1.0,
        "optical_cohort_status": "observable",
        "possible_chain_merge": false,
        "public_event_id": "evt-0207",
        "satellite_count": 1,
        "satellites": [
          "N20"
        ],
        "source_count": 1,
        "start_time_utc": "2025-01-29T06:40:00Z"
      },
      "type": "Feature"
    },
    {
      "geometry": {
        "coordinates": [
          -80.3562,
          8.6266
        ],
        "type": "Point"
      },
      "properties": {
        "configuration_id": "r1500_t06",
        "day_fraction": 1.0,
        "daynight_known_count": 1,
        "detection_count": 1,
        "duration_hours": 0.0,
        "end_time_utc": "2025-03-31T18:18:00Z",
        "frp_max_mw": 3.61,
        "frp_mean_mw": 3.61,
        "frp_median_mw": 3.61,
        "frp_min_mw": 3.61,
        "frp_sum_mw": 3.61,
        "night_fraction": 0.0,
        "optical_cohort_status": "not_in_cohort",
        "possible_chain_merge": false,
        "public_event_id": "evt-0208",
        "satellite_count": 1,
        "satellites": [
          "N"
        ],
        "source_count": 1,
        "start_time_utc": "2025-03-31T18:18:00Z"
      },
      "type": "Feature"
    },
    {
      "geometry": {
        "coordinates": [
          -80.73861,
          8.40971
        ],
        "type": "Point"
      },
      "properties": {
        "configuration_id": "r1500_t06",
        "day_fraction": 1.0,
        "daynight_known_count": 1,
        "detection_count": 1,
        "duration_hours": 0.0,
        "end_time_utc": "2025-03-15T18:18:00Z",
        "frp_max_mw": 6.01,
        "frp_mean_mw": 6.01,
        "frp_median_mw": 6.01,
        "frp_min_mw": 6.01,
        "frp_sum_mw": 6.01,
        "night_fraction": 0.0,
        "optical_cohort_status": "not_in_cohort",
        "possible_chain_merge": false,
        "public_event_id": "evt-0209",
        "satellite_count": 1,
        "satellites": [
          "N"
        ],
        "source_count": 1,
        "start_time_utc": "2025-03-15T18:18:00Z"
      },
      "type": "Feature"
    },
    {
      "geometry": {
        "coordinates": [
          -80.700895,
          8.375495
        ],
        "type": "Point"
      },
      "properties": {
        "configuration_id": "r1500_t06",
        "day_fraction": 1.0,
        "daynight_known_count": 2,
        "detection_count": 2,
        "duration_hours": 0.383333,
        "end_time_utc": "2025-03-24T19:12:00Z",
        "frp_max_mw": 2.47,
        "frp_mean_mw": 2.165,
        "frp_median_mw": 2.165,
        "frp_min_mw": 1.86,
        "frp_sum_mw": 4.33,
        "night_fraction": 0.0,
        "optical_cohort_status": "not_in_cohort",
        "possible_chain_merge": false,
        "public_event_id": "evt-0210",
        "satellite_count": 2,
        "satellites": [
          "N",
          "N20"
        ],
        "source_count": 2,
        "start_time_utc": "2025-03-24T18:49:00Z"
      },
      "type": "Feature"
    },
    {
      "geometry": {
        "coordinates": [
          -80.25162,
          8.75479
        ],
        "type": "Point"
      },
      "properties": {
        "configuration_id": "r1500_t06",
        "day_fraction": 1.0,
        "daynight_known_count": 2,
        "detection_count": 2,
        "duration_hours": 0.0,
        "end_time_utc": "2025-03-12T19:15:00Z",
        "frp_max_mw": 13.74,
        "frp_mean_mw": 8.13,
        "frp_median_mw": 8.13,
        "frp_min_mw": 2.52,
        "frp_sum_mw": 16.26,
        "night_fraction": 0.0,
        "optical_cohort_status": "not_in_cohort",
        "possible_chain_merge": false,
        "public_event_id": "evt-0211",
        "satellite_count": 1,
        "satellites": [
          "N"
        ],
        "source_count": 1,
        "start_time_utc": "2025-03-12T19:15:00Z"
      },
      "type": "Feature"
    },
    {
      "geometry": {
        "coordinates": [
          -80.29029,
          8.44557
        ],
        "type": "Point"
      },
      "properties": {
        "configuration_id": "r1500_t06",
        "day_fraction": 1.0,
        "daynight_known_count": 1,
        "detection_count": 1,
        "duration_hours": 0.0,
        "end_time_utc": "2025-04-19T19:02:00Z",
        "frp_max_mw": 7.26,
        "frp_mean_mw": 7.26,
        "frp_median_mw": 7.26,
        "frp_min_mw": 7.26,
        "frp_sum_mw": 7.26,
        "night_fraction": 0.0,
        "optical_cohort_status": "not_in_cohort",
        "possible_chain_merge": false,
        "public_event_id": "evt-0212",
        "satellite_count": 1,
        "satellites": [
          "N"
        ],
        "source_count": 1,
        "start_time_utc": "2025-04-19T19:02:00Z"
      },
      "type": "Feature"
    },
    {
      "geometry": {
        "coordinates": [
          -80.59684,
          8.34286
        ],
        "type": "Point"
      },
      "properties": {
        "configuration_id": "r1500_t06",
        "day_fraction": 1.0,
        "daynight_known_count": 1,
        "detection_count": 1,
        "duration_hours": 0.0,
        "end_time_utc": "2025-03-27T18:15:00Z",
        "frp_max_mw": 1.59,
        "frp_mean_mw": 1.59,
        "frp_median_mw": 1.59,
        "frp_min_mw": 1.59,
        "frp_sum_mw": 1.59,
        "night_fraction": 0.0,
        "optical_cohort_status": "not_in_cohort",
        "possible_chain_merge": false,
        "public_event_id": "evt-0213",
        "satellite_count": 1,
        "satellites": [
          "N20"
        ],
        "source_count": 1,
        "start_time_utc": "2025-03-27T18:15:00Z"
      },
      "type": "Feature"
    },
    {
      "geometry": {
        "coordinates": [
          -80.62095,
          8.28459
        ],
        "type": "Point"
      },
      "properties": {
        "configuration_id": "r1500_t06",
        "day_fraction": 1.0,
        "daynight_known_count": 3,
        "detection_count": 3,
        "duration_hours": 0.0,
        "end_time_utc": "2025-04-09T18:49:00Z",
        "frp_max_mw": 5.59,
        "frp_mean_mw": 3.526667,
        "frp_median_mw": 2.87,
        "frp_min_mw": 2.12,
        "frp_sum_mw": 10.58,
        "night_fraction": 0.0,
        "optical_cohort_status": "not_in_cohort",
        "possible_chain_merge": false,
        "public_event_id": "evt-0214",
        "satellite_count": 1,
        "satellites": [
          "N"
        ],
        "source_count": 1,
        "start_time_utc": "2025-04-09T18:49:00Z"
      },
      "type": "Feature"
    },
    {
      "geometry": {
        "coordinates": [
          -80.56188,
          8.187075
        ],
        "type": "Point"
      },
      "properties": {
        "configuration_id": "r1500_t06",
        "day_fraction": 1.0,
        "daynight_known_count": 2,
        "detection_count": 2,
        "duration_hours": 0.383333,
        "end_time_utc": "2025-03-19T19:06:00Z",
        "frp_max_mw": 4.98,
        "frp_mean_mw": 4.09,
        "frp_median_mw": 4.09,
        "frp_min_mw": 3.2,
        "frp_sum_mw": 8.18,
        "night_fraction": 0.0,
        "optical_cohort_status": "not_in_cohort",
        "possible_chain_merge": false,
        "public_event_id": "evt-0215",
        "satellite_count": 2,
        "satellites": [
          "N",
          "N20"
        ],
        "source_count": 2,
        "start_time_utc": "2025-03-19T18:43:00Z"
      },
      "type": "Feature"
    },
    {
      "geometry": {
        "coordinates": [
          -80.5553,
          8.31974
        ],
        "type": "Point"
      },
      "properties": {
        "configuration_id": "r1500_t06",
        "day_fraction": 1.0,
        "daynight_known_count": 1,
        "detection_count": 1,
        "duration_hours": 0.0,
        "end_time_utc": "2025-03-04T18:47:00Z",
        "frp_max_mw": 1.22,
        "frp_mean_mw": 1.22,
        "frp_median_mw": 1.22,
        "frp_min_mw": 1.22,
        "frp_sum_mw": 1.22,
        "night_fraction": 0.0,
        "optical_cohort_status": "not_in_cohort",
        "possible_chain_merge": false,
        "public_event_id": "evt-0216",
        "satellite_count": 1,
        "satellites": [
          "N20"
        ],
        "source_count": 1,
        "start_time_utc": "2025-03-04T18:47:00Z"
      },
      "type": "Feature"
    },
    {
      "geometry": {
        "coordinates": [
          -80.57158,
          8.18633
        ],
        "type": "Point"
      },
      "properties": {
        "configuration_id": "r1500_t06",
        "day_fraction": 1.0,
        "daynight_known_count": 1,
        "detection_count": 1,
        "duration_hours": 0.0,
        "end_time_utc": "2025-02-09T19:19:00Z",
        "frp_max_mw": 41.51,
        "frp_mean_mw": 41.51,
        "frp_median_mw": 41.51,
        "frp_min_mw": 41.51,
        "frp_sum_mw": 41.51,
        "night_fraction": 0.0,
        "optical_cohort_status": "not_in_cohort",
        "possible_chain_merge": false,
        "public_event_id": "evt-0217",
        "satellite_count": 1,
        "satellites": [
          "N20"
        ],
        "source_count": 1,
        "start_time_utc": "2025-02-09T19:19:00Z"
      },
      "type": "Feature"
    },
    {
      "geometry": {
        "coordinates": [
          -80.63686,
          8.575405
        ],
        "type": "Point"
      },
      "properties": {
        "configuration_id": "r1500_t06",
        "day_fraction": 1.0,
        "daynight_known_count": 2,
        "detection_count": 2,
        "duration_hours": 0.0,
        "end_time_utc": "2025-03-27T18:15:00Z",
        "frp_max_mw": 19.35,
        "frp_mean_mw": 17.32,
        "frp_median_mw": 17.32,
        "frp_min_mw": 15.29,
        "frp_sum_mw": 34.64,
        "night_fraction": 0.0,
        "optical_cohort_status": "not_in_cohort",
        "possible_chain_merge": false,
        "public_event_id": "evt-0218",
        "satellite_count": 1,
        "satellites": [
          "N20"
        ],
        "source_count": 1,
        "start_time_utc": "2025-03-27T18:15:00Z"
      },
      "type": "Feature"
    },
    {
      "geometry": {
        "coordinates": [
          -80.71261,
          8.58278
        ],
        "type": "Point"
      },
      "properties": {
        "configuration_id": "r1500_t06",
        "day_fraction": 1.0,
        "daynight_known_count": 1,
        "detection_count": 1,
        "duration_hours": 0.0,
        "end_time_utc": "2025-03-18T19:02:00Z",
        "frp_max_mw": 3.74,
        "frp_mean_mw": 3.74,
        "frp_median_mw": 3.74,
        "frp_min_mw": 3.74,
        "frp_sum_mw": 3.74,
        "night_fraction": 0.0,
        "optical_cohort_status": "not_in_cohort",
        "possible_chain_merge": false,
        "public_event_id": "evt-0219",
        "satellite_count": 1,
        "satellites": [
          "N"
        ],
        "source_count": 1,
        "start_time_utc": "2025-03-18T19:02:00Z"
      },
      "type": "Feature"
    },
    {
      "geometry": {
        "coordinates": [
          -80.61237,
          8.45477
        ],
        "type": "Point"
      },
      "properties": {
        "configuration_id": "r1500_t06",
        "day_fraction": 1.0,
        "daynight_known_count": 1,
        "detection_count": 1,
        "duration_hours": 0.0,
        "end_time_utc": "2025-04-14T18:56:00Z",
        "frp_max_mw": 1.65,
        "frp_mean_mw": 1.65,
        "frp_median_mw": 1.65,
        "frp_min_mw": 1.65,
        "frp_sum_mw": 1.65,
        "night_fraction": 0.0,
        "optical_cohort_status": "not_in_cohort",
        "possible_chain_merge": false,
        "public_event_id": "evt-0220",
        "satellite_count": 1,
        "satellites": [
          "N"
        ],
        "source_count": 1,
        "start_time_utc": "2025-04-14T18:56:00Z"
      },
      "type": "Feature"
    },
    {
      "geometry": {
        "coordinates": [
          -80.6086,
          8.3611
        ],
        "type": "Point"
      },
      "properties": {
        "configuration_id": "r1500_t06",
        "day_fraction": 1.0,
        "daynight_known_count": 2,
        "detection_count": 2,
        "duration_hours": 0.0,
        "end_time_utc": "2025-01-29T19:02:00Z",
        "frp_max_mw": 3.25,
        "frp_mean_mw": 3.115,
        "frp_median_mw": 3.115,
        "frp_min_mw": 2.98,
        "frp_sum_mw": 6.23,
        "night_fraction": 0.0,
        "optical_cohort_status": "not_in_cohort",
        "possible_chain_merge": false,
        "public_event_id": "evt-0221",
        "satellite_count": 1,
        "satellites": [
          "N"
        ],
        "source_count": 1,
        "start_time_utc": "2025-01-29T19:02:00Z"
      },
      "type": "Feature"
    },
    {
      "geometry": {
        "coordinates": [
          -80.135265,
          8.51095
        ],
        "type": "Point"
      },
      "properties": {
        "configuration_id": "r1500_t06",
        "day_fraction": 1.0,
        "daynight_known_count": 2,
        "detection_count": 2,
        "duration_hours": 0.0,
        "end_time_utc": "2025-04-09T18:50:00Z",
        "frp_max_mw": 5.04,
        "frp_mean_mw": 5.04,
        "frp_median_mw": 5.04,
        "frp_min_mw": 5.04,
        "frp_sum_mw": 10.08,
        "night_fraction": 0.0,
        "optical_cohort_status": "not_in_cohort",
        "possible_chain_merge": false,
        "public_event_id": "evt-0222",
        "satellite_count": 1,
        "satellites": [
          "N"
        ],
        "source_count": 1,
        "start_time_utc": "2025-04-09T18:50:00Z"
      },
      "type": "Feature"
    },
    {
      "geometry": {
        "coordinates": [
          -80.167203,
          8.933247
        ],
        "type": "Point"
      },
      "properties": {
        "configuration_id": "r1500_t06",
        "day_fraction": 1.0,
        "daynight_known_count": 3,
        "detection_count": 3,
        "duration_hours": 0.0,
        "end_time_utc": "2025-03-11T18:16:00Z",
        "frp_max_mw": 4.43,
        "frp_mean_mw": 3.843333,
        "frp_median_mw": 4.41,
        "frp_min_mw": 2.69,
        "frp_sum_mw": 11.53,
        "night_fraction": 0.0,
        "optical_cohort_status": "not_in_cohort",
        "possible_chain_merge": false,
        "public_event_id": "evt-0223",
        "satellite_count": 1,
        "satellites": [
          "N20"
        ],
        "source_count": 1,
        "start_time_utc": "2025-03-11T18:16:00Z"
      },
      "type": "Feature"
    },
    {
      "geometry": {
        "coordinates": [
          -80.506373,
          8.365117
        ],
        "type": "Point"
      },
      "properties": {
        "configuration_id": "r1500_t06",
        "day_fraction": 1.0,
        "daynight_known_count": 6,
        "detection_count": 6,
        "duration_hours": 1.3,
        "end_time_utc": "2025-03-27T19:33:00Z",
        "frp_max_mw": 22.06,
        "frp_mean_mw": 13.306667,
        "frp_median_mw": 14.695,
        "frp_min_mw": 2.34,
        "frp_sum_mw": 79.84,
        "night_fraction": 0.0,
        "optical_cohort_status": "not_in_cohort",
        "possible_chain_merge": true,
        "public_event_id": "evt-0224",
        "satellite_count": 2,
        "satellites": [
          "N",
          "N20"
        ],
        "source_count": 2,
        "start_time_utc": "2025-03-27T18:15:00Z"
      },
      "type": "Feature"
    },
    {
      "geometry": {
        "coordinates": [
          -80.19728,
          8.67707
        ],
        "type": "Point"
      },
      "properties": {
        "configuration_id": "r1500_t06",
        "day_fraction": 1.0,
        "daynight_known_count": 1,
        "detection_count": 1,
        "duration_hours": 0.0,
        "end_time_utc": "2025-04-09T18:50:00Z",
        "frp_max_mw": 5.77,
        "frp_mean_mw": 5.77,
        "frp_median_mw": 5.77,
        "frp_min_mw": 5.77,
        "frp_sum_mw": 5.77,
        "night_fraction": 0.0,
        "optical_cohort_status": "not_in_cohort",
        "possible_chain_merge": false,
        "public_event_id": "evt-0225",
        "satellite_count": 1,
        "satellites": [
          "N"
        ],
        "source_count": 1,
        "start_time_utc": "2025-04-09T18:50:00Z"
      },
      "type": "Feature"
    },
    {
      "geometry": {
        "coordinates": [
          -80.43238,
          8.38639
        ],
        "type": "Point"
      },
      "properties": {
        "configuration_id": "r1500_t06",
        "day_fraction": 0.0,
        "daynight_known_count": 1,
        "detection_count": 1,
        "duration_hours": 0.0,
        "end_time_utc": "2025-03-23T06:45:00Z",
        "frp_max_mw": 0.53,
        "frp_mean_mw": 0.53,
        "frp_median_mw": 0.53,
        "frp_min_mw": 0.53,
        "frp_sum_mw": 0.53,
        "night_fraction": 1.0,
        "optical_cohort_status": "not_in_cohort",
        "possible_chain_merge": false,
        "public_event_id": "evt-0226",
        "satellite_count": 1,
        "satellites": [
          "N20"
        ],
        "source_count": 1,
        "start_time_utc": "2025-03-23T06:45:00Z"
      },
      "type": "Feature"
    },
    {
      "geometry": {
        "coordinates": [
          -80.33057,
          8.88991
        ],
        "type": "Point"
      },
      "properties": {
        "configuration_id": "r1500_t06",
        "day_fraction": 1.0,
        "daynight_known_count": 1,
        "detection_count": 1,
        "duration_hours": 0.0,
        "end_time_utc": "2025-03-11T18:16:00Z",
        "frp_max_mw": 3.09,
        "frp_mean_mw": 3.09,
        "frp_median_mw": 3.09,
        "frp_min_mw": 3.09,
        "frp_sum_mw": 3.09,
        "night_fraction": 0.0,
        "optical_cohort_status": "not_in_cohort",
        "possible_chain_merge": false,
        "public_event_id": "evt-0227",
        "satellite_count": 1,
        "satellites": [
          "N20"
        ],
        "source_count": 1,
        "start_time_utc": "2025-03-11T18:16:00Z"
      },
      "type": "Feature"
    },
    {
      "geometry": {
        "coordinates": [
          -80.62664,
          8.1519
        ],
        "type": "Point"
      },
      "properties": {
        "configuration_id": "r1500_t06",
        "day_fraction": 1.0,
        "daynight_known_count": 1,
        "detection_count": 1,
        "duration_hours": 0.0,
        "end_time_utc": "2025-03-07T19:08:00Z",
        "frp_max_mw": 3.96,
        "frp_mean_mw": 3.96,
        "frp_median_mw": 3.96,
        "frp_min_mw": 3.96,
        "frp_sum_mw": 3.96,
        "night_fraction": 0.0,
        "optical_cohort_status": "not_in_cohort",
        "possible_chain_merge": false,
        "public_event_id": "evt-0228",
        "satellite_count": 1,
        "satellites": [
          "N"
        ],
        "source_count": 1,
        "start_time_utc": "2025-03-07T19:08:00Z"
      },
      "type": "Feature"
    },
    {
      "geometry": {
        "coordinates": [
          -80.21498,
          8.74303
        ],
        "type": "Point"
      },
      "properties": {
        "configuration_id": "r1500_t06",
        "day_fraction": 1.0,
        "daynight_known_count": 1,
        "detection_count": 1,
        "duration_hours": 0.0,
        "end_time_utc": "2025-03-27T18:15:00Z",
        "frp_max_mw": 3.55,
        "frp_mean_mw": 3.55,
        "frp_median_mw": 3.55,
        "frp_min_mw": 3.55,
        "frp_sum_mw": 3.55,
        "night_fraction": 0.0,
        "optical_cohort_status": "not_in_cohort",
        "possible_chain_merge": false,
        "public_event_id": "evt-0229",
        "satellite_count": 1,
        "satellites": [
          "N20"
        ],
        "source_count": 1,
        "start_time_utc": "2025-03-27T18:15:00Z"
      },
      "type": "Feature"
    },
    {
      "geometry": {
        "coordinates": [
          -80.473957,
          8.50136
        ],
        "type": "Point"
      },
      "properties": {
        "configuration_id": "r1500_t06",
        "day_fraction": 1.0,
        "daynight_known_count": 4,
        "detection_count": 4,
        "duration_hours": 0.383333,
        "end_time_utc": "2025-01-24T19:19:00Z",
        "frp_max_mw": 5.05,
        "frp_mean_mw": 4.885,
        "frp_median_mw": 4.83,
        "frp_min_mw": 4.83,
        "frp_sum_mw": 19.54,
        "night_fraction": 0.0,
        "optical_cohort_status": "not_in_cohort",
        "possible_chain_merge": false,
        "public_event_id": "evt-0230",
        "satellite_count": 2,
        "satellites": [
          "N",
          "N20"
        ],
        "source_count": 2,
        "start_time_utc": "2025-01-24T18:56:00Z"
      },
      "type": "Feature"
    },
    {
      "geometry": {
        "coordinates": [
          -80.64291,
          8.60392
        ],
        "type": "Point"
      },
      "properties": {
        "configuration_id": "r1500_t06",
        "day_fraction": 1.0,
        "daynight_known_count": 1,
        "detection_count": 1,
        "duration_hours": 0.0,
        "end_time_utc": "2025-03-29T19:18:00Z",
        "frp_max_mw": 5.21,
        "frp_mean_mw": 5.21,
        "frp_median_mw": 5.21,
        "frp_min_mw": 5.21,
        "frp_sum_mw": 5.21,
        "night_fraction": 0.0,
        "optical_cohort_status": "not_in_cohort",
        "possible_chain_merge": false,
        "public_event_id": "evt-0231",
        "satellite_count": 1,
        "satellites": [
          "N20"
        ],
        "source_count": 1,
        "start_time_utc": "2025-03-29T19:18:00Z"
      },
      "type": "Feature"
    },
    {
      "geometry": {
        "coordinates": [
          -80.208295,
          8.378925
        ],
        "type": "Point"
      },
      "properties": {
        "configuration_id": "r1500_t06",
        "day_fraction": 1.0,
        "daynight_known_count": 2,
        "detection_count": 2,
        "duration_hours": 0.0,
        "end_time_utc": "2025-03-26T18:11:00Z",
        "frp_max_mw": 5.84,
        "frp_mean_mw": 5.84,
        "frp_median_mw": 5.84,
        "frp_min_mw": 5.84,
        "frp_sum_mw": 11.68,
        "night_fraction": 0.0,
        "optical_cohort_status": "not_in_cohort",
        "possible_chain_merge": false,
        "public_event_id": "evt-0232",
        "satellite_count": 1,
        "satellites": [
          "N"
        ],
        "source_count": 1,
        "start_time_utc": "2025-03-26T18:11:00Z"
      },
      "type": "Feature"
    },
    {
      "geometry": {
        "coordinates": [
          -80.549,
          8.19566
        ],
        "type": "Point"
      },
      "properties": {
        "configuration_id": "r1500_t06",
        "day_fraction": 1.0,
        "daynight_known_count": 1,
        "detection_count": 1,
        "duration_hours": 0.0,
        "end_time_utc": "2025-01-16T18:28:00Z",
        "frp_max_mw": 4.35,
        "frp_mean_mw": 4.35,
        "frp_median_mw": 4.35,
        "frp_min_mw": 4.35,
        "frp_sum_mw": 4.35,
        "night_fraction": 0.0,
        "optical_cohort_status": "not_in_cohort",
        "possible_chain_merge": false,
        "public_event_id": "evt-0233",
        "satellite_count": 1,
        "satellites": [
          "N20"
        ],
        "source_count": 1,
        "start_time_utc": "2025-01-16T18:28:00Z"
      },
      "type": "Feature"
    },
    {
      "geometry": {
        "coordinates": [
          -80.677267,
          8.54016
        ],
        "type": "Point"
      },
      "properties": {
        "configuration_id": "r1500_t06",
        "day_fraction": 1.0,
        "daynight_known_count": 6,
        "detection_count": 6,
        "duration_hours": 0.366667,
        "end_time_utc": "2025-04-03T19:24:00Z",
        "frp_max_mw": 13.73,
        "frp_mean_mw": 10.228333,
        "frp_median_mw": 10.49,
        "frp_min_mw": 7.31,
        "frp_sum_mw": 61.37,
        "night_fraction": 0.0,
        "optical_cohort_status": "not_in_cohort",
        "possible_chain_merge": true,
        "public_event_id": "evt-0234",
        "satellite_count": 2,
        "satellites": [
          "N",
          "N20"
        ],
        "source_count": 2,
        "start_time_utc": "2025-04-03T19:02:00Z"
      },
      "type": "Feature"
    },
    {
      "geometry": {
        "coordinates": [
          -80.17209,
          8.8279
        ],
        "type": "Point"
      },
      "properties": {
        "configuration_id": "r1500_t06",
        "day_fraction": 1.0,
        "daynight_known_count": 1,
        "detection_count": 1,
        "duration_hours": 0.0,
        "end_time_utc": "2025-03-04T18:47:00Z",
        "frp_max_mw": 8.81,
        "frp_mean_mw": 8.81,
        "frp_median_mw": 8.81,
        "frp_min_mw": 8.81,
        "frp_sum_mw": 8.81,
        "night_fraction": 0.0,
        "optical_cohort_status": "not_in_cohort",
        "possible_chain_merge": false,
        "public_event_id": "evt-0235",
        "satellite_count": 1,
        "satellites": [
          "N20"
        ],
        "source_count": 1,
        "start_time_utc": "2025-03-04T18:47:00Z"
      },
      "type": "Feature"
    },
    {
      "geometry": {
        "coordinates": [
          -80.34715,
          8.69176
        ],
        "type": "Point"
      },
      "properties": {
        "configuration_id": "r1500_t06",
        "day_fraction": 1.0,
        "daynight_known_count": 1,
        "detection_count": 1,
        "duration_hours": 0.0,
        "end_time_utc": "2025-03-15T18:18:00Z",
        "frp_max_mw": 16.49,
        "frp_mean_mw": 16.49,
        "frp_median_mw": 16.49,
        "frp_min_mw": 16.49,
        "frp_sum_mw": 16.49,
        "night_fraction": 0.0,
        "optical_cohort_status": "not_in_cohort",
        "possible_chain_merge": false,
        "public_event_id": "evt-0236",
        "satellite_count": 1,
        "satellites": [
          "N"
        ],
        "source_count": 1,
        "start_time_utc": "2025-03-15T18:18:00Z"
      },
      "type": "Feature"
    },
    {
      "geometry": {
        "coordinates": [
          -80.32362,
          8.6456
        ],
        "type": "Point"
      },
      "properties": {
        "configuration_id": "r1500_t06",
        "day_fraction": 1.0,
        "daynight_known_count": 1,
        "detection_count": 1,
        "duration_hours": 0.0,
        "end_time_utc": "2025-03-18T19:02:00Z",
        "frp_max_mw": 2.05,
        "frp_mean_mw": 2.05,
        "frp_median_mw": 2.05,
        "frp_min_mw": 2.05,
        "frp_sum_mw": 2.05,
        "night_fraction": 0.0,
        "optical_cohort_status": "not_in_cohort",
        "possible_chain_merge": false,
        "public_event_id": "evt-0237",
        "satellite_count": 1,
        "satellites": [
          "N"
        ],
        "source_count": 1,
        "start_time_utc": "2025-03-18T19:02:00Z"
      },
      "type": "Feature"
    },
    {
      "geometry": {
        "coordinates": [
          -80.60265,
          8.5786
        ],
        "type": "Point"
      },
      "properties": {
        "configuration_id": "r1500_t06",
        "day_fraction": 1.0,
        "daynight_known_count": 1,
        "detection_count": 1,
        "duration_hours": 0.0,
        "end_time_utc": "2025-04-09T18:50:00Z",
        "frp_max_mw": 3.89,
        "frp_mean_mw": 3.89,
        "frp_median_mw": 3.89,
        "frp_min_mw": 3.89,
        "frp_sum_mw": 3.89,
        "night_fraction": 0.0,
        "optical_cohort_status": "not_in_cohort",
        "possible_chain_merge": false,
        "public_event_id": "evt-0238",
        "satellite_count": 1,
        "satellites": [
          "N"
        ],
        "source_count": 1,
        "start_time_utc": "2025-04-09T18:50:00Z"
      },
      "type": "Feature"
    },
    {
      "geometry": {
        "coordinates": [
          -80.664935,
          8.15407
        ],
        "type": "Point"
      },
      "properties": {
        "configuration_id": "r1500_t06",
        "day_fraction": 1.0,
        "daynight_known_count": 2,
        "detection_count": 2,
        "duration_hours": 0.016667,
        "end_time_utc": "2025-01-28T18:04:00Z",
        "frp_max_mw": 4.0,
        "frp_mean_mw": 3.715,
        "frp_median_mw": 3.715,
        "frp_min_mw": 3.43,
        "frp_sum_mw": 7.43,
        "night_fraction": 0.0,
        "optical_cohort_status": "not_in_cohort",
        "possible_chain_merge": false,
        "public_event_id": "evt-0239",
        "satellite_count": 1,
        "satellites": [
          "N20"
        ],
        "source_count": 1,
        "start_time_utc": "2025-01-28T18:03:00Z"
      },
      "type": "Feature"
    },
    {
      "geometry": {
        "coordinates": [
          -80.198823,
          8.805243
        ],
        "type": "Point"
      },
      "properties": {
        "configuration_id": "r1500_t06",
        "day_fraction": 1.0,
        "daynight_known_count": 3,
        "detection_count": 3,
        "duration_hours": 0.0,
        "end_time_utc": "2025-03-18T19:02:00Z",
        "frp_max_mw": 7.17,
        "frp_mean_mw": 4.69,
        "frp_median_mw": 3.89,
        "frp_min_mw": 3.01,
        "frp_sum_mw": 14.07,
        "night_fraction": 0.0,
        "optical_cohort_status": "not_in_cohort",
        "possible_chain_merge": false,
        "public_event_id": "evt-0240",
        "satellite_count": 1,
        "satellites": [
          "N"
        ],
        "source_count": 1,
        "start_time_utc": "2025-03-18T19:02:00Z"
      },
      "type": "Feature"
    },
    {
      "geometry": {
        "coordinates": [
          -80.42141,
          8.88388
        ],
        "type": "Point"
      },
      "properties": {
        "configuration_id": "r1500_t06",
        "day_fraction": 1.0,
        "daynight_known_count": 2,
        "detection_count": 2,
        "duration_hours": 0.016667,
        "end_time_utc": "2025-04-16T18:19:00Z",
        "frp_max_mw": 4.5,
        "frp_mean_mw": 4.46,
        "frp_median_mw": 4.46,
        "frp_min_mw": 4.42,
        "frp_sum_mw": 8.92,
        "night_fraction": 0.0,
        "optical_cohort_status": "not_in_cohort",
        "possible_chain_merge": false,
        "public_event_id": "evt-0241",
        "satellite_count": 1,
        "satellites": [
          "N"
        ],
        "source_count": 1,
        "start_time_utc": "2025-04-16T18:18:00Z"
      },
      "type": "Feature"
    },
    {
      "geometry": {
        "coordinates": [
          -80.47449,
          8.29218
        ],
        "type": "Point"
      },
      "properties": {
        "configuration_id": "r1500_t06",
        "day_fraction": 1.0,
        "daynight_known_count": 1,
        "detection_count": 1,
        "duration_hours": 0.0,
        "end_time_utc": "2025-03-05T18:28:00Z",
        "frp_max_mw": 7.85,
        "frp_mean_mw": 7.85,
        "frp_median_mw": 7.85,
        "frp_min_mw": 7.85,
        "frp_sum_mw": 7.85,
        "night_fraction": 0.0,
        "optical_cohort_status": "not_in_cohort",
        "possible_chain_merge": false,
        "public_event_id": "evt-0242",
        "satellite_count": 1,
        "satellites": [
          "N20"
        ],
        "source_count": 1,
        "start_time_utc": "2025-03-05T18:28:00Z"
      },
      "type": "Feature"
    },
    {
      "geometry": {
        "coordinates": [
          -80.55877,
          8.40597
        ],
        "type": "Point"
      },
      "properties": {
        "configuration_id": "r1500_t06",
        "day_fraction": 0.0,
        "daynight_known_count": 2,
        "detection_count": 2,
        "duration_hours": 0.0,
        "end_time_utc": "2025-03-23T06:45:00Z",
        "frp_max_mw": 4.89,
        "frp_mean_mw": 4.89,
        "frp_median_mw": 4.89,
        "frp_min_mw": 4.89,
        "frp_sum_mw": 9.78,
        "night_fraction": 1.0,
        "optical_cohort_status": "not_in_cohort",
        "possible_chain_merge": false,
        "public_event_id": "evt-0243",
        "satellite_count": 1,
        "satellites": [
          "N20"
        ],
        "source_count": 1,
        "start_time_utc": "2025-03-23T06:45:00Z"
      },
      "type": "Feature"
    },
    {
      "geometry": {
        "coordinates": [
          -80.56623,
          8.22578
        ],
        "type": "Point"
      },
      "properties": {
        "configuration_id": "r1500_t06",
        "day_fraction": 1.0,
        "daynight_known_count": 2,
        "detection_count": 2,
        "duration_hours": 0.0,
        "end_time_utc": "2025-02-26T19:00:00Z",
        "frp_max_mw": 4.38,
        "frp_mean_mw": 4.35,
        "frp_median_mw": 4.35,
        "frp_min_mw": 4.32,
        "frp_sum_mw": 8.7,
        "night_fraction": 0.0,
        "optical_cohort_status": "not_in_cohort",
        "possible_chain_merge": false,
        "public_event_id": "evt-0244",
        "satellite_count": 1,
        "satellites": [
          "N20"
        ],
        "source_count": 1,
        "start_time_utc": "2025-02-26T19:00:00Z"
      },
      "type": "Feature"
    },
    {
      "geometry": {
        "coordinates": [
          -80.21616,
          8.71227
        ],
        "type": "Point"
      },
      "properties": {
        "configuration_id": "r1500_t06",
        "day_fraction": 1.0,
        "daynight_known_count": 1,
        "detection_count": 1,
        "duration_hours": 0.0,
        "end_time_utc": "2025-03-29T18:55:00Z",
        "frp_max_mw": 15.45,
        "frp_mean_mw": 15.45,
        "frp_median_mw": 15.45,
        "frp_min_mw": 15.45,
        "frp_sum_mw": 15.45,
        "night_fraction": 0.0,
        "optical_cohort_status": "not_in_cohort",
        "possible_chain_merge": false,
        "public_event_id": "evt-0245",
        "satellite_count": 1,
        "satellites": [
          "N"
        ],
        "source_count": 1,
        "start_time_utc": "2025-03-29T18:55:00Z"
      },
      "type": "Feature"
    },
    {
      "geometry": {
        "coordinates": [
          -80.57434,
          8.408765
        ],
        "type": "Point"
      },
      "properties": {
        "configuration_id": "r1500_t06",
        "day_fraction": 1.0,
        "daynight_known_count": 2,
        "detection_count": 2,
        "duration_hours": 0.0,
        "end_time_utc": "2025-04-14T19:18:00Z",
        "frp_max_mw": 3.11,
        "frp_mean_mw": 2.38,
        "frp_median_mw": 2.38,
        "frp_min_mw": 1.65,
        "frp_sum_mw": 4.76,
        "night_fraction": 0.0,
        "optical_cohort_status": "not_in_cohort",
        "possible_chain_merge": false,
        "public_event_id": "evt-0246",
        "satellite_count": 1,
        "satellites": [
          "N20"
        ],
        "source_count": 1,
        "start_time_utc": "2025-04-14T19:18:00Z"
      },
      "type": "Feature"
    },
    {
      "geometry": {
        "coordinates": [
          -80.47671,
          8.83461
        ],
        "type": "Point"
      },
      "properties": {
        "configuration_id": "r1500_t06",
        "day_fraction": 1.0,
        "daynight_known_count": 1,
        "detection_count": 1,
        "duration_hours": 0.0,
        "end_time_utc": "2025-03-18T19:02:00Z",
        "frp_max_mw": 2.7,
        "frp_mean_mw": 2.7,
        "frp_median_mw": 2.7,
        "frp_min_mw": 2.7,
        "frp_sum_mw": 2.7,
        "night_fraction": 0.0,
        "optical_cohort_status": "not_in_cohort",
        "possible_chain_merge": false,
        "public_event_id": "evt-0247",
        "satellite_count": 1,
        "satellites": [
          "N"
        ],
        "source_count": 1,
        "start_time_utc": "2025-03-18T19:02:00Z"
      },
      "type": "Feature"
    },
    {
      "geometry": {
        "coordinates": [
          -80.20669,
          8.71096
        ],
        "type": "Point"
      },
      "properties": {
        "configuration_id": "r1500_t06",
        "day_fraction": 1.0,
        "daynight_known_count": 3,
        "detection_count": 3,
        "duration_hours": 0.383333,
        "end_time_utc": "2025-03-15T18:41:00Z",
        "frp_max_mw": 17.37,
        "frp_mean_mw": 16.286667,
        "frp_median_mw": 15.9,
        "frp_min_mw": 15.59,
        "frp_sum_mw": 48.86,
        "night_fraction": 0.0,
        "optical_cohort_status": "not_in_cohort",
        "possible_chain_merge": false,
        "public_event_id": "evt-0248",
        "satellite_count": 2,
        "satellites": [
          "N",
          "N20"
        ],
        "source_count": 2,
        "start_time_utc": "2025-03-15T18:18:00Z"
      },
      "type": "Feature"
    },
    {
      "geometry": {
        "coordinates": [
          -80.200085,
          8.8005
        ],
        "type": "Point"
      },
      "properties": {
        "configuration_id": "r1500_t06",
        "day_fraction": 1.0,
        "daynight_known_count": 2,
        "detection_count": 2,
        "duration_hours": 0.0,
        "end_time_utc": "2025-03-15T18:18:00Z",
        "frp_max_mw": 16.68,
        "frp_mean_mw": 10.47,
        "frp_median_mw": 10.47,
        "frp_min_mw": 4.26,
        "frp_sum_mw": 20.94,
        "night_fraction": 0.0,
        "optical_cohort_status": "not_in_cohort",
        "possible_chain_merge": false,
        "public_event_id": "evt-0249",
        "satellite_count": 1,
        "satellites": [
          "N"
        ],
        "source_count": 1,
        "start_time_utc": "2025-03-15T18:18:00Z"
      },
      "type": "Feature"
    },
    {
      "geometry": {
        "coordinates": [
          -80.31241,
          8.90188
        ],
        "type": "Point"
      },
      "properties": {
        "configuration_id": "r1500_t06",
        "day_fraction": 1.0,
        "daynight_known_count": 1,
        "detection_count": 1,
        "duration_hours": 0.0,
        "end_time_utc": "2025-03-15T18:41:00Z",
        "frp_max_mw": 29.89,
        "frp_mean_mw": 29.89,
        "frp_median_mw": 29.89,
        "frp_min_mw": 29.89,
        "frp_sum_mw": 29.89,
        "night_fraction": 0.0,
        "optical_cohort_status": "not_in_cohort",
        "possible_chain_merge": false,
        "public_event_id": "evt-0250",
        "satellite_count": 1,
        "satellites": [
          "N20"
        ],
        "source_count": 1,
        "start_time_utc": "2025-03-15T18:41:00Z"
      },
      "type": "Feature"
    },
    {
      "geometry": {
        "coordinates": [
          -80.16199,
          8.68296
        ],
        "type": "Point"
      },
      "properties": {
        "configuration_id": "r1500_t06",
        "day_fraction": 1.0,
        "daynight_known_count": 1,
        "detection_count": 1,
        "duration_hours": 0.0,
        "end_time_utc": "2025-03-18T19:02:00Z",
        "frp_max_mw": 4.12,
        "frp_mean_mw": 4.12,
        "frp_median_mw": 4.12,
        "frp_min_mw": 4.12,
        "frp_sum_mw": 4.12,
        "night_fraction": 0.0,
        "optical_cohort_status": "not_in_cohort",
        "possible_chain_merge": false,
        "public_event_id": "evt-0251",
        "satellite_count": 1,
        "satellites": [
          "N"
        ],
        "source_count": 1,
        "start_time_utc": "2025-03-18T19:02:00Z"
      },
      "type": "Feature"
    },
    {
      "geometry": {
        "coordinates": [
          -80.35608,
          8.49882
        ],
        "type": "Point"
      },
      "properties": {
        "configuration_id": "r1500_t06",
        "day_fraction": 0.0,
        "daynight_known_count": 1,
        "detection_count": 1,
        "duration_hours": 0.0,
        "end_time_utc": "2025-01-26T07:13:00Z",
        "frp_max_mw": 2.47,
        "frp_mean_mw": 2.47,
        "frp_median_mw": 2.47,
        "frp_min_mw": 2.47,
        "frp_sum_mw": 2.47,
        "night_fraction": 1.0,
        "optical_cohort_status": "not_in_cohort",
        "possible_chain_merge": false,
        "public_event_id": "evt-0252",
        "satellite_count": 1,
        "satellites": [
          "N"
        ],
        "source_count": 1,
        "start_time_utc": "2025-01-26T07:13:00Z"
      },
      "type": "Feature"
    },
    {
      "geometry": {
        "coordinates": [
          -80.78297,
          8.518865
        ],
        "type": "Point"
      },
      "properties": {
        "configuration_id": "r1500_t06",
        "day_fraction": 1.0,
        "daynight_known_count": 2,
        "detection_count": 2,
        "duration_hours": 0.383333,
        "end_time_utc": "2025-03-29T19:18:00Z",
        "frp_max_mw": 4.68,
        "frp_mean_mw": 4.38,
        "frp_median_mw": 4.38,
        "frp_min_mw": 4.08,
        "frp_sum_mw": 8.76,
        "night_fraction": 0.0,
        "optical_cohort_status": "not_in_cohort",
        "possible_chain_merge": false,
        "public_event_id": "evt-0253",
        "satellite_count": 2,
        "satellites": [
          "N",
          "N20"
        ],
        "source_count": 2,
        "start_time_utc": "2025-03-29T18:55:00Z"
      },
      "type": "Feature"
    },
    {
      "geometry": {
        "coordinates": [
          -80.55872,
          8.24645
        ],
        "type": "Point"
      },
      "properties": {
        "configuration_id": "r1500_t06",
        "day_fraction": 0.0,
        "daynight_known_count": 1,
        "detection_count": 1,
        "duration_hours": 0.0,
        "end_time_utc": "2025-03-01T06:58:00Z",
        "frp_max_mw": 2.0,
        "frp_mean_mw": 2.0,
        "frp_median_mw": 2.0,
        "frp_min_mw": 2.0,
        "frp_sum_mw": 2.0,
        "night_fraction": 1.0,
        "optical_cohort_status": "not_in_cohort",
        "possible_chain_merge": false,
        "public_event_id": "evt-0254",
        "satellite_count": 1,
        "satellites": [
          "N20"
        ],
        "source_count": 1,
        "start_time_utc": "2025-03-01T06:58:00Z"
      },
      "type": "Feature"
    },
    {
      "geometry": {
        "coordinates": [
          -80.47004,
          8.31981
        ],
        "type": "Point"
      },
      "properties": {
        "configuration_id": "r1500_t06",
        "day_fraction": 0.0,
        "daynight_known_count": 1,
        "detection_count": 1,
        "duration_hours": 0.0,
        "end_time_utc": "2025-03-19T07:38:00Z",
        "frp_max_mw": 1.4,
        "frp_mean_mw": 1.4,
        "frp_median_mw": 1.4,
        "frp_min_mw": 1.4,
        "frp_sum_mw": 1.4,
        "night_fraction": 1.0,
        "optical_cohort_status": "not_in_cohort",
        "possible_chain_merge": false,
        "public_event_id": "evt-0255",
        "satellite_count": 1,
        "satellites": [
          "N"
        ],
        "source_count": 1,
        "start_time_utc": "2025-03-19T07:38:00Z"
      },
      "type": "Feature"
    },
    {
      "geometry": {
        "coordinates": [
          -80.3438,
          8.5892
        ],
        "type": "Point"
      },
      "properties": {
        "configuration_id": "r1500_t06",
        "day_fraction": 1.0,
        "daynight_known_count": 1,
        "detection_count": 1,
        "duration_hours": 0.0,
        "end_time_utc": "2025-03-19T18:43:00Z",
        "frp_max_mw": 4.57,
        "frp_mean_mw": 4.57,
        "frp_median_mw": 4.57,
        "frp_min_mw": 4.57,
        "frp_sum_mw": 4.57,
        "night_fraction": 0.0,
        "optical_cohort_status": "not_in_cohort",
        "possible_chain_merge": false,
        "public_event_id": "evt-0256",
        "satellite_count": 1,
        "satellites": [
          "N"
        ],
        "source_count": 1,
        "start_time_utc": "2025-03-19T18:43:00Z"
      },
      "type": "Feature"
    },
    {
      "geometry": {
        "coordinates": [
          -80.42198,
          8.47747
        ],
        "type": "Point"
      },
      "properties": {
        "configuration_id": "r1500_t06",
        "day_fraction": 1.0,
        "daynight_known_count": 1,
        "detection_count": 1,
        "duration_hours": 0.0,
        "end_time_utc": "2025-04-15T19:00:00Z",
        "frp_max_mw": 3.85,
        "frp_mean_mw": 3.85,
        "frp_median_mw": 3.85,
        "frp_min_mw": 3.85,
        "frp_sum_mw": 3.85,
        "night_fraction": 0.0,
        "optical_cohort_status": "not_in_cohort",
        "possible_chain_merge": false,
        "public_event_id": "evt-0257",
        "satellite_count": 1,
        "satellites": [
          "N20"
        ],
        "source_count": 1,
        "start_time_utc": "2025-04-15T19:00:00Z"
      },
      "type": "Feature"
    },
    {
      "geometry": {
        "coordinates": [
          -80.82067,
          8.54494
        ],
        "type": "Point"
      },
      "properties": {
        "configuration_id": "r1500_t06",
        "day_fraction": 1.0,
        "daynight_known_count": 1,
        "detection_count": 1,
        "duration_hours": 0.0,
        "end_time_utc": "2025-04-01T18:22:00Z",
        "frp_max_mw": 7.67,
        "frp_mean_mw": 7.67,
        "frp_median_mw": 7.67,
        "frp_min_mw": 7.67,
        "frp_sum_mw": 7.67,
        "night_fraction": 0.0,
        "optical_cohort_status": "not_in_cohort",
        "possible_chain_merge": false,
        "public_event_id": "evt-0258",
        "satellite_count": 1,
        "satellites": [
          "N20"
        ],
        "source_count": 1,
        "start_time_utc": "2025-04-01T18:22:00Z"
      },
      "type": "Feature"
    },
    {
      "geometry": {
        "coordinates": [
          -80.51223,
          8.58449
        ],
        "type": "Point"
      },
      "properties": {
        "configuration_id": "r1500_t06",
        "day_fraction": 1.0,
        "daynight_known_count": 1,
        "detection_count": 1,
        "duration_hours": 0.0,
        "end_time_utc": "2025-04-19T19:02:00Z",
        "frp_max_mw": 2.76,
        "frp_mean_mw": 2.76,
        "frp_median_mw": 2.76,
        "frp_min_mw": 2.76,
        "frp_sum_mw": 2.76,
        "night_fraction": 0.0,
        "optical_cohort_status": "not_in_cohort",
        "possible_chain_merge": false,
        "public_event_id": "evt-0259",
        "satellite_count": 1,
        "satellites": [
          "N"
        ],
        "source_count": 1,
        "start_time_utc": "2025-04-19T19:02:00Z"
      },
      "type": "Feature"
    },
    {
      "geometry": {
        "coordinates": [
          -80.25736,
          8.7546
        ],
        "type": "Point"
      },
      "properties": {
        "configuration_id": "r1500_t06",
        "day_fraction": 1.0,
        "daynight_known_count": 1,
        "detection_count": 1,
        "duration_hours": 0.0,
        "end_time_utc": "2025-04-03T19:24:00Z",
        "frp_max_mw": 6.04,
        "frp_mean_mw": 6.04,
        "frp_median_mw": 6.04,
        "frp_min_mw": 6.04,
        "frp_sum_mw": 6.04,
        "night_fraction": 0.0,
        "optical_cohort_status": "not_in_cohort",
        "possible_chain_merge": false,
        "public_event_id": "evt-0260",
        "satellite_count": 1,
        "satellites": [
          "N20"
        ],
        "source_count": 1,
        "start_time_utc": "2025-04-03T19:24:00Z"
      },
      "type": "Feature"
    },
    {
      "geometry": {
        "coordinates": [
          -80.59378,
          8.36147
        ],
        "type": "Point"
      },
      "properties": {
        "configuration_id": "r1500_t06",
        "day_fraction": 1.0,
        "daynight_known_count": 1,
        "detection_count": 1,
        "duration_hours": 0.0,
        "end_time_utc": "2025-03-07T19:08:00Z",
        "frp_max_mw": 2.01,
        "frp_mean_mw": 2.01,
        "frp_median_mw": 2.01,
        "frp_min_mw": 2.01,
        "frp_sum_mw": 2.01,
        "night_fraction": 0.0,
        "optical_cohort_status": "not_in_cohort",
        "possible_chain_merge": false,
        "public_event_id": "evt-0261",
        "satellite_count": 1,
        "satellites": [
          "N"
        ],
        "source_count": 1,
        "start_time_utc": "2025-03-07T19:08:00Z"
      },
      "type": "Feature"
    },
    {
      "geometry": {
        "coordinates": [
          -80.3693,
          8.48865
        ],
        "type": "Point"
      },
      "properties": {
        "configuration_id": "r1500_t06",
        "day_fraction": 0.0,
        "daynight_known_count": 1,
        "detection_count": 1,
        "duration_hours": 0.0,
        "end_time_utc": "2025-03-23T06:45:00Z",
        "frp_max_mw": 3.82,
        "frp_mean_mw": 3.82,
        "frp_median_mw": 3.82,
        "frp_min_mw": 3.82,
        "frp_sum_mw": 3.82,
        "night_fraction": 1.0,
        "optical_cohort_status": "observable",
        "possible_chain_merge": false,
        "public_event_id": "evt-0262",
        "satellite_count": 1,
        "satellites": [
          "N20"
        ],
        "source_count": 1,
        "start_time_utc": "2025-03-23T06:45:00Z"
      },
      "type": "Feature"
    },
    {
      "geometry": {
        "coordinates": [
          -80.54786,
          8.19615
        ],
        "type": "Point"
      },
      "properties": {
        "configuration_id": "r1500_t06",
        "day_fraction": 1.0,
        "daynight_known_count": 1,
        "detection_count": 1,
        "duration_hours": 0.0,
        "end_time_utc": "2025-03-03T18:43:00Z",
        "frp_max_mw": 2.28,
        "frp_mean_mw": 2.28,
        "frp_median_mw": 2.28,
        "frp_min_mw": 2.28,
        "frp_sum_mw": 2.28,
        "night_fraction": 0.0,
        "optical_cohort_status": "not_in_cohort",
        "possible_chain_merge": false,
        "public_event_id": "evt-0263",
        "satellite_count": 1,
        "satellites": [
          "N"
        ],
        "source_count": 1,
        "start_time_utc": "2025-03-03T18:43:00Z"
      },
      "type": "Feature"
    },
    {
      "geometry": {
        "coordinates": [
          -80.117185,
          8.39117
        ],
        "type": "Point"
      },
      "properties": {
        "configuration_id": "r1500_t06",
        "day_fraction": 0.0,
        "daynight_known_count": 2,
        "detection_count": 2,
        "duration_hours": 0.383333,
        "end_time_utc": "2025-03-29T06:33:00Z",
        "frp_max_mw": 3.6,
        "frp_mean_mw": 2.235,
        "frp_median_mw": 2.235,
        "frp_min_mw": 0.87,
        "frp_sum_mw": 4.47,
        "night_fraction": 1.0,
        "optical_cohort_status": "not_in_cohort",
        "possible_chain_merge": false,
        "public_event_id": "evt-0264",
        "satellite_count": 2,
        "satellites": [
          "N",
          "N20"
        ],
        "source_count": 2,
        "start_time_utc": "2025-03-29T06:10:00Z"
      },
      "type": "Feature"
    },
    {
      "geometry": {
        "coordinates": [
          -80.37711,
          8.70422
        ],
        "type": "Point"
      },
      "properties": {
        "configuration_id": "r1500_t06",
        "day_fraction": 1.0,
        "daynight_known_count": 1,
        "detection_count": 1,
        "duration_hours": 0.0,
        "end_time_utc": "2025-04-03T19:02:00Z",
        "frp_max_mw": 1.64,
        "frp_mean_mw": 1.64,
        "frp_median_mw": 1.64,
        "frp_min_mw": 1.64,
        "frp_sum_mw": 1.64,
        "night_fraction": 0.0,
        "optical_cohort_status": "not_in_cohort",
        "possible_chain_merge": false,
        "public_event_id": "evt-0265",
        "satellite_count": 1,
        "satellites": [
          "N"
        ],
        "source_count": 1,
        "start_time_utc": "2025-04-03T19:02:00Z"
      },
      "type": "Feature"
    },
    {
      "geometry": {
        "coordinates": [
          -80.179707,
          8.771363
        ],
        "type": "Point"
      },
      "properties": {
        "configuration_id": "r1500_t06",
        "day_fraction": 1.0,
        "daynight_known_count": 3,
        "detection_count": 3,
        "duration_hours": 0.0,
        "end_time_utc": "2025-03-18T19:02:00Z",
        "frp_max_mw": 6.91,
        "frp_mean_mw": 4.823333,
        "frp_median_mw": 3.78,
        "frp_min_mw": 3.78,
        "frp_sum_mw": 14.47,
        "night_fraction": 0.0,
        "optical_cohort_status": "not_in_cohort",
        "possible_chain_merge": false,
        "public_event_id": "evt-0266",
        "satellite_count": 1,
        "satellites": [
          "N"
        ],
        "source_count": 1,
        "start_time_utc": "2025-03-18T19:02:00Z"
      },
      "type": "Feature"
    },
    {
      "geometry": {
        "coordinates": [
          -80.41843,
          8.83043
        ],
        "type": "Point"
      },
      "properties": {
        "configuration_id": "r1500_t06",
        "day_fraction": 1.0,
        "daynight_known_count": 1,
        "detection_count": 1,
        "duration_hours": 0.0,
        "end_time_utc": "2025-03-12T19:15:00Z",
        "frp_max_mw": 2.57,
        "frp_mean_mw": 2.57,
        "frp_median_mw": 2.57,
        "frp_min_mw": 2.57,
        "frp_sum_mw": 2.57,
        "night_fraction": 0.0,
        "optical_cohort_status": "not_in_cohort",
        "possible_chain_merge": false,
        "public_event_id": "evt-0267",
        "satellite_count": 1,
        "satellites": [
          "N"
        ],
        "source_count": 1,
        "start_time_utc": "2025-03-12T19:15:00Z"
      },
      "type": "Feature"
    },
    {
      "geometry": {
        "coordinates": [
          -80.46759,
          8.34233
        ],
        "type": "Point"
      },
      "properties": {
        "configuration_id": "r1500_t06",
        "day_fraction": 0.0,
        "daynight_known_count": 2,
        "detection_count": 2,
        "duration_hours": 1.3,
        "end_time_utc": "2025-04-15T07:32:00Z",
        "frp_max_mw": 2.3,
        "frp_mean_mw": 1.62,
        "frp_median_mw": 1.62,
        "frp_min_mw": 0.94,
        "frp_sum_mw": 3.24,
        "night_fraction": 1.0,
        "optical_cohort_status": "not_in_cohort",
        "possible_chain_merge": false,
        "public_event_id": "evt-0268",
        "satellite_count": 2,
        "satellites": [
          "N",
          "N20"
        ],
        "source_count": 2,
        "start_time_utc": "2025-04-15T06:14:00Z"
      },
      "type": "Feature"
    },
    {
      "geometry": {
        "coordinates": [
          -80.62103,
          8.48212
        ],
        "type": "Point"
      },
      "properties": {
        "configuration_id": "r1500_t06",
        "day_fraction": 1.0,
        "daynight_known_count": 1,
        "detection_count": 1,
        "duration_hours": 0.0,
        "end_time_utc": "2025-04-26T18:31:00Z",
        "frp_max_mw": 19.92,
        "frp_mean_mw": 19.92,
        "frp_median_mw": 19.92,
        "frp_min_mw": 19.92,
        "frp_sum_mw": 19.92,
        "night_fraction": 0.0,
        "optical_cohort_status": "not_in_cohort",
        "possible_chain_merge": false,
        "public_event_id": "evt-0269",
        "satellite_count": 1,
        "satellites": [
          "N"
        ],
        "source_count": 1,
        "start_time_utc": "2025-04-26T18:31:00Z"
      },
      "type": "Feature"
    },
    {
      "geometry": {
        "coordinates": [
          -80.23835,
          8.89332
        ],
        "type": "Point"
      },
      "properties": {
        "configuration_id": "r1500_t06",
        "day_fraction": 1.0,
        "daynight_known_count": 1,
        "detection_count": 1,
        "duration_hours": 0.0,
        "end_time_utc": "2025-03-17T19:21:00Z",
        "frp_max_mw": 3.51,
        "frp_mean_mw": 3.51,
        "frp_median_mw": 3.51,
        "frp_min_mw": 3.51,
        "frp_sum_mw": 3.51,
        "night_fraction": 0.0,
        "optical_cohort_status": "not_in_cohort",
        "possible_chain_merge": false,
        "public_event_id": "evt-0270",
        "satellite_count": 1,
        "satellites": [
          "N"
        ],
        "source_count": 1,
        "start_time_utc": "2025-03-17T19:21:00Z"
      },
      "type": "Feature"
    },
    {
      "geometry": {
        "coordinates": [
          -80.22166,
          8.44686
        ],
        "type": "Point"
      },
      "properties": {
        "configuration_id": "r1500_t06",
        "day_fraction": 1.0,
        "daynight_known_count": 1,
        "detection_count": 1,
        "duration_hours": 0.0,
        "end_time_utc": "2025-04-09T18:50:00Z",
        "frp_max_mw": 2.28,
        "frp_mean_mw": 2.28,
        "frp_median_mw": 2.28,
        "frp_min_mw": 2.28,
        "frp_sum_mw": 2.28,
        "night_fraction": 0.0,
        "optical_cohort_status": "not_in_cohort",
        "possible_chain_merge": false,
        "public_event_id": "evt-0271",
        "satellite_count": 1,
        "satellites": [
          "N"
        ],
        "source_count": 1,
        "start_time_utc": "2025-04-09T18:50:00Z"
      },
      "type": "Feature"
    },
    {
      "geometry": {
        "coordinates": [
          -80.76926,
          8.52172
        ],
        "type": "Point"
      },
      "properties": {
        "configuration_id": "r1500_t06",
        "day_fraction": 1.0,
        "daynight_known_count": 1,
        "detection_count": 1,
        "duration_hours": 0.0,
        "end_time_utc": "2025-01-25T18:37:00Z",
        "frp_max_mw": 3.2,
        "frp_mean_mw": 3.2,
        "frp_median_mw": 3.2,
        "frp_min_mw": 3.2,
        "frp_sum_mw": 3.2,
        "night_fraction": 0.0,
        "optical_cohort_status": "not_in_cohort",
        "possible_chain_merge": false,
        "public_event_id": "evt-0272",
        "satellite_count": 1,
        "satellites": [
          "N"
        ],
        "source_count": 1,
        "start_time_utc": "2025-01-25T18:37:00Z"
      },
      "type": "Feature"
    },
    {
      "geometry": {
        "coordinates": [
          -80.364054,
          8.35955
        ],
        "type": "Point"
      },
      "properties": {
        "configuration_id": "r1500_t06",
        "day_fraction": 1.0,
        "daynight_known_count": 5,
        "detection_count": 5,
        "duration_hours": 0.366667,
        "end_time_utc": "2025-01-30T19:06:00Z",
        "frp_max_mw": 17.78,
        "frp_mean_mw": 7.936,
        "frp_median_mw": 4.81,
        "frp_min_mw": 3.78,
        "frp_sum_mw": 39.68,
        "night_fraction": 0.0,
        "optical_cohort_status": "not_in_cohort",
        "possible_chain_merge": false,
        "public_event_id": "evt-0273",
        "satellite_count": 2,
        "satellites": [
          "N",
          "N20"
        ],
        "source_count": 2,
        "start_time_utc": "2025-01-30T18:44:00Z"
      },
      "type": "Feature"
    },
    {
      "geometry": {
        "coordinates": [
          -80.555427,
          8.50656
        ],
        "type": "Point"
      },
      "properties": {
        "configuration_id": "r1500_t06",
        "day_fraction": 1.0,
        "daynight_known_count": 3,
        "detection_count": 3,
        "duration_hours": 0.383333,
        "end_time_utc": "2025-03-08T19:12:00Z",
        "frp_max_mw": 8.05,
        "frp_mean_mw": 4.663333,
        "frp_median_mw": 2.97,
        "frp_min_mw": 2.97,
        "frp_sum_mw": 13.99,
        "night_fraction": 0.0,
        "optical_cohort_status": "observable",
        "possible_chain_merge": false,
        "public_event_id": "evt-0274",
        "satellite_count": 2,
        "satellites": [
          "N",
          "N20"
        ],
        "source_count": 2,
        "start_time_utc": "2025-03-08T18:49:00Z"
      },
      "type": "Feature"
    },
    {
      "geometry": {
        "coordinates": [
          -80.48182,
          8.25425
        ],
        "type": "Point"
      },
      "properties": {
        "configuration_id": "r1500_t06",
        "day_fraction": 1.0,
        "daynight_known_count": 1,
        "detection_count": 1,
        "duration_hours": 0.0,
        "end_time_utc": "2025-02-04T18:50:00Z",
        "frp_max_mw": 2.41,
        "frp_mean_mw": 2.41,
        "frp_median_mw": 2.41,
        "frp_min_mw": 2.41,
        "frp_sum_mw": 2.41,
        "night_fraction": 0.0,
        "optical_cohort_status": "not_in_cohort",
        "possible_chain_merge": false,
        "public_event_id": "evt-0275",
        "satellite_count": 1,
        "satellites": [
          "N"
        ],
        "source_count": 1,
        "start_time_utc": "2025-02-04T18:50:00Z"
      },
      "type": "Feature"
    },
    {
      "geometry": {
        "coordinates": [
          -80.19471,
          8.54692
        ],
        "type": "Point"
      },
      "properties": {
        "configuration_id": "r1500_t06",
        "day_fraction": 1.0,
        "daynight_known_count": 1,
        "detection_count": 1,
        "duration_hours": 0.0,
        "end_time_utc": "2025-04-25T18:50:00Z",
        "frp_max_mw": 3.39,
        "frp_mean_mw": 3.39,
        "frp_median_mw": 3.39,
        "frp_min_mw": 3.39,
        "frp_sum_mw": 3.39,
        "night_fraction": 0.0,
        "optical_cohort_status": "not_in_cohort",
        "possible_chain_merge": false,
        "public_event_id": "evt-0276",
        "satellite_count": 1,
        "satellites": [
          "N"
        ],
        "source_count": 1,
        "start_time_utc": "2025-04-25T18:50:00Z"
      },
      "type": "Feature"
    },
    {
      "geometry": {
        "coordinates": [
          -80.256637,
          8.450243
        ],
        "type": "Point"
      },
      "properties": {
        "configuration_id": "r1500_t06",
        "day_fraction": 1.0,
        "daynight_known_count": 3,
        "detection_count": 3,
        "duration_hours": 0.366667,
        "end_time_utc": "2025-04-14T19:18:00Z",
        "frp_max_mw": 17.11,
        "frp_mean_mw": 12.9,
        "frp_median_mw": 17.11,
        "frp_min_mw": 4.48,
        "frp_sum_mw": 38.7,
        "night_fraction": 0.0,
        "optical_cohort_status": "not_in_cohort",
        "possible_chain_merge": false,
        "public_event_id": "evt-0277",
        "satellite_count": 2,
        "satellites": [
          "N",
          "N20"
        ],
        "source_count": 2,
        "start_time_utc": "2025-04-14T18:56:00Z"
      },
      "type": "Feature"
    },
    {
      "geometry": {
        "coordinates": [
          -80.4543,
          8.41951
        ],
        "type": "Point"
      },
      "properties": {
        "configuration_id": "r1500_t06",
        "day_fraction": 1.0,
        "daynight_known_count": 1,
        "detection_count": 1,
        "duration_hours": 0.0,
        "end_time_utc": "2025-01-15T18:47:00Z",
        "frp_max_mw": 3.53,
        "frp_mean_mw": 3.53,
        "frp_median_mw": 3.53,
        "frp_min_mw": 3.53,
        "frp_sum_mw": 3.53,
        "night_fraction": 0.0,
        "optical_cohort_status": "not_in_cohort",
        "possible_chain_merge": false,
        "public_event_id": "evt-0278",
        "satellite_count": 1,
        "satellites": [
          "N20"
        ],
        "source_count": 1,
        "start_time_utc": "2025-01-15T18:47:00Z"
      },
      "type": "Feature"
    },
    {
      "geometry": {
        "coordinates": [
          -80.629867,
          8.145527
        ],
        "type": "Point"
      },
      "properties": {
        "configuration_id": "r1500_t06",
        "day_fraction": 1.0,
        "daynight_known_count": 3,
        "detection_count": 3,
        "duration_hours": 0.016667,
        "end_time_utc": "2025-02-19T19:09:00Z",
        "frp_max_mw": 15.54,
        "frp_mean_mw": 9.36,
        "frp_median_mw": 6.27,
        "frp_min_mw": 6.27,
        "frp_sum_mw": 28.08,
        "night_fraction": 0.0,
        "optical_cohort_status": "observable",
        "possible_chain_merge": false,
        "public_event_id": "evt-0279",
        "satellite_count": 1,
        "satellites": [
          "N"
        ],
        "source_count": 1,
        "start_time_utc": "2025-02-19T19:08:00Z"
      },
      "type": "Feature"
    },
    {
      "geometry": {
        "coordinates": [
          -80.69019,
          8.36606
        ],
        "type": "Point"
      },
      "properties": {
        "configuration_id": "r1500_t06",
        "day_fraction": 1.0,
        "daynight_known_count": 1,
        "detection_count": 1,
        "duration_hours": 0.0,
        "end_time_utc": "2025-03-23T19:08:00Z",
        "frp_max_mw": 4.01,
        "frp_mean_mw": 4.01,
        "frp_median_mw": 4.01,
        "frp_min_mw": 4.01,
        "frp_sum_mw": 4.01,
        "night_fraction": 0.0,
        "optical_cohort_status": "not_in_cohort",
        "possible_chain_merge": false,
        "public_event_id": "evt-0280",
        "satellite_count": 1,
        "satellites": [
          "N"
        ],
        "source_count": 1,
        "start_time_utc": "2025-03-23T19:08:00Z"
      },
      "type": "Feature"
    },
    {
      "geometry": {
        "coordinates": [
          -80.670537,
          8.475787
        ],
        "type": "Point"
      },
      "properties": {
        "configuration_id": "r1500_t06",
        "day_fraction": 0.0,
        "daynight_known_count": 3,
        "detection_count": 3,
        "duration_hours": 0.383333,
        "end_time_utc": "2025-03-19T06:20:00Z",
        "frp_max_mw": 3.48,
        "frp_mean_mw": 3.06,
        "frp_median_mw": 3.17,
        "frp_min_mw": 2.53,
        "frp_sum_mw": 9.18,
        "night_fraction": 1.0,
        "optical_cohort_status": "not_in_cohort",
        "possible_chain_merge": false,
        "public_event_id": "evt-0281",
        "satellite_count": 2,
        "satellites": [
          "N",
          "N20"
        ],
        "source_count": 2,
        "start_time_utc": "2025-03-19T05:57:00Z"
      },
      "type": "Feature"
    },
    {
      "geometry": {
        "coordinates": [
          -80.57161,
          8.409532
        ],
        "type": "Point"
      },
      "properties": {
        "configuration_id": "r1500_t06",
        "day_fraction": 1.0,
        "daynight_known_count": 5,
        "detection_count": 5,
        "duration_hours": 0.383333,
        "end_time_utc": "2025-03-29T19:18:00Z",
        "frp_max_mw": 8.32,
        "frp_mean_mw": 5.922,
        "frp_median_mw": 5.28,
        "frp_min_mw": 5.28,
        "frp_sum_mw": 29.61,
        "night_fraction": 0.0,
        "optical_cohort_status": "not_in_cohort",
        "possible_chain_merge": false,
        "public_event_id": "evt-0282",
        "satellite_count": 2,
        "satellites": [
          "N",
          "N20"
        ],
        "source_count": 2,
        "start_time_utc": "2025-03-29T18:55:00Z"
      },
      "type": "Feature"
    },
    {
      "geometry": {
        "coordinates": [
          -80.56342,
          8.26698
        ],
        "type": "Point"
      },
      "properties": {
        "configuration_id": "r1500_t06",
        "day_fraction": 0.0,
        "daynight_known_count": 1,
        "detection_count": 1,
        "duration_hours": 0.0,
        "end_time_utc": "2025-04-18T06:36:00Z",
        "frp_max_mw": 1.99,
        "frp_mean_mw": 1.99,
        "frp_median_mw": 1.99,
        "frp_min_mw": 1.99,
        "frp_sum_mw": 1.99,
        "night_fraction": 1.0,
        "optical_cohort_status": "not_in_cohort",
        "possible_chain_merge": false,
        "public_event_id": "evt-0283",
        "satellite_count": 1,
        "satellites": [
          "N"
        ],
        "source_count": 1,
        "start_time_utc": "2025-04-18T06:36:00Z"
      },
      "type": "Feature"
    },
    {
      "geometry": {
        "coordinates": [
          -80.46261,
          8.524527
        ],
        "type": "Point"
      },
      "properties": {
        "configuration_id": "r1500_t06",
        "day_fraction": 0.0,
        "daynight_known_count": 4,
        "detection_count": 4,
        "duration_hours": 0.0,
        "end_time_utc": "2025-01-27T06:55:00Z",
        "frp_max_mw": 2.91,
        "frp_mean_mw": 1.2625,
        "frp_median_mw": 0.92,
        "frp_min_mw": 0.3,
        "frp_sum_mw": 5.05,
        "night_fraction": 1.0,
        "optical_cohort_status": "not_in_cohort",
        "possible_chain_merge": false,
        "public_event_id": "evt-0284",
        "satellite_count": 1,
        "satellites": [
          "N"
        ],
        "source_count": 1,
        "start_time_utc": "2025-01-27T06:55:00Z"
      },
      "type": "Feature"
    },
    {
      "geometry": {
        "coordinates": [
          -80.35721,
          8.36048
        ],
        "type": "Point"
      },
      "properties": {
        "configuration_id": "r1500_t06",
        "day_fraction": 1.0,
        "daynight_known_count": 1,
        "detection_count": 1,
        "duration_hours": 0.0,
        "end_time_utc": "2025-02-11T18:41:00Z",
        "frp_max_mw": 2.53,
        "frp_mean_mw": 2.53,
        "frp_median_mw": 2.53,
        "frp_min_mw": 2.53,
        "frp_sum_mw": 2.53,
        "night_fraction": 0.0,
        "optical_cohort_status": "not_in_cohort",
        "possible_chain_merge": false,
        "public_event_id": "evt-0285",
        "satellite_count": 1,
        "satellites": [
          "N20"
        ],
        "source_count": 1,
        "start_time_utc": "2025-02-11T18:41:00Z"
      },
      "type": "Feature"
    },
    {
      "geometry": {
        "coordinates": [
          -80.72462,
          8.47906
        ],
        "type": "Point"
      },
      "properties": {
        "configuration_id": "r1500_t06",
        "day_fraction": 1.0,
        "daynight_known_count": 1,
        "detection_count": 1,
        "duration_hours": 0.0,
        "end_time_utc": "2025-03-27T18:15:00Z",
        "frp_max_mw": 3.22,
        "frp_mean_mw": 3.22,
        "frp_median_mw": 3.22,
        "frp_min_mw": 3.22,
        "frp_sum_mw": 3.22,
        "night_fraction": 0.0,
        "optical_cohort_status": "observable",
        "possible_chain_merge": false,
        "public_event_id": "evt-0286",
        "satellite_count": 1,
        "satellites": [
          "N20"
        ],
        "source_count": 1,
        "start_time_utc": "2025-03-27T18:15:00Z"
      },
      "type": "Feature"
    },
    {
      "geometry": {
        "coordinates": [
          -80.18937,
          8.852185
        ],
        "type": "Point"
      },
      "properties": {
        "configuration_id": "r1500_t06",
        "day_fraction": 1.0,
        "daynight_known_count": 2,
        "detection_count": 2,
        "duration_hours": 0.383333,
        "end_time_utc": "2025-03-18T19:25:00Z",
        "frp_max_mw": 8.39,
        "frp_mean_mw": 8.295,
        "frp_median_mw": 8.295,
        "frp_min_mw": 8.2,
        "frp_sum_mw": 16.59,
        "night_fraction": 0.0,
        "optical_cohort_status": "not_in_cohort",
        "possible_chain_merge": false,
        "public_event_id": "evt-0287",
        "satellite_count": 2,
        "satellites": [
          "N",
          "N20"
        ],
        "source_count": 2,
        "start_time_utc": "2025-03-18T19:02:00Z"
      },
      "type": "Feature"
    },
    {
      "geometry": {
        "coordinates": [
          -80.594215,
          8.346905
        ],
        "type": "Point"
      },
      "properties": {
        "configuration_id": "r1500_t06",
        "day_fraction": 1.0,
        "daynight_known_count": 4,
        "detection_count": 4,
        "duration_hours": 0.383333,
        "end_time_utc": "2025-03-19T19:06:00Z",
        "frp_max_mw": 4.25,
        "frp_mean_mw": 2.59,
        "frp_median_mw": 2.18,
        "frp_min_mw": 1.75,
        "frp_sum_mw": 10.36,
        "night_fraction": 0.0,
        "optical_cohort_status": "not_in_cohort",
        "possible_chain_merge": true,
        "public_event_id": "evt-0288",
        "satellite_count": 2,
        "satellites": [
          "N",
          "N20"
        ],
        "source_count": 2,
        "start_time_utc": "2025-03-19T18:43:00Z"
      },
      "type": "Feature"
    },
    {
      "geometry": {
        "coordinates": [
          -80.20667,
          8.83797
        ],
        "type": "Point"
      },
      "properties": {
        "configuration_id": "r1500_t06",
        "day_fraction": 1.0,
        "daynight_known_count": 1,
        "detection_count": 1,
        "duration_hours": 0.0,
        "end_time_utc": "2025-04-16T18:18:00Z",
        "frp_max_mw": 5.78,
        "frp_mean_mw": 5.78,
        "frp_median_mw": 5.78,
        "frp_min_mw": 5.78,
        "frp_sum_mw": 5.78,
        "night_fraction": 0.0,
        "optical_cohort_status": "not_in_cohort",
        "possible_chain_merge": false,
        "public_event_id": "evt-0289",
        "satellite_count": 1,
        "satellites": [
          "N"
        ],
        "source_count": 1,
        "start_time_utc": "2025-04-16T18:18:00Z"
      },
      "type": "Feature"
    },
    {
      "geometry": {
        "coordinates": [
          -80.20042,
          8.42934
        ],
        "type": "Point"
      },
      "properties": {
        "configuration_id": "r1500_t06",
        "day_fraction": 1.0,
        "daynight_known_count": 2,
        "detection_count": 2,
        "duration_hours": 0.383333,
        "end_time_utc": "2025-02-11T18:41:00Z",
        "frp_max_mw": 3.3,
        "frp_mean_mw": 3.13,
        "frp_median_mw": 3.13,
        "frp_min_mw": 2.96,
        "frp_sum_mw": 6.26,
        "night_fraction": 0.0,
        "optical_cohort_status": "not_in_cohort",
        "possible_chain_merge": false,
        "public_event_id": "evt-0290",
        "satellite_count": 2,
        "satellites": [
          "N",
          "N20"
        ],
        "source_count": 2,
        "start_time_utc": "2025-02-11T18:18:00Z"
      },
      "type": "Feature"
    },
    {
      "geometry": {
        "coordinates": [
          -80.420126,
          8.43644
        ],
        "type": "Point"
      },
      "properties": {
        "configuration_id": "r1500_t06",
        "day_fraction": 1.0,
        "daynight_known_count": 5,
        "detection_count": 5,
        "duration_hours": 0.383333,
        "end_time_utc": "2025-03-24T19:12:00Z",
        "frp_max_mw": 8.03,
        "frp_mean_mw": 4.51,
        "frp_median_mw": 3.38,
        "frp_min_mw": 3.08,
        "frp_sum_mw": 22.55,
        "night_fraction": 0.0,
        "optical_cohort_status": "not_in_cohort",
        "possible_chain_merge": false,
        "public_event_id": "evt-0291",
        "satellite_count": 2,
        "satellites": [
          "N",
          "N20"
        ],
        "source_count": 2,
        "start_time_utc": "2025-03-24T18:49:00Z"
      },
      "type": "Feature"
    },
    {
      "geometry": {
        "coordinates": [
          -80.220525,
          8.855575
        ],
        "type": "Point"
      },
      "properties": {
        "configuration_id": "r1500_t06",
        "day_fraction": 1.0,
        "daynight_known_count": 2,
        "detection_count": 2,
        "duration_hours": 0.0,
        "end_time_utc": "2025-03-29T19:18:00Z",
        "frp_max_mw": 9.1,
        "frp_mean_mw": 7.9,
        "frp_median_mw": 7.9,
        "frp_min_mw": 6.7,
        "frp_sum_mw": 15.8,
        "night_fraction": 0.0,
        "optical_cohort_status": "not_in_cohort",
        "possible_chain_merge": false,
        "public_event_id": "evt-0292",
        "satellite_count": 1,
        "satellites": [
          "N20"
        ],
        "source_count": 1,
        "start_time_utc": "2025-03-29T19:18:00Z"
      },
      "type": "Feature"
    },
    {
      "geometry": {
        "coordinates": [
          -80.376745,
          8.62772
        ],
        "type": "Point"
      },
      "properties": {
        "configuration_id": "r1500_t06",
        "day_fraction": 1.0,
        "daynight_known_count": 2,
        "detection_count": 2,
        "duration_hours": 0.0,
        "end_time_utc": "2025-04-07T18:09:00Z",
        "frp_max_mw": 9.89,
        "frp_mean_mw": 9.31,
        "frp_median_mw": 9.31,
        "frp_min_mw": 8.73,
        "frp_sum_mw": 18.62,
        "night_fraction": 0.0,
        "optical_cohort_status": "not_in_cohort",
        "possible_chain_merge": false,
        "public_event_id": "evt-0293",
        "satellite_count": 1,
        "satellites": [
          "N20"
        ],
        "source_count": 1,
        "start_time_utc": "2025-04-07T18:09:00Z"
      },
      "type": "Feature"
    },
    {
      "geometry": {
        "coordinates": [
          -80.70921,
          8.41387
        ],
        "type": "Point"
      },
      "properties": {
        "configuration_id": "r1500_t06",
        "day_fraction": 1.0,
        "daynight_known_count": 1,
        "detection_count": 1,
        "duration_hours": 0.0,
        "end_time_utc": "2025-04-14T19:18:00Z",
        "frp_max_mw": 1.9,
        "frp_mean_mw": 1.9,
        "frp_median_mw": 1.9,
        "frp_min_mw": 1.9,
        "frp_sum_mw": 1.9,
        "night_fraction": 0.0,
        "optical_cohort_status": "not_in_cohort",
        "possible_chain_merge": false,
        "public_event_id": "evt-0294",
        "satellite_count": 1,
        "satellites": [
          "N20"
        ],
        "source_count": 1,
        "start_time_utc": "2025-04-14T19:18:00Z"
      },
      "type": "Feature"
    },
    {
      "geometry": {
        "coordinates": [
          -80.464385,
          8.30267
        ],
        "type": "Point"
      },
      "properties": {
        "configuration_id": "r1500_t06",
        "day_fraction": 0.0,
        "daynight_known_count": 2,
        "detection_count": 2,
        "duration_hours": 0.0,
        "end_time_utc": "2025-02-16T07:20:00Z",
        "frp_max_mw": 4.38,
        "frp_mean_mw": 4.38,
        "frp_median_mw": 4.38,
        "frp_min_mw": 4.38,
        "frp_sum_mw": 8.76,
        "night_fraction": 1.0,
        "optical_cohort_status": "not_in_cohort",
        "possible_chain_merge": false,
        "public_event_id": "evt-0295",
        "satellite_count": 1,
        "satellites": [
          "N"
        ],
        "source_count": 1,
        "start_time_utc": "2025-02-16T07:20:00Z"
      },
      "type": "Feature"
    },
    {
      "geometry": {
        "coordinates": [
          -80.58624,
          8.42527
        ],
        "type": "Point"
      },
      "properties": {
        "configuration_id": "r1500_t06",
        "day_fraction": 1.0,
        "daynight_known_count": 1,
        "detection_count": 1,
        "duration_hours": 0.0,
        "end_time_utc": "2025-03-09T18:54:00Z",
        "frp_max_mw": 6.69,
        "frp_mean_mw": 6.69,
        "frp_median_mw": 6.69,
        "frp_min_mw": 6.69,
        "frp_sum_mw": 6.69,
        "night_fraction": 0.0,
        "optical_cohort_status": "not_in_cohort",
        "possible_chain_merge": false,
        "public_event_id": "evt-0296",
        "satellite_count": 1,
        "satellites": [
          "N20"
        ],
        "source_count": 1,
        "start_time_utc": "2025-03-09T18:54:00Z"
      },
      "type": "Feature"
    },
    {
      "geometry": {
        "coordinates": [
          -80.72433,
          8.503895
        ],
        "type": "Point"
      },
      "properties": {
        "configuration_id": "r1500_t06",
        "day_fraction": 1.0,
        "daynight_known_count": 2,
        "detection_count": 2,
        "duration_hours": 0.366667,
        "end_time_utc": "2025-01-30T19:06:00Z",
        "frp_max_mw": 6.86,
        "frp_mean_mw": 4.845,
        "frp_median_mw": 4.845,
        "frp_min_mw": 2.83,
        "frp_sum_mw": 9.69,
        "night_fraction": 0.0,
        "optical_cohort_status": "not_in_cohort",
        "possible_chain_merge": false,
        "public_event_id": "evt-0297",
        "satellite_count": 2,
        "satellites": [
          "N",
          "N20"
        ],
        "source_count": 2,
        "start_time_utc": "2025-01-30T18:44:00Z"
      },
      "type": "Feature"
    },
    {
      "geometry": {
        "coordinates": [
          -80.29095,
          8.7358
        ],
        "type": "Point"
      },
      "properties": {
        "configuration_id": "r1500_t06",
        "day_fraction": 1.0,
        "daynight_known_count": 1,
        "detection_count": 1,
        "duration_hours": 0.0,
        "end_time_utc": "2025-03-20T18:47:00Z",
        "frp_max_mw": 13.08,
        "frp_mean_mw": 13.08,
        "frp_median_mw": 13.08,
        "frp_min_mw": 13.08,
        "frp_sum_mw": 13.08,
        "night_fraction": 0.0,
        "optical_cohort_status": "not_in_cohort",
        "possible_chain_merge": false,
        "public_event_id": "evt-0298",
        "satellite_count": 1,
        "satellites": [
          "N20"
        ],
        "source_count": 1,
        "start_time_utc": "2025-03-20T18:47:00Z"
      },
      "type": "Feature"
    },
    {
      "geometry": {
        "coordinates": [
          -80.259876,
          8.333956
        ],
        "type": "Point"
      },
      "properties": {
        "configuration_id": "r1500_t06",
        "day_fraction": 1.0,
        "daynight_known_count": 5,
        "detection_count": 5,
        "duration_hours": 0.383333,
        "end_time_utc": "2025-03-03T19:06:00Z",
        "frp_max_mw": 16.89,
        "frp_mean_mw": 13.104,
        "frp_median_mw": 14.52,
        "frp_min_mw": 2.7,
        "frp_sum_mw": 65.52,
        "night_fraction": 0.0,
        "optical_cohort_status": "not_in_cohort",
        "possible_chain_merge": false,
        "public_event_id": "evt-0299",
        "satellite_count": 2,
        "satellites": [
          "N",
          "N20"
        ],
        "source_count": 2,
        "start_time_utc": "2025-03-03T18:43:00Z"
      },
      "type": "Feature"
    },
    {
      "geometry": {
        "coordinates": [
          -80.311195,
          8.400243
        ],
        "type": "Point"
      },
      "properties": {
        "configuration_id": "r1500_t06",
        "day_fraction": 1.0,
        "daynight_known_count": 6,
        "detection_count": 6,
        "duration_hours": 0.383333,
        "end_time_utc": "2025-02-28T18:22:00Z",
        "frp_max_mw": 11.45,
        "frp_mean_mw": 7.455,
        "frp_median_mw": 7.115,
        "frp_min_mw": 3.8,
        "frp_sum_mw": 44.73,
        "night_fraction": 0.0,
        "optical_cohort_status": "not_in_cohort",
        "possible_chain_merge": false,
        "public_event_id": "evt-0300",
        "satellite_count": 2,
        "satellites": [
          "N",
          "N20"
        ],
        "source_count": 2,
        "start_time_utc": "2025-02-28T17:59:00Z"
      },
      "type": "Feature"
    },
    {
      "geometry": {
        "coordinates": [
          -80.182563,
          8.826157
        ],
        "type": "Point"
      },
      "properties": {
        "configuration_id": "r1500_t06",
        "day_fraction": 1.0,
        "daynight_known_count": 3,
        "detection_count": 3,
        "duration_hours": 0.0,
        "end_time_utc": "2025-03-18T19:25:00Z",
        "frp_max_mw": 15.58,
        "frp_mean_mw": 11.146667,
        "frp_median_mw": 8.93,
        "frp_min_mw": 8.93,
        "frp_sum_mw": 33.44,
        "night_fraction": 0.0,
        "optical_cohort_status": "not_in_cohort",
        "possible_chain_merge": false,
        "public_event_id": "evt-0301",
        "satellite_count": 1,
        "satellites": [
          "N20"
        ],
        "source_count": 1,
        "start_time_utc": "2025-03-18T19:25:00Z"
      },
      "type": "Feature"
    },
    {
      "geometry": {
        "coordinates": [
          -80.64187,
          8.15934
        ],
        "type": "Point"
      },
      "properties": {
        "configuration_id": "r1500_t06",
        "day_fraction": 1.0,
        "daynight_known_count": 1,
        "detection_count": 1,
        "duration_hours": 0.0,
        "end_time_utc": "2025-01-24T18:56:00Z",
        "frp_max_mw": 4.05,
        "frp_mean_mw": 4.05,
        "frp_median_mw": 4.05,
        "frp_min_mw": 4.05,
        "frp_sum_mw": 4.05,
        "night_fraction": 0.0,
        "optical_cohort_status": "not_in_cohort",
        "possible_chain_merge": false,
        "public_event_id": "evt-0302",
        "satellite_count": 1,
        "satellites": [
          "N"
        ],
        "source_count": 1,
        "start_time_utc": "2025-01-24T18:56:00Z"
      },
      "type": "Feature"
    },
    {
      "geometry": {
        "coordinates": [
          -80.5681,
          8.22696
        ],
        "type": "Point"
      },
      "properties": {
        "configuration_id": "r1500_t06",
        "day_fraction": 1.0,
        "daynight_known_count": 1,
        "detection_count": 1,
        "duration_hours": 0.0,
        "end_time_utc": "2025-04-12T18:15:00Z",
        "frp_max_mw": 4.52,
        "frp_mean_mw": 4.52,
        "frp_median_mw": 4.52,
        "frp_min_mw": 4.52,
        "frp_sum_mw": 4.52,
        "night_fraction": 0.0,
        "optical_cohort_status": "not_in_cohort",
        "possible_chain_merge": false,
        "public_event_id": "evt-0303",
        "satellite_count": 1,
        "satellites": [
          "N20"
        ],
        "source_count": 1,
        "start_time_utc": "2025-04-12T18:15:00Z"
      },
      "type": "Feature"
    },
    {
      "geometry": {
        "coordinates": [
          -80.504465,
          8.459085
        ],
        "type": "Point"
      },
      "properties": {
        "configuration_id": "r1500_t06",
        "day_fraction": 0.0,
        "daynight_known_count": 2,
        "detection_count": 2,
        "duration_hours": 0.383333,
        "end_time_utc": "2025-03-08T06:27:00Z",
        "frp_max_mw": 1.15,
        "frp_mean_mw": 0.87,
        "frp_median_mw": 0.87,
        "frp_min_mw": 0.59,
        "frp_sum_mw": 1.74,
        "night_fraction": 1.0,
        "optical_cohort_status": "not_in_cohort",
        "possible_chain_merge": false,
        "public_event_id": "evt-0304",
        "satellite_count": 2,
        "satellites": [
          "N",
          "N20"
        ],
        "source_count": 2,
        "start_time_utc": "2025-03-08T06:04:00Z"
      },
      "type": "Feature"
    },
    {
      "geometry": {
        "coordinates": [
          -80.71202,
          8.47041
        ],
        "type": "Point"
      },
      "properties": {
        "configuration_id": "r1500_t06",
        "day_fraction": 1.0,
        "daynight_known_count": 1,
        "detection_count": 1,
        "duration_hours": 0.0,
        "end_time_utc": "2025-02-23T18:16:00Z",
        "frp_max_mw": 4.3,
        "frp_mean_mw": 4.3,
        "frp_median_mw": 4.3,
        "frp_min_mw": 4.3,
        "frp_sum_mw": 4.3,
        "night_fraction": 0.0,
        "optical_cohort_status": "not_in_cohort",
        "possible_chain_merge": false,
        "public_event_id": "evt-0305",
        "satellite_count": 1,
        "satellites": [
          "N20"
        ],
        "source_count": 1,
        "start_time_utc": "2025-02-23T18:16:00Z"
      },
      "type": "Feature"
    },
    {
      "geometry": {
        "coordinates": [
          -80.29766,
          8.57795
        ],
        "type": "Point"
      },
      "properties": {
        "configuration_id": "r1500_t06",
        "day_fraction": 1.0,
        "daynight_known_count": 1,
        "detection_count": 1,
        "duration_hours": 0.0,
        "end_time_utc": "2025-04-15T19:00:00Z",
        "frp_max_mw": 5.68,
        "frp_mean_mw": 5.68,
        "frp_median_mw": 5.68,
        "frp_min_mw": 5.68,
        "frp_sum_mw": 5.68,
        "night_fraction": 0.0,
        "optical_cohort_status": "not_in_cohort",
        "possible_chain_merge": false,
        "public_event_id": "evt-0306",
        "satellite_count": 1,
        "satellites": [
          "N20"
        ],
        "source_count": 1,
        "start_time_utc": "2025-04-15T19:00:00Z"
      },
      "type": "Feature"
    },
    {
      "geometry": {
        "coordinates": [
          -80.3949,
          8.65629
        ],
        "type": "Point"
      },
      "properties": {
        "configuration_id": "r1500_t06",
        "day_fraction": 1.0,
        "daynight_known_count": 1,
        "detection_count": 1,
        "duration_hours": 0.0,
        "end_time_utc": "2025-03-27T18:15:00Z",
        "frp_max_mw": 3.58,
        "frp_mean_mw": 3.58,
        "frp_median_mw": 3.58,
        "frp_min_mw": 3.58,
        "frp_sum_mw": 3.58,
        "night_fraction": 0.0,
        "optical_cohort_status": "not_in_cohort",
        "possible_chain_merge": false,
        "public_event_id": "evt-0307",
        "satellite_count": 1,
        "satellites": [
          "N20"
        ],
        "source_count": 1,
        "start_time_utc": "2025-03-27T18:15:00Z"
      },
      "type": "Feature"
    },
    {
      "geometry": {
        "coordinates": [
          -80.22761,
          8.96922
        ],
        "type": "Point"
      },
      "properties": {
        "configuration_id": "r1500_t06",
        "day_fraction": 1.0,
        "daynight_known_count": 1,
        "detection_count": 1,
        "duration_hours": 0.0,
        "end_time_utc": "2025-03-04T18:47:00Z",
        "frp_max_mw": 4.67,
        "frp_mean_mw": 4.67,
        "frp_median_mw": 4.67,
        "frp_min_mw": 4.67,
        "frp_sum_mw": 4.67,
        "night_fraction": 0.0,
        "optical_cohort_status": "not_in_cohort",
        "possible_chain_merge": false,
        "public_event_id": "evt-0308",
        "satellite_count": 1,
        "satellites": [
          "N20"
        ],
        "source_count": 1,
        "start_time_utc": "2025-03-04T18:47:00Z"
      },
      "type": "Feature"
    },
    {
      "geometry": {
        "coordinates": [
          -80.33763,
          8.781175
        ],
        "type": "Point"
      },
      "properties": {
        "configuration_id": "r1500_t06",
        "day_fraction": 1.0,
        "daynight_known_count": 2,
        "detection_count": 2,
        "duration_hours": 0.0,
        "end_time_utc": "2025-03-18T19:02:00Z",
        "frp_max_mw": 6.62,
        "frp_mean_mw": 6.62,
        "frp_median_mw": 6.62,
        "frp_min_mw": 6.62,
        "frp_sum_mw": 13.24,
        "night_fraction": 0.0,
        "optical_cohort_status": "not_in_cohort",
        "possible_chain_merge": false,
        "public_event_id": "evt-0309",
        "satellite_count": 1,
        "satellites": [
          "N"
        ],
        "source_count": 1,
        "start_time_utc": "2025-03-18T19:02:00Z"
      },
      "type": "Feature"
    },
    {
      "geometry": {
        "coordinates": [
          -80.6834,
          8.19009
        ],
        "type": "Point"
      },
      "properties": {
        "configuration_id": "r1500_t06",
        "day_fraction": 0.0,
        "daynight_known_count": 1,
        "detection_count": 1,
        "duration_hours": 0.0,
        "end_time_utc": "2025-04-13T06:52:00Z",
        "frp_max_mw": 0.36,
        "frp_mean_mw": 0.36,
        "frp_median_mw": 0.36,
        "frp_min_mw": 0.36,
        "frp_sum_mw": 0.36,
        "night_fraction": 1.0,
        "optical_cohort_status": "not_in_cohort",
        "possible_chain_merge": false,
        "public_event_id": "evt-0310",
        "satellite_count": 1,
        "satellites": [
          "N20"
        ],
        "source_count": 1,
        "start_time_utc": "2025-04-13T06:52:00Z"
      },
      "type": "Feature"
    },
    {
      "geometry": {
        "coordinates": [
          -80.19577,
          8.37908
        ],
        "type": "Point"
      },
      "properties": {
        "configuration_id": "r1500_t06",
        "day_fraction": 1.0,
        "daynight_known_count": 2,
        "detection_count": 2,
        "duration_hours": 0.016667,
        "end_time_utc": "2025-04-09T18:50:00Z",
        "frp_max_mw": 6.03,
        "frp_mean_mw": 5.735,
        "frp_median_mw": 5.735,
        "frp_min_mw": 5.44,
        "frp_sum_mw": 11.47,
        "night_fraction": 0.0,
        "optical_cohort_status": "not_in_cohort",
        "possible_chain_merge": false,
        "public_event_id": "evt-0311",
        "satellite_count": 1,
        "satellites": [
          "N"
        ],
        "source_count": 1,
        "start_time_utc": "2025-04-09T18:49:00Z"
      },
      "type": "Feature"
    },
    {
      "geometry": {
        "coordinates": [
          -80.58536,
          8.457785
        ],
        "type": "Point"
      },
      "properties": {
        "configuration_id": "r1500_t06",
        "day_fraction": 1.0,
        "daynight_known_count": 4,
        "detection_count": 4,
        "duration_hours": 0.383333,
        "end_time_utc": "2025-03-03T19:06:00Z",
        "frp_max_mw": 6.57,
        "frp_mean_mw": 4.555,
        "frp_median_mw": 4.405,
        "frp_min_mw": 2.84,
        "frp_sum_mw": 18.22,
        "night_fraction": 0.0,
        "optical_cohort_status": "not_in_cohort",
        "possible_chain_merge": false,
        "public_event_id": "evt-0312",
        "satellite_count": 2,
        "satellites": [
          "N",
          "N20"
        ],
        "source_count": 2,
        "start_time_utc": "2025-03-03T18:43:00Z"
      },
      "type": "Feature"
    },
    {
      "geometry": {
        "coordinates": [
          -80.48022,
          8.40081
        ],
        "type": "Point"
      },
      "properties": {
        "configuration_id": "r1500_t06",
        "day_fraction": 1.0,
        "daynight_known_count": 1,
        "detection_count": 1,
        "duration_hours": 0.0,
        "end_time_utc": "2025-02-23T18:16:00Z",
        "frp_max_mw": 10.08,
        "frp_mean_mw": 10.08,
        "frp_median_mw": 10.08,
        "frp_min_mw": 10.08,
        "frp_sum_mw": 10.08,
        "night_fraction": 0.0,
        "optical_cohort_status": "not_in_cohort",
        "possible_chain_merge": false,
        "public_event_id": "evt-0313",
        "satellite_count": 1,
        "satellites": [
          "N20"
        ],
        "source_count": 1,
        "start_time_utc": "2025-02-23T18:16:00Z"
      },
      "type": "Feature"
    },
    {
      "geometry": {
        "coordinates": [
          -80.259575,
          8.341135
        ],
        "type": "Point"
      },
      "properties": {
        "configuration_id": "r1500_t06",
        "day_fraction": 1.0,
        "daynight_known_count": 2,
        "detection_count": 2,
        "duration_hours": 0.016667,
        "end_time_utc": "2025-01-31T18:48:00Z",
        "frp_max_mw": 5.02,
        "frp_mean_mw": 5.0,
        "frp_median_mw": 5.0,
        "frp_min_mw": 4.98,
        "frp_sum_mw": 10.0,
        "night_fraction": 0.0,
        "optical_cohort_status": "not_in_cohort",
        "possible_chain_merge": false,
        "public_event_id": "evt-0314",
        "satellite_count": 1,
        "satellites": [
          "N20"
        ],
        "source_count": 1,
        "start_time_utc": "2025-01-31T18:47:00Z"
      },
      "type": "Feature"
    },
    {
      "geometry": {
        "coordinates": [
          -80.21838,
          8.93788
        ],
        "type": "Point"
      },
      "properties": {
        "configuration_id": "r1500_t06",
        "day_fraction": 1.0,
        "daynight_known_count": 1,
        "detection_count": 1,
        "duration_hours": 0.0,
        "end_time_utc": "2025-03-09T18:54:00Z",
        "frp_max_mw": 3.76,
        "frp_mean_mw": 3.76,
        "frp_median_mw": 3.76,
        "frp_min_mw": 3.76,
        "frp_sum_mw": 3.76,
        "night_fraction": 0.0,
        "optical_cohort_status": "not_in_cohort",
        "possible_chain_merge": false,
        "public_event_id": "evt-0315",
        "satellite_count": 1,
        "satellites": [
          "N20"
        ],
        "source_count": 1,
        "start_time_utc": "2025-03-09T18:54:00Z"
      },
      "type": "Feature"
    },
    {
      "geometry": {
        "coordinates": [
          -80.51524,
          8.509685
        ],
        "type": "Point"
      },
      "properties": {
        "configuration_id": "r1500_t06",
        "day_fraction": 1.0,
        "daynight_known_count": 2,
        "detection_count": 2,
        "duration_hours": 0.0,
        "end_time_utc": "2025-04-19T19:02:00Z",
        "frp_max_mw": 5.21,
        "frp_mean_mw": 5.105,
        "frp_median_mw": 5.105,
        "frp_min_mw": 5.0,
        "frp_sum_mw": 10.21,
        "night_fraction": 0.0,
        "optical_cohort_status": "not_in_cohort",
        "possible_chain_merge": false,
        "public_event_id": "evt-0316",
        "satellite_count": 1,
        "satellites": [
          "N"
        ],
        "source_count": 1,
        "start_time_utc": "2025-04-19T19:02:00Z"
      },
      "type": "Feature"
    },
    {
      "geometry": {
        "coordinates": [
          -80.24033,
          8.77575
        ],
        "type": "Point"
      },
      "properties": {
        "configuration_id": "r1500_t06",
        "day_fraction": 1.0,
        "daynight_known_count": 1,
        "detection_count": 1,
        "duration_hours": 0.0,
        "end_time_utc": "2025-04-03T19:24:00Z",
        "frp_max_mw": 4.13,
        "frp_mean_mw": 4.13,
        "frp_median_mw": 4.13,
        "frp_min_mw": 4.13,
        "frp_sum_mw": 4.13,
        "night_fraction": 0.0,
        "optical_cohort_status": "not_in_cohort",
        "possible_chain_merge": false,
        "public_event_id": "evt-0317",
        "satellite_count": 1,
        "satellites": [
          "N20"
        ],
        "source_count": 1,
        "start_time_utc": "2025-04-03T19:24:00Z"
      },
      "type": "Feature"
    },
    {
      "geometry": {
        "coordinates": [
          -80.702209,
          8.503629
        ],
        "type": "Point"
      },
      "properties": {
        "configuration_id": "r1500_t06",
        "day_fraction": 1.0,
        "daynight_known_count": 7,
        "detection_count": 7,
        "duration_hours": 0.366667,
        "end_time_utc": "2025-04-14T19:18:00Z",
        "frp_max_mw": 39.86,
        "frp_mean_mw": 9.741429,
        "frp_median_mw": 4.64,
        "frp_min_mw": 2.46,
        "frp_sum_mw": 68.19,
        "night_fraction": 0.0,
        "optical_cohort_status": "not_in_cohort",
        "possible_chain_merge": true,
        "public_event_id": "evt-0318",
        "satellite_count": 2,
        "satellites": [
          "N",
          "N20"
        ],
        "source_count": 2,
        "start_time_utc": "2025-04-14T18:56:00Z"
      },
      "type": "Feature"
    },
    {
      "geometry": {
        "coordinates": [
          -80.66855,
          8.53009
        ],
        "type": "Point"
      },
      "properties": {
        "configuration_id": "r1500_t06",
        "day_fraction": 0.0,
        "daynight_known_count": 5,
        "detection_count": 5,
        "duration_hours": 0.383333,
        "end_time_utc": "2025-03-08T06:27:00Z",
        "frp_max_mw": 4.31,
        "frp_mean_mw": 3.0,
        "frp_median_mw": 3.13,
        "frp_min_mw": 1.29,
        "frp_sum_mw": 15.0,
        "night_fraction": 1.0,
        "optical_cohort_status": "not_in_cohort",
        "possible_chain_merge": false,
        "public_event_id": "evt-0319",
        "satellite_count": 2,
        "satellites": [
          "N",
          "N20"
        ],
        "source_count": 2,
        "start_time_utc": "2025-03-08T06:04:00Z"
      },
      "type": "Feature"
    },
    {
      "geometry": {
        "coordinates": [
          -80.4689,
          8.522
        ],
        "type": "Point"
      },
      "properties": {
        "configuration_id": "r1500_t06",
        "day_fraction": 1.0,
        "daynight_known_count": 1,
        "detection_count": 1,
        "duration_hours": 0.0,
        "end_time_utc": "2025-01-26T18:18:00Z",
        "frp_max_mw": 4.49,
        "frp_mean_mw": 4.49,
        "frp_median_mw": 4.49,
        "frp_min_mw": 4.49,
        "frp_sum_mw": 4.49,
        "night_fraction": 0.0,
        "optical_cohort_status": "not_in_cohort",
        "possible_chain_merge": false,
        "public_event_id": "evt-0320",
        "satellite_count": 1,
        "satellites": [
          "N"
        ],
        "source_count": 1,
        "start_time_utc": "2025-01-26T18:18:00Z"
      },
      "type": "Feature"
    },
    {
      "geometry": {
        "coordinates": [
          -80.5769,
          8.15641
        ],
        "type": "Point"
      },
      "properties": {
        "configuration_id": "r1500_t06",
        "day_fraction": 0.0,
        "daynight_known_count": 4,
        "detection_count": 4,
        "duration_hours": 0.0,
        "end_time_utc": "2025-03-15T07:13:00Z",
        "frp_max_mw": 11.32,
        "frp_mean_mw": 9.93,
        "frp_median_mw": 9.93,
        "frp_min_mw": 8.54,
        "frp_sum_mw": 39.72,
        "night_fraction": 1.0,
        "optical_cohort_status": "observable",
        "possible_chain_merge": false,
        "public_event_id": "evt-0321",
        "satellite_count": 1,
        "satellites": [
          "N"
        ],
        "source_count": 1,
        "start_time_utc": "2025-03-15T07:13:00Z"
      },
      "type": "Feature"
    },
    {
      "geometry": {
        "coordinates": [
          -80.46264,
          8.54804
        ],
        "type": "Point"
      },
      "properties": {
        "configuration_id": "r1500_t06",
        "day_fraction": 1.0,
        "daynight_known_count": 1,
        "detection_count": 1,
        "duration_hours": 0.0,
        "end_time_utc": "2025-03-25T18:30:00Z",
        "frp_max_mw": 4.27,
        "frp_mean_mw": 4.27,
        "frp_median_mw": 4.27,
        "frp_min_mw": 4.27,
        "frp_sum_mw": 4.27,
        "night_fraction": 0.0,
        "optical_cohort_status": "not_in_cohort",
        "possible_chain_merge": false,
        "public_event_id": "evt-0322",
        "satellite_count": 1,
        "satellites": [
          "N"
        ],
        "source_count": 1,
        "start_time_utc": "2025-03-25T18:30:00Z"
      },
      "type": "Feature"
    },
    {
      "geometry": {
        "coordinates": [
          -80.49317,
          8.32182
        ],
        "type": "Point"
      },
      "properties": {
        "configuration_id": "r1500_t06",
        "day_fraction": 0.0,
        "daynight_known_count": 2,
        "detection_count": 2,
        "duration_hours": 0.0,
        "end_time_utc": "2025-03-27T07:10:00Z",
        "frp_max_mw": 3.46,
        "frp_mean_mw": 3.43,
        "frp_median_mw": 3.43,
        "frp_min_mw": 3.4,
        "frp_sum_mw": 6.86,
        "night_fraction": 1.0,
        "optical_cohort_status": "not_in_cohort",
        "possible_chain_merge": false,
        "public_event_id": "evt-0323",
        "satellite_count": 1,
        "satellites": [
          "N20"
        ],
        "source_count": 1,
        "start_time_utc": "2025-03-27T07:10:00Z"
      },
      "type": "Feature"
    },
    {
      "geometry": {
        "coordinates": [
          -80.763435,
          8.52218
        ],
        "type": "Point"
      },
      "properties": {
        "configuration_id": "r1500_t06",
        "day_fraction": 1.0,
        "daynight_known_count": 2,
        "detection_count": 2,
        "duration_hours": 0.0,
        "end_time_utc": "2025-03-22T19:27:00Z",
        "frp_max_mw": 11.81,
        "frp_mean_mw": 11.28,
        "frp_median_mw": 11.28,
        "frp_min_mw": 10.75,
        "frp_sum_mw": 22.56,
        "night_fraction": 0.0,
        "optical_cohort_status": "not_in_cohort",
        "possible_chain_merge": false,
        "public_event_id": "evt-0324",
        "satellite_count": 1,
        "satellites": [
          "N"
        ],
        "source_count": 1,
        "start_time_utc": "2025-03-22T19:27:00Z"
      },
      "type": "Feature"
    },
    {
      "geometry": {
        "coordinates": [
          -80.376812,
          8.771168
        ],
        "type": "Point"
      },
      "properties": {
        "configuration_id": "r1500_t06",
        "day_fraction": 1.0,
        "daynight_known_count": 4,
        "detection_count": 4,
        "duration_hours": 0.383333,
        "end_time_utc": "2025-04-01T18:22:00Z",
        "frp_max_mw": 10.31,
        "frp_mean_mw": 7.8975,
        "frp_median_mw": 8.49,
        "frp_min_mw": 4.3,
        "frp_sum_mw": 31.59,
        "night_fraction": 0.0,
        "optical_cohort_status": "not_in_cohort",
        "possible_chain_merge": true,
        "public_event_id": "evt-0325",
        "satellite_count": 2,
        "satellites": [
          "N",
          "N20"
        ],
        "source_count": 2,
        "start_time_utc": "2025-04-01T17:59:00Z"
      },
      "type": "Feature"
    },
    {
      "geometry": {
        "coordinates": [
          -80.22475,
          8.42913
        ],
        "type": "Point"
      },
      "properties": {
        "configuration_id": "r1500_t06",
        "day_fraction": 1.0,
        "daynight_known_count": 1,
        "detection_count": 1,
        "duration_hours": 0.0,
        "end_time_utc": "2025-04-26T18:53:00Z",
        "frp_max_mw": 5.55,
        "frp_mean_mw": 5.55,
        "frp_median_mw": 5.55,
        "frp_min_mw": 5.55,
        "frp_sum_mw": 5.55,
        "night_fraction": 0.0,
        "optical_cohort_status": "not_in_cohort",
        "possible_chain_merge": false,
        "public_event_id": "evt-0326",
        "satellite_count": 1,
        "satellites": [
          "N20"
        ],
        "source_count": 1,
        "start_time_utc": "2025-04-26T18:53:00Z"
      },
      "type": "Feature"
    },
    {
      "geometry": {
        "coordinates": [
          -80.44112,
          8.48325
        ],
        "type": "Point"
      },
      "properties": {
        "configuration_id": "r1500_t06",
        "day_fraction": 0.0,
        "daynight_known_count": 1,
        "detection_count": 1,
        "duration_hours": 0.0,
        "end_time_utc": "2025-04-07T06:42:00Z",
        "frp_max_mw": 0.56,
        "frp_mean_mw": 0.56,
        "frp_median_mw": 0.56,
        "frp_min_mw": 0.56,
        "frp_sum_mw": 0.56,
        "night_fraction": 1.0,
        "optical_cohort_status": "not_in_cohort",
        "possible_chain_merge": false,
        "public_event_id": "evt-0327",
        "satellite_count": 1,
        "satellites": [
          "N"
        ],
        "source_count": 1,
        "start_time_utc": "2025-04-07T06:42:00Z"
      },
      "type": "Feature"
    },
    {
      "geometry": {
        "coordinates": [
          -80.180717,
          8.40399
        ],
        "type": "Point"
      },
      "properties": {
        "configuration_id": "r1500_t06",
        "day_fraction": 1.0,
        "daynight_known_count": 3,
        "detection_count": 3,
        "duration_hours": 0.383333,
        "end_time_utc": "2025-02-27T18:41:00Z",
        "frp_max_mw": 1.9,
        "frp_mean_mw": 1.786667,
        "frp_median_mw": 1.73,
        "frp_min_mw": 1.73,
        "frp_sum_mw": 5.36,
        "night_fraction": 0.0,
        "optical_cohort_status": "not_in_cohort",
        "possible_chain_merge": false,
        "public_event_id": "evt-0328",
        "satellite_count": 2,
        "satellites": [
          "N",
          "N20"
        ],
        "source_count": 2,
        "start_time_utc": "2025-02-27T18:18:00Z"
      },
      "type": "Feature"
    },
    {
      "geometry": {
        "coordinates": [
          -80.59914,
          8.38939
        ],
        "type": "Point"
      },
      "properties": {
        "configuration_id": "r1500_t06",
        "day_fraction": 1.0,
        "daynight_known_count": 1,
        "detection_count": 1,
        "duration_hours": 0.0,
        "end_time_utc": "2025-04-15T19:00:00Z",
        "frp_max_mw": 4.8,
        "frp_mean_mw": 4.8,
        "frp_median_mw": 4.8,
        "frp_min_mw": 4.8,
        "frp_sum_mw": 4.8,
        "night_fraction": 0.0,
        "optical_cohort_status": "not_in_cohort",
        "possible_chain_merge": false,
        "public_event_id": "evt-0329",
        "satellite_count": 1,
        "satellites": [
          "N20"
        ],
        "source_count": 1,
        "start_time_utc": "2025-04-15T19:00:00Z"
      },
      "type": "Feature"
    },
    {
      "geometry": {
        "coordinates": [
          -80.48798,
          8.30847
        ],
        "type": "Point"
      },
      "properties": {
        "configuration_id": "r1500_t06",
        "day_fraction": 0.0,
        "daynight_known_count": 1,
        "detection_count": 1,
        "duration_hours": 0.0,
        "end_time_utc": "2025-02-18T07:05:00Z",
        "frp_max_mw": 1.87,
        "frp_mean_mw": 1.87,
        "frp_median_mw": 1.87,
        "frp_min_mw": 1.87,
        "frp_sum_mw": 1.87,
        "night_fraction": 1.0,
        "optical_cohort_status": "not_in_cohort",
        "possible_chain_merge": false,
        "public_event_id": "evt-0330",
        "satellite_count": 1,
        "satellites": [
          "N20"
        ],
        "source_count": 1,
        "start_time_utc": "2025-02-18T07:05:00Z"
      },
      "type": "Feature"
    },
    {
      "geometry": {
        "coordinates": [
          -80.58283,
          8.44296
        ],
        "type": "Point"
      },
      "properties": {
        "configuration_id": "r1500_t06",
        "day_fraction": 0.0,
        "daynight_known_count": 3,
        "detection_count": 3,
        "duration_hours": 0.383333,
        "end_time_utc": "2025-03-23T06:45:00Z",
        "frp_max_mw": 2.4,
        "frp_mean_mw": 2.32,
        "frp_median_mw": 2.3,
        "frp_min_mw": 2.26,
        "frp_sum_mw": 6.96,
        "night_fraction": 1.0,
        "optical_cohort_status": "not_in_cohort",
        "possible_chain_merge": false,
        "public_event_id": "evt-0331",
        "satellite_count": 2,
        "satellites": [
          "N",
          "N20"
        ],
        "source_count": 2,
        "start_time_utc": "2025-03-23T06:22:00Z"
      },
      "type": "Feature"
    },
    {
      "geometry": {
        "coordinates": [
          -80.308932,
          8.367852
        ],
        "type": "Point"
      },
      "properties": {
        "configuration_id": "r1500_t06",
        "day_fraction": 1.0,
        "daynight_known_count": 4,
        "detection_count": 4,
        "duration_hours": 0.383333,
        "end_time_utc": "2025-03-18T19:25:00Z",
        "frp_max_mw": 8.68,
        "frp_mean_mw": 7.0025,
        "frp_median_mw": 7.525,
        "frp_min_mw": 4.28,
        "frp_sum_mw": 28.01,
        "night_fraction": 0.0,
        "optical_cohort_status": "not_in_cohort",
        "possible_chain_merge": false,
        "public_event_id": "evt-0332",
        "satellite_count": 2,
        "satellites": [
          "N",
          "N20"
        ],
        "source_count": 2,
        "start_time_utc": "2025-03-18T19:02:00Z"
      },
      "type": "Feature"
    },
    {
      "geometry": {
        "coordinates": [
          -80.15454,
          8.74746
        ],
        "type": "Point"
      },
      "properties": {
        "configuration_id": "r1500_t06",
        "day_fraction": 1.0,
        "daynight_known_count": 1,
        "detection_count": 1,
        "duration_hours": 0.0,
        "end_time_utc": "2025-04-01T17:59:00Z",
        "frp_max_mw": 5.15,
        "frp_mean_mw": 5.15,
        "frp_median_mw": 5.15,
        "frp_min_mw": 5.15,
        "frp_sum_mw": 5.15,
        "night_fraction": 0.0,
        "optical_cohort_status": "not_in_cohort",
        "possible_chain_merge": false,
        "public_event_id": "evt-0333",
        "satellite_count": 1,
        "satellites": [
          "N"
        ],
        "source_count": 1,
        "start_time_utc": "2025-04-01T17:59:00Z"
      },
      "type": "Feature"
    },
    {
      "geometry": {
        "coordinates": [
          -80.21634,
          8.94414
        ],
        "type": "Point"
      },
      "properties": {
        "configuration_id": "r1500_t06",
        "day_fraction": 1.0,
        "daynight_known_count": 1,
        "detection_count": 1,
        "duration_hours": 0.0,
        "end_time_utc": "2025-03-17T18:03:00Z",
        "frp_max_mw": 4.96,
        "frp_mean_mw": 4.96,
        "frp_median_mw": 4.96,
        "frp_min_mw": 4.96,
        "frp_sum_mw": 4.96,
        "night_fraction": 0.0,
        "optical_cohort_status": "not_in_cohort",
        "possible_chain_merge": false,
        "public_event_id": "evt-0334",
        "satellite_count": 1,
        "satellites": [
          "N20"
        ],
        "source_count": 1,
        "start_time_utc": "2025-03-17T18:03:00Z"
      },
      "type": "Feature"
    },
    {
      "geometry": {
        "coordinates": [
          -80.31601,
          8.4884
        ],
        "type": "Point"
      },
      "properties": {
        "configuration_id": "r1500_t06",
        "day_fraction": 1.0,
        "daynight_known_count": 2,
        "detection_count": 2,
        "duration_hours": 0.383333,
        "end_time_utc": "2025-02-25T19:19:00Z",
        "frp_max_mw": 5.09,
        "frp_mean_mw": 4.035,
        "frp_median_mw": 4.035,
        "frp_min_mw": 2.98,
        "frp_sum_mw": 8.07,
        "night_fraction": 0.0,
        "optical_cohort_status": "not_in_cohort",
        "possible_chain_merge": false,
        "public_event_id": "evt-0335",
        "satellite_count": 2,
        "satellites": [
          "N",
          "N20"
        ],
        "source_count": 2,
        "start_time_utc": "2025-02-25T18:56:00Z"
      },
      "type": "Feature"
    },
    {
      "geometry": {
        "coordinates": [
          -80.19946,
          8.50023
        ],
        "type": "Point"
      },
      "properties": {
        "configuration_id": "r1500_t06",
        "day_fraction": 1.0,
        "daynight_known_count": 1,
        "detection_count": 1,
        "duration_hours": 0.0,
        "end_time_utc": "2025-04-27T18:12:00Z",
        "frp_max_mw": 8.8,
        "frp_mean_mw": 8.8,
        "frp_median_mw": 8.8,
        "frp_min_mw": 8.8,
        "frp_sum_mw": 8.8,
        "night_fraction": 0.0,
        "optical_cohort_status": "not_in_cohort",
        "possible_chain_merge": false,
        "public_event_id": "evt-0336",
        "satellite_count": 1,
        "satellites": [
          "N"
        ],
        "source_count": 1,
        "start_time_utc": "2025-04-27T18:12:00Z"
      },
      "type": "Feature"
    },
    {
      "geometry": {
        "coordinates": [
          -80.72827,
          8.536007
        ],
        "type": "Point"
      },
      "properties": {
        "configuration_id": "r1500_t06",
        "day_fraction": 1.0,
        "daynight_known_count": 3,
        "detection_count": 3,
        "duration_hours": 0.366667,
        "end_time_utc": "2025-03-08T19:12:00Z",
        "frp_max_mw": 9.41,
        "frp_mean_mw": 6.58,
        "frp_median_mw": 7.38,
        "frp_min_mw": 2.95,
        "frp_sum_mw": 19.74,
        "night_fraction": 0.0,
        "optical_cohort_status": "not_in_cohort",
        "possible_chain_merge": false,
        "public_event_id": "evt-0337",
        "satellite_count": 2,
        "satellites": [
          "N",
          "N20"
        ],
        "source_count": 2,
        "start_time_utc": "2025-03-08T18:50:00Z"
      },
      "type": "Feature"
    },
    {
      "geometry": {
        "coordinates": [
          -80.29805,
          8.32705
        ],
        "type": "Point"
      },
      "properties": {
        "configuration_id": "r1500_t06",
        "day_fraction": 1.0,
        "daynight_known_count": 1,
        "detection_count": 1,
        "duration_hours": 0.0,
        "end_time_utc": "2025-04-03T19:02:00Z",
        "frp_max_mw": 4.51,
        "frp_mean_mw": 4.51,
        "frp_median_mw": 4.51,
        "frp_min_mw": 4.51,
        "frp_sum_mw": 4.51,
        "night_fraction": 0.0,
        "optical_cohort_status": "not_in_cohort",
        "possible_chain_merge": false,
        "public_event_id": "evt-0338",
        "satellite_count": 1,
        "satellites": [
          "N"
        ],
        "source_count": 1,
        "start_time_utc": "2025-04-03T19:02:00Z"
      },
      "type": "Feature"
    },
    {
      "geometry": {
        "coordinates": [
          -80.484165,
          8.491535
        ],
        "type": "Point"
      },
      "properties": {
        "configuration_id": "r1500_t06",
        "day_fraction": 0.0,
        "daynight_known_count": 2,
        "detection_count": 2,
        "duration_hours": 1.3,
        "end_time_utc": "2025-01-15T07:20:00Z",
        "frp_max_mw": 1.73,
        "frp_mean_mw": 1.64,
        "frp_median_mw": 1.64,
        "frp_min_mw": 1.55,
        "frp_sum_mw": 3.28,
        "night_fraction": 1.0,
        "optical_cohort_status": "not_in_cohort",
        "possible_chain_merge": false,
        "public_event_id": "evt-0339",
        "satellite_count": 2,
        "satellites": [
          "N",
          "N20"
        ],
        "source_count": 2,
        "start_time_utc": "2025-01-15T06:02:00Z"
      },
      "type": "Feature"
    },
    {
      "geometry": {
        "coordinates": [
          -80.19173,
          8.91104
        ],
        "type": "Point"
      },
      "properties": {
        "configuration_id": "r1500_t06",
        "day_fraction": 1.0,
        "daynight_known_count": 1,
        "detection_count": 1,
        "duration_hours": 0.0,
        "end_time_utc": "2025-03-17T19:21:00Z",
        "frp_max_mw": 4.81,
        "frp_mean_mw": 4.81,
        "frp_median_mw": 4.81,
        "frp_min_mw": 4.81,
        "frp_sum_mw": 4.81,
        "night_fraction": 0.0,
        "optical_cohort_status": "not_in_cohort",
        "possible_chain_merge": false,
        "public_event_id": "evt-0340",
        "satellite_count": 1,
        "satellites": [
          "N"
        ],
        "source_count": 1,
        "start_time_utc": "2025-03-17T19:21:00Z"
      },
      "type": "Feature"
    },
    {
      "geometry": {
        "coordinates": [
          -80.14436,
          8.70231
        ],
        "type": "Point"
      },
      "properties": {
        "configuration_id": "r1500_t06",
        "day_fraction": 1.0,
        "daynight_known_count": 1,
        "detection_count": 1,
        "duration_hours": 0.0,
        "end_time_utc": "2025-03-18T19:02:00Z",
        "frp_max_mw": 1.83,
        "frp_mean_mw": 1.83,
        "frp_median_mw": 1.83,
        "frp_min_mw": 1.83,
        "frp_sum_mw": 1.83,
        "night_fraction": 0.0,
        "optical_cohort_status": "not_in_cohort",
        "possible_chain_merge": false,
        "public_event_id": "evt-0341",
        "satellite_count": 1,
        "satellites": [
          "N"
        ],
        "source_count": 1,
        "start_time_utc": "2025-03-18T19:02:00Z"
      },
      "type": "Feature"
    },
    {
      "geometry": {
        "coordinates": [
          -80.16777,
          8.9424
        ],
        "type": "Point"
      },
      "properties": {
        "configuration_id": "r1500_t06",
        "day_fraction": 1.0,
        "daynight_known_count": 1,
        "detection_count": 1,
        "duration_hours": 0.0,
        "end_time_utc": "2025-03-29T18:56:00Z",
        "frp_max_mw": 12.56,
        "frp_mean_mw": 12.56,
        "frp_median_mw": 12.56,
        "frp_min_mw": 12.56,
        "frp_sum_mw": 12.56,
        "night_fraction": 0.0,
        "optical_cohort_status": "observable",
        "possible_chain_merge": false,
        "public_event_id": "evt-0342",
        "satellite_count": 1,
        "satellites": [
          "N"
        ],
        "source_count": 1,
        "start_time_utc": "2025-03-29T18:56:00Z"
      },
      "type": "Feature"
    },
    {
      "geometry": {
        "coordinates": [
          -80.211805,
          8.721073
        ],
        "type": "Point"
      },
      "properties": {
        "configuration_id": "r1500_t06",
        "day_fraction": 1.0,
        "daynight_known_count": 4,
        "detection_count": 4,
        "duration_hours": 0.383333,
        "end_time_utc": "2025-03-20T18:47:00Z",
        "frp_max_mw": 24.54,
        "frp_mean_mw": 11.8675,
        "frp_median_mw": 9.72,
        "frp_min_mw": 3.49,
        "frp_sum_mw": 47.47,
        "night_fraction": 0.0,
        "optical_cohort_status": "not_in_cohort",
        "possible_chain_merge": false,
        "public_event_id": "evt-0343",
        "satellite_count": 2,
        "satellites": [
          "N",
          "N20"
        ],
        "source_count": 2,
        "start_time_utc": "2025-03-20T18:24:00Z"
      },
      "type": "Feature"
    },
    {
      "geometry": {
        "coordinates": [
          -80.59192,
          8.19951
        ],
        "type": "Point"
      },
      "properties": {
        "configuration_id": "r1500_t06",
        "day_fraction": 1.0,
        "daynight_known_count": 1,
        "detection_count": 1,
        "duration_hours": 0.0,
        "end_time_utc": "2025-02-11T18:41:00Z",
        "frp_max_mw": 1.83,
        "frp_mean_mw": 1.83,
        "frp_median_mw": 1.83,
        "frp_min_mw": 1.83,
        "frp_sum_mw": 1.83,
        "night_fraction": 0.0,
        "optical_cohort_status": "not_in_cohort",
        "possible_chain_merge": false,
        "public_event_id": "evt-0344",
        "satellite_count": 1,
        "satellites": [
          "N20"
        ],
        "source_count": 1,
        "start_time_utc": "2025-02-11T18:41:00Z"
      },
      "type": "Feature"
    },
    {
      "geometry": {
        "coordinates": [
          -80.17999,
          8.55261
        ],
        "type": "Point"
      },
      "properties": {
        "configuration_id": "r1500_t06",
        "day_fraction": 1.0,
        "daynight_known_count": 1,
        "detection_count": 1,
        "duration_hours": 0.0,
        "end_time_utc": "2025-04-25T18:50:00Z",
        "frp_max_mw": 12.07,
        "frp_mean_mw": 12.07,
        "frp_median_mw": 12.07,
        "frp_min_mw": 12.07,
        "frp_sum_mw": 12.07,
        "night_fraction": 0.0,
        "optical_cohort_status": "not_in_cohort",
        "possible_chain_merge": false,
        "public_event_id": "evt-0345",
        "satellite_count": 1,
        "satellites": [
          "N"
        ],
        "source_count": 1,
        "start_time_utc": "2025-04-25T18:50:00Z"
      },
      "type": "Feature"
    },
    {
      "geometry": {
        "coordinates": [
          -80.645877,
          8.138598
        ],
        "type": "Point"
      },
      "properties": {
        "configuration_id": "r1500_t06",
        "day_fraction": 0.0,
        "daynight_known_count": 6,
        "detection_count": 6,
        "duration_hours": 0.0,
        "end_time_utc": "2025-01-26T07:13:00Z",
        "frp_max_mw": 21.54,
        "frp_mean_mw": 10.368333,
        "frp_median_mw": 9.835,
        "frp_min_mw": 5.38,
        "frp_sum_mw": 62.21,
        "night_fraction": 1.0,
        "optical_cohort_status": "not_in_cohort",
        "possible_chain_merge": false,
        "public_event_id": "evt-0346",
        "satellite_count": 1,
        "satellites": [
          "N"
        ],
        "source_count": 1,
        "start_time_utc": "2025-01-26T07:13:00Z"
      },
      "type": "Feature"
    },
    {
      "geometry": {
        "coordinates": [
          -80.44699,
          8.311
        ],
        "type": "Point"
      },
      "properties": {
        "configuration_id": "r1500_t06",
        "day_fraction": 1.0,
        "daynight_known_count": 1,
        "detection_count": 1,
        "duration_hours": 0.0,
        "end_time_utc": "2025-03-09T18:53:00Z",
        "frp_max_mw": 24.06,
        "frp_mean_mw": 24.06,
        "frp_median_mw": 24.06,
        "frp_min_mw": 24.06,
        "frp_sum_mw": 24.06,
        "night_fraction": 0.0,
        "optical_cohort_status": "not_in_cohort",
        "possible_chain_merge": false,
        "public_event_id": "evt-0347",
        "satellite_count": 1,
        "satellites": [
          "N20"
        ],
        "source_count": 1,
        "start_time_utc": "2025-03-09T18:53:00Z"
      },
      "type": "Feature"
    },
    {
      "geometry": {
        "coordinates": [
          -80.33913,
          8.68277
        ],
        "type": "Point"
      },
      "properties": {
        "configuration_id": "r1500_t06",
        "day_fraction": 1.0,
        "daynight_known_count": 1,
        "detection_count": 1,
        "duration_hours": 0.0,
        "end_time_utc": "2025-02-20T18:50:00Z",
        "frp_max_mw": 2.57,
        "frp_mean_mw": 2.57,
        "frp_median_mw": 2.57,
        "frp_min_mw": 2.57,
        "frp_sum_mw": 2.57,
        "night_fraction": 0.0,
        "optical_cohort_status": "not_in_cohort",
        "possible_chain_merge": false,
        "public_event_id": "evt-0348",
        "satellite_count": 1,
        "satellites": [
          "N"
        ],
        "source_count": 1,
        "start_time_utc": "2025-02-20T18:50:00Z"
      },
      "type": "Feature"
    },
    {
      "geometry": {
        "coordinates": [
          -80.28364,
          8.42006
        ],
        "type": "Point"
      },
      "properties": {
        "configuration_id": "r1500_t06",
        "day_fraction": 1.0,
        "daynight_known_count": 1,
        "detection_count": 1,
        "duration_hours": 0.0,
        "end_time_utc": "2025-04-09T18:50:00Z",
        "frp_max_mw": 1.96,
        "frp_mean_mw": 1.96,
        "frp_median_mw": 1.96,
        "frp_min_mw": 1.96,
        "frp_sum_mw": 1.96,
        "night_fraction": 0.0,
        "optical_cohort_status": "not_in_cohort",
        "possible_chain_merge": false,
        "public_event_id": "evt-0349",
        "satellite_count": 1,
        "satellites": [
          "N"
        ],
        "source_count": 1,
        "start_time_utc": "2025-04-09T18:50:00Z"
      },
      "type": "Feature"
    },
    {
      "geometry": {
        "coordinates": [
          -80.22467,
          8.90185
        ],
        "type": "Point"
      },
      "properties": {
        "configuration_id": "r1500_t06",
        "day_fraction": 1.0,
        "daynight_known_count": 1,
        "detection_count": 1,
        "duration_hours": 0.0,
        "end_time_utc": "2025-03-18T19:02:00Z",
        "frp_max_mw": 38.61,
        "frp_mean_mw": 38.61,
        "frp_median_mw": 38.61,
        "frp_min_mw": 38.61,
        "frp_sum_mw": 38.61,
        "night_fraction": 0.0,
        "optical_cohort_status": "not_in_cohort",
        "possible_chain_merge": false,
        "public_event_id": "evt-0350",
        "satellite_count": 1,
        "satellites": [
          "N"
        ],
        "source_count": 1,
        "start_time_utc": "2025-03-18T19:02:00Z"
      },
      "type": "Feature"
    },
    {
      "geometry": {
        "coordinates": [
          -80.69193,
          8.55464
        ],
        "type": "Point"
      },
      "properties": {
        "configuration_id": "r1500_t06",
        "day_fraction": 1.0,
        "daynight_known_count": 2,
        "detection_count": 2,
        "duration_hours": 0.0,
        "end_time_utc": "2025-04-01T17:59:00Z",
        "frp_max_mw": 5.84,
        "frp_mean_mw": 5.35,
        "frp_median_mw": 5.35,
        "frp_min_mw": 4.86,
        "frp_sum_mw": 10.7,
        "night_fraction": 0.0,
        "optical_cohort_status": "not_in_cohort",
        "possible_chain_merge": false,
        "public_event_id": "evt-0351",
        "satellite_count": 1,
        "satellites": [
          "N"
        ],
        "source_count": 1,
        "start_time_utc": "2025-04-01T17:59:00Z"
      },
      "type": "Feature"
    },
    {
      "geometry": {
        "coordinates": [
          -80.38064,
          8.47798
        ],
        "type": "Point"
      },
      "properties": {
        "configuration_id": "r1500_t06",
        "day_fraction": 1.0,
        "daynight_known_count": 2,
        "detection_count": 2,
        "duration_hours": 0.383333,
        "end_time_utc": "2025-01-31T18:48:00Z",
        "frp_max_mw": 5.4,
        "frp_mean_mw": 4.16,
        "frp_median_mw": 4.16,
        "frp_min_mw": 2.92,
        "frp_sum_mw": 8.32,
        "night_fraction": 0.0,
        "optical_cohort_status": "not_in_cohort",
        "possible_chain_merge": false,
        "public_event_id": "evt-0352",
        "satellite_count": 2,
        "satellites": [
          "N",
          "N20"
        ],
        "source_count": 2,
        "start_time_utc": "2025-01-31T18:25:00Z"
      },
      "type": "Feature"
    },
    {
      "geometry": {
        "coordinates": [
          -80.2946,
          8.863987
        ],
        "type": "Point"
      },
      "properties": {
        "configuration_id": "r1500_t06",
        "day_fraction": 1.0,
        "daynight_known_count": 3,
        "detection_count": 3,
        "duration_hours": 0.383333,
        "end_time_utc": "2025-03-15T18:41:00Z",
        "frp_max_mw": 21.07,
        "frp_mean_mw": 8.723333,
        "frp_median_mw": 2.55,
        "frp_min_mw": 2.55,
        "frp_sum_mw": 26.17,
        "night_fraction": 0.0,
        "optical_cohort_status": "not_in_cohort",
        "possible_chain_merge": false,
        "public_event_id": "evt-0353",
        "satellite_count": 2,
        "satellites": [
          "N",
          "N20"
        ],
        "source_count": 2,
        "start_time_utc": "2025-03-15T18:18:00Z"
      },
      "type": "Feature"
    },
    {
      "geometry": {
        "coordinates": [
          -80.392855,
          8.48206
        ],
        "type": "Point"
      },
      "properties": {
        "configuration_id": "r1500_t06",
        "day_fraction": 1.0,
        "daynight_known_count": 2,
        "detection_count": 2,
        "duration_hours": 0.0,
        "end_time_utc": "2025-02-17T18:29:00Z",
        "frp_max_mw": 3.4,
        "frp_mean_mw": 3.36,
        "frp_median_mw": 3.36,
        "frp_min_mw": 3.32,
        "frp_sum_mw": 6.72,
        "night_fraction": 0.0,
        "optical_cohort_status": "not_in_cohort",
        "possible_chain_merge": false,
        "public_event_id": "evt-0354",
        "satellite_count": 1,
        "satellites": [
          "N20"
        ],
        "source_count": 1,
        "start_time_utc": "2025-02-17T18:29:00Z"
      },
      "type": "Feature"
    },
    {
      "geometry": {
        "coordinates": [
          -80.539367,
          8.265427
        ],
        "type": "Point"
      },
      "properties": {
        "configuration_id": "r1500_t06",
        "day_fraction": 0.0,
        "daynight_known_count": 3,
        "detection_count": 3,
        "duration_hours": 0.366667,
        "end_time_utc": "2025-04-18T06:58:00Z",
        "frp_max_mw": 5.69,
        "frp_mean_mw": 3.23,
        "frp_median_mw": 2.48,
        "frp_min_mw": 1.52,
        "frp_sum_mw": 9.69,
        "night_fraction": 1.0,
        "optical_cohort_status": "not_in_cohort",
        "possible_chain_merge": false,
        "public_event_id": "evt-0355",
        "satellite_count": 2,
        "satellites": [
          "N",
          "N20"
        ],
        "source_count": 2,
        "start_time_utc": "2025-04-18T06:36:00Z"
      },
      "type": "Feature"
    },
    {
      "geometry": {
        "coordinates": [
          -80.63277,
          8.50399
        ],
        "type": "Point"
      },
      "properties": {
        "configuration_id": "r1500_t06",
        "day_fraction": 1.0,
        "daynight_known_count": 1,
        "detection_count": 1,
        "duration_hours": 0.0,
        "end_time_utc": "2025-04-01T18:22:00Z",
        "frp_max_mw": 9.08,
        "frp_mean_mw": 9.08,
        "frp_median_mw": 9.08,
        "frp_min_mw": 9.08,
        "frp_sum_mw": 9.08,
        "night_fraction": 0.0,
        "optical_cohort_status": "not_in_cohort",
        "possible_chain_merge": false,
        "public_event_id": "evt-0356",
        "satellite_count": 1,
        "satellites": [
          "N20"
        ],
        "source_count": 1,
        "start_time_utc": "2025-04-01T18:22:00Z"
      },
      "type": "Feature"
    },
    {
      "geometry": {
        "coordinates": [
          -80.553674,
          8.436536
        ],
        "type": "Point"
      },
      "properties": {
        "configuration_id": "r1500_t06",
        "day_fraction": 1.0,
        "daynight_known_count": 5,
        "detection_count": 5,
        "duration_hours": 0.366667,
        "end_time_utc": "2025-04-14T19:18:00Z",
        "frp_max_mw": 11.67,
        "frp_mean_mw": 10.568,
        "frp_median_mw": 11.44,
        "frp_min_mw": 9.03,
        "frp_sum_mw": 52.84,
        "night_fraction": 0.0,
        "optical_cohort_status": "not_in_cohort",
        "possible_chain_merge": false,
        "public_event_id": "evt-0357",
        "satellite_count": 2,
        "satellites": [
          "N",
          "N20"
        ],
        "source_count": 2,
        "start_time_utc": "2025-04-14T18:56:00Z"
      },
      "type": "Feature"
    },
    {
      "geometry": {
        "coordinates": [
          -80.50917,
          8.37057
        ],
        "type": "Point"
      },
      "properties": {
        "configuration_id": "r1500_t06",
        "day_fraction": 1.0,
        "daynight_known_count": 1,
        "detection_count": 1,
        "duration_hours": 0.0,
        "end_time_utc": "2025-04-04T18:43:00Z",
        "frp_max_mw": 6.82,
        "frp_mean_mw": 6.82,
        "frp_median_mw": 6.82,
        "frp_min_mw": 6.82,
        "frp_sum_mw": 6.82,
        "night_fraction": 0.0,
        "optical_cohort_status": "not_in_cohort",
        "possible_chain_merge": false,
        "public_event_id": "evt-0358",
        "satellite_count": 1,
        "satellites": [
          "N"
        ],
        "source_count": 1,
        "start_time_utc": "2025-04-04T18:43:00Z"
      },
      "type": "Feature"
    },
    {
      "geometry": {
        "coordinates": [
          -80.6849,
          8.37187
        ],
        "type": "Point"
      },
      "properties": {
        "configuration_id": "r1500_t06",
        "day_fraction": 1.0,
        "daynight_known_count": 1,
        "detection_count": 1,
        "duration_hours": 0.0,
        "end_time_utc": "2025-03-19T18:43:00Z",
        "frp_max_mw": 3.11,
        "frp_mean_mw": 3.11,
        "frp_median_mw": 3.11,
        "frp_min_mw": 3.11,
        "frp_sum_mw": 3.11,
        "night_fraction": 0.0,
        "optical_cohort_status": "not_in_cohort",
        "possible_chain_merge": false,
        "public_event_id": "evt-0359",
        "satellite_count": 1,
        "satellites": [
          "N"
        ],
        "source_count": 1,
        "start_time_utc": "2025-03-19T18:43:00Z"
      },
      "type": "Feature"
    },
    {
      "geometry": {
        "coordinates": [
          -80.54751,
          8.19576
        ],
        "type": "Point"
      },
      "properties": {
        "configuration_id": "r1500_t06",
        "day_fraction": 1.0,
        "daynight_known_count": 2,
        "detection_count": 2,
        "duration_hours": 0.383333,
        "end_time_utc": "2025-03-20T18:47:00Z",
        "frp_max_mw": 3.7,
        "frp_mean_mw": 3.45,
        "frp_median_mw": 3.45,
        "frp_min_mw": 3.2,
        "frp_sum_mw": 6.9,
        "night_fraction": 0.0,
        "optical_cohort_status": "not_in_cohort",
        "possible_chain_merge": false,
        "public_event_id": "evt-0360",
        "satellite_count": 2,
        "satellites": [
          "N",
          "N20"
        ],
        "source_count": 2,
        "start_time_utc": "2025-03-20T18:24:00Z"
      },
      "type": "Feature"
    },
    {
      "geometry": {
        "coordinates": [
          -80.39138,
          8.68323
        ],
        "type": "Point"
      },
      "properties": {
        "configuration_id": "r1500_t06",
        "day_fraction": 1.0,
        "daynight_known_count": 1,
        "detection_count": 1,
        "duration_hours": 0.0,
        "end_time_utc": "2025-02-27T18:41:00Z",
        "frp_max_mw": 3.34,
        "frp_mean_mw": 3.34,
        "frp_median_mw": 3.34,
        "frp_min_mw": 3.34,
        "frp_sum_mw": 3.34,
        "night_fraction": 0.0,
        "optical_cohort_status": "not_in_cohort",
        "possible_chain_merge": false,
        "public_event_id": "evt-0361",
        "satellite_count": 1,
        "satellites": [
          "N20"
        ],
        "source_count": 1,
        "start_time_utc": "2025-02-27T18:41:00Z"
      },
      "type": "Feature"
    },
    {
      "geometry": {
        "coordinates": [
          -80.11627,
          8.70107
        ],
        "type": "Point"
      },
      "properties": {
        "configuration_id": "r1500_t06",
        "day_fraction": 1.0,
        "daynight_known_count": 1,
        "detection_count": 1,
        "duration_hours": 0.0,
        "end_time_utc": "2025-04-25T19:12:00Z",
        "frp_max_mw": 2.32,
        "frp_mean_mw": 2.32,
        "frp_median_mw": 2.32,
        "frp_min_mw": 2.32,
        "frp_sum_mw": 2.32,
        "night_fraction": 0.0,
        "optical_cohort_status": "not_in_cohort",
        "possible_chain_merge": false,
        "public_event_id": "evt-0362",
        "satellite_count": 1,
        "satellites": [
          "N20"
        ],
        "source_count": 1,
        "start_time_utc": "2025-04-25T19:12:00Z"
      },
      "type": "Feature"
    },
    {
      "geometry": {
        "coordinates": [
          -80.368658,
          8.532305
        ],
        "type": "Point"
      },
      "properties": {
        "configuration_id": "r1500_t06",
        "day_fraction": 1.0,
        "daynight_known_count": 6,
        "detection_count": 6,
        "duration_hours": 0.0,
        "end_time_utc": "2025-04-19T19:02:00Z",
        "frp_max_mw": 6.47,
        "frp_mean_mw": 6.215,
        "frp_median_mw": 6.215,
        "frp_min_mw": 5.96,
        "frp_sum_mw": 37.29,
        "night_fraction": 0.0,
        "optical_cohort_status": "not_in_cohort",
        "possible_chain_merge": false,
        "public_event_id": "evt-0363",
        "satellite_count": 1,
        "satellites": [
          "N"
        ],
        "source_count": 1,
        "start_time_utc": "2025-04-19T19:02:00Z"
      },
      "type": "Feature"
    },
    {
      "geometry": {
        "coordinates": [
          -80.452793,
          8.315657
        ],
        "type": "Point"
      },
      "properties": {
        "configuration_id": "r1500_t06",
        "day_fraction": 0.0,
        "daynight_known_count": 3,
        "detection_count": 3,
        "duration_hours": 0.0,
        "end_time_utc": "2025-04-26T06:08:00Z",
        "frp_max_mw": 1.85,
        "frp_mean_mw": 1.51,
        "frp_median_mw": 1.34,
        "frp_min_mw": 1.34,
        "frp_sum_mw": 4.53,
        "night_fraction": 1.0,
        "optical_cohort_status": "not_in_cohort",
        "possible_chain_merge": false,
        "public_event_id": "evt-0364",
        "satellite_count": 1,
        "satellites": [
          "N20"
        ],
        "source_count": 1,
        "start_time_utc": "2025-04-26T06:08:00Z"
      },
      "type": "Feature"
    },
    {
      "geometry": {
        "coordinates": [
          -80.663487,
          8.387987
        ],
        "type": "Point"
      },
      "properties": {
        "configuration_id": "r1500_t06",
        "day_fraction": 0.0,
        "daynight_known_count": 3,
        "detection_count": 3,
        "duration_hours": 0.366667,
        "end_time_utc": "2025-03-01T06:58:00Z",
        "frp_max_mw": 3.09,
        "frp_mean_mw": 1.576667,
        "frp_median_mw": 0.89,
        "frp_min_mw": 0.75,
        "frp_sum_mw": 4.73,
        "night_fraction": 1.0,
        "optical_cohort_status": "not_in_cohort",
        "possible_chain_merge": false,
        "public_event_id": "evt-0365",
        "satellite_count": 2,
        "satellites": [
          "N",
          "N20"
        ],
        "source_count": 2,
        "start_time_utc": "2025-03-01T06:36:00Z"
      },
      "type": "Feature"
    },
    {
      "geometry": {
        "coordinates": [
          -80.70774,
          8.29164
        ],
        "type": "Point"
      },
      "properties": {
        "configuration_id": "r1500_t06",
        "day_fraction": 1.0,
        "daynight_known_count": 1,
        "detection_count": 1,
        "duration_hours": 0.0,
        "end_time_utc": "2025-03-19T19:06:00Z",
        "frp_max_mw": 56.64,
        "frp_mean_mw": 56.64,
        "frp_median_mw": 56.64,
        "frp_min_mw": 56.64,
        "frp_sum_mw": 56.64,
        "night_fraction": 0.0,
        "optical_cohort_status": "not_in_cohort",
        "possible_chain_merge": false,
        "public_event_id": "evt-0366",
        "satellite_count": 1,
        "satellites": [
          "N20"
        ],
        "source_count": 1,
        "start_time_utc": "2025-03-19T19:06:00Z"
      },
      "type": "Feature"
    },
    {
      "geometry": {
        "coordinates": [
          -80.32786,
          8.63534
        ],
        "type": "Point"
      },
      "properties": {
        "configuration_id": "r1500_t06",
        "day_fraction": 1.0,
        "daynight_known_count": 1,
        "detection_count": 1,
        "duration_hours": 0.0,
        "end_time_utc": "2025-03-14T19:00:00Z",
        "frp_max_mw": 10.05,
        "frp_mean_mw": 10.05,
        "frp_median_mw": 10.05,
        "frp_min_mw": 10.05,
        "frp_sum_mw": 10.05,
        "night_fraction": 0.0,
        "optical_cohort_status": "not_in_cohort",
        "possible_chain_merge": false,
        "public_event_id": "evt-0367",
        "satellite_count": 1,
        "satellites": [
          "N20"
        ],
        "source_count": 1,
        "start_time_utc": "2025-03-14T19:00:00Z"
      },
      "type": "Feature"
    },
    {
      "geometry": {
        "coordinates": [
          -80.29327,
          8.75087
        ],
        "type": "Point"
      },
      "properties": {
        "configuration_id": "r1500_t06",
        "day_fraction": 1.0,
        "daynight_known_count": 1,
        "detection_count": 1,
        "duration_hours": 0.0,
        "end_time_utc": "2025-03-17T19:21:00Z",
        "frp_max_mw": 5.89,
        "frp_mean_mw": 5.89,
        "frp_median_mw": 5.89,
        "frp_min_mw": 5.89,
        "frp_sum_mw": 5.89,
        "night_fraction": 0.0,
        "optical_cohort_status": "not_in_cohort",
        "possible_chain_merge": false,
        "public_event_id": "evt-0368",
        "satellite_count": 1,
        "satellites": [
          "N"
        ],
        "source_count": 1,
        "start_time_utc": "2025-03-17T19:21:00Z"
      },
      "type": "Feature"
    },
    {
      "geometry": {
        "coordinates": [
          -80.54732,
          8.19636
        ],
        "type": "Point"
      },
      "properties": {
        "configuration_id": "r1500_t06",
        "day_fraction": 1.0,
        "daynight_known_count": 1,
        "detection_count": 1,
        "duration_hours": 0.0,
        "end_time_utc": "2025-01-27T18:00:00Z",
        "frp_max_mw": 1.53,
        "frp_mean_mw": 1.53,
        "frp_median_mw": 1.53,
        "frp_min_mw": 1.53,
        "frp_sum_mw": 1.53,
        "night_fraction": 0.0,
        "optical_cohort_status": "not_in_cohort",
        "possible_chain_merge": false,
        "public_event_id": "evt-0369",
        "satellite_count": 1,
        "satellites": [
          "N"
        ],
        "source_count": 1,
        "start_time_utc": "2025-01-27T18:00:00Z"
      },
      "type": "Feature"
    },
    {
      "geometry": {
        "coordinates": [
          -80.452935,
          8.321595
        ],
        "type": "Point"
      },
      "properties": {
        "configuration_id": "r1500_t06",
        "day_fraction": 1.0,
        "daynight_known_count": 2,
        "detection_count": 2,
        "duration_hours": 0.0,
        "end_time_utc": "2025-04-30T18:56:00Z",
        "frp_max_mw": 5.25,
        "frp_mean_mw": 5.235,
        "frp_median_mw": 5.235,
        "frp_min_mw": 5.22,
        "frp_sum_mw": 10.47,
        "night_fraction": 0.0,
        "optical_cohort_status": "not_in_cohort",
        "possible_chain_merge": false,
        "public_event_id": "evt-0370",
        "satellite_count": 1,
        "satellites": [
          "N"
        ],
        "source_count": 1,
        "start_time_utc": "2025-04-30T18:56:00Z"
      },
      "type": "Feature"
    },
    {
      "geometry": {
        "coordinates": [
          -80.554885,
          8.214925
        ],
        "type": "Point"
      },
      "properties": {
        "configuration_id": "r1500_t06",
        "day_fraction": 1.0,
        "daynight_known_count": 2,
        "detection_count": 2,
        "duration_hours": 0.383333,
        "end_time_utc": "2025-01-14T19:06:00Z",
        "frp_max_mw": 21.2,
        "frp_mean_mw": 13.0,
        "frp_median_mw": 13.0,
        "frp_min_mw": 4.8,
        "frp_sum_mw": 26.0,
        "night_fraction": 0.0,
        "optical_cohort_status": "not_in_cohort",
        "possible_chain_merge": false,
        "public_event_id": "evt-0371",
        "satellite_count": 2,
        "satellites": [
          "N",
          "N20"
        ],
        "source_count": 2,
        "start_time_utc": "2025-01-14T18:43:00Z"
      },
      "type": "Feature"
    },
    {
      "geometry": {
        "coordinates": [
          -80.56364,
          8.16576
        ],
        "type": "Point"
      },
      "properties": {
        "configuration_id": "r1500_t06",
        "day_fraction": 1.0,
        "daynight_known_count": 1,
        "detection_count": 1,
        "duration_hours": 0.0,
        "end_time_utc": "2025-03-05T18:28:00Z",
        "frp_max_mw": 8.23,
        "frp_mean_mw": 8.23,
        "frp_median_mw": 8.23,
        "frp_min_mw": 8.23,
        "frp_sum_mw": 8.23,
        "night_fraction": 0.0,
        "optical_cohort_status": "not_in_cohort",
        "possible_chain_merge": false,
        "public_event_id": "evt-0372",
        "satellite_count": 1,
        "satellites": [
          "N20"
        ],
        "source_count": 1,
        "start_time_utc": "2025-03-05T18:28:00Z"
      },
      "type": "Feature"
    },
    {
      "geometry": {
        "coordinates": [
          -80.15273,
          8.76779
        ],
        "type": "Point"
      },
      "properties": {
        "configuration_id": "r1500_t06",
        "day_fraction": 1.0,
        "daynight_known_count": 1,
        "detection_count": 1,
        "duration_hours": 0.0,
        "end_time_utc": "2025-03-11T19:33:00Z",
        "frp_max_mw": 4.47,
        "frp_mean_mw": 4.47,
        "frp_median_mw": 4.47,
        "frp_min_mw": 4.47,
        "frp_sum_mw": 4.47,
        "night_fraction": 0.0,
        "optical_cohort_status": "not_in_cohort",
        "possible_chain_merge": false,
        "public_event_id": "evt-0373",
        "satellite_count": 1,
        "satellites": [
          "N"
        ],
        "source_count": 1,
        "start_time_utc": "2025-03-11T19:33:00Z"
      },
      "type": "Feature"
    },
    {
      "geometry": {
        "coordinates": [
          -80.22364,
          8.75396
        ],
        "type": "Point"
      },
      "properties": {
        "configuration_id": "r1500_t06",
        "day_fraction": 1.0,
        "daynight_known_count": 1,
        "detection_count": 1,
        "duration_hours": 0.0,
        "end_time_utc": "2025-03-17T19:21:00Z",
        "frp_max_mw": 4.98,
        "frp_mean_mw": 4.98,
        "frp_median_mw": 4.98,
        "frp_min_mw": 4.98,
        "frp_sum_mw": 4.98,
        "night_fraction": 0.0,
        "optical_cohort_status": "not_in_cohort",
        "possible_chain_merge": false,
        "public_event_id": "evt-0374",
        "satellite_count": 1,
        "satellites": [
          "N"
        ],
        "source_count": 1,
        "start_time_utc": "2025-03-17T19:21:00Z"
      },
      "type": "Feature"
    },
    {
      "geometry": {
        "coordinates": [
          -80.23424,
          8.84774
        ],
        "type": "Point"
      },
      "properties": {
        "configuration_id": "r1500_t06",
        "day_fraction": 1.0,
        "daynight_known_count": 1,
        "detection_count": 1,
        "duration_hours": 0.0,
        "end_time_utc": "2025-03-29T18:56:00Z",
        "frp_max_mw": 2.94,
        "frp_mean_mw": 2.94,
        "frp_median_mw": 2.94,
        "frp_min_mw": 2.94,
        "frp_sum_mw": 2.94,
        "night_fraction": 0.0,
        "optical_cohort_status": "not_in_cohort",
        "possible_chain_merge": false,
        "public_event_id": "evt-0375",
        "satellite_count": 1,
        "satellites": [
          "N"
        ],
        "source_count": 1,
        "start_time_utc": "2025-03-29T18:56:00Z"
      },
      "type": "Feature"
    },
    {
      "geometry": {
        "coordinates": [
          -80.70358,
          8.60852
        ],
        "type": "Point"
      },
      "properties": {
        "configuration_id": "r1500_t06",
        "day_fraction": 1.0,
        "daynight_known_count": 1,
        "detection_count": 1,
        "duration_hours": 0.0,
        "end_time_utc": "2025-04-08T19:08:00Z",
        "frp_max_mw": 4.98,
        "frp_mean_mw": 4.98,
        "frp_median_mw": 4.98,
        "frp_min_mw": 4.98,
        "frp_sum_mw": 4.98,
        "night_fraction": 0.0,
        "optical_cohort_status": "not_in_cohort",
        "possible_chain_merge": false,
        "public_event_id": "evt-0376",
        "satellite_count": 1,
        "satellites": [
          "N"
        ],
        "source_count": 1,
        "start_time_utc": "2025-04-08T19:08:00Z"
      },
      "type": "Feature"
    },
    {
      "geometry": {
        "coordinates": [
          -80.21439,
          8.959035
        ],
        "type": "Point"
      },
      "properties": {
        "configuration_id": "r1500_t06",
        "day_fraction": 1.0,
        "daynight_known_count": 2,
        "detection_count": 2,
        "duration_hours": 0.0,
        "end_time_utc": "2025-03-12T17:57:00Z",
        "frp_max_mw": 4.82,
        "frp_mean_mw": 4.82,
        "frp_median_mw": 4.82,
        "frp_min_mw": 4.82,
        "frp_sum_mw": 9.64,
        "night_fraction": 0.0,
        "optical_cohort_status": "not_in_cohort",
        "possible_chain_merge": false,
        "public_event_id": "evt-0377",
        "satellite_count": 1,
        "satellites": [
          "N20"
        ],
        "source_count": 1,
        "start_time_utc": "2025-03-12T17:57:00Z"
      },
      "type": "Feature"
    },
    {
      "geometry": {
        "coordinates": [
          -80.71563,
          8.39989
        ],
        "type": "Point"
      },
      "properties": {
        "configuration_id": "r1500_t06",
        "day_fraction": 1.0,
        "daynight_known_count": 2,
        "detection_count": 2,
        "duration_hours": 0.0,
        "end_time_utc": "2025-03-09T18:31:00Z",
        "frp_max_mw": 7.94,
        "frp_mean_mw": 7.94,
        "frp_median_mw": 7.94,
        "frp_min_mw": 7.94,
        "frp_sum_mw": 15.88,
        "night_fraction": 0.0,
        "optical_cohort_status": "not_in_cohort",
        "possible_chain_merge": false,
        "public_event_id": "evt-0378",
        "satellite_count": 1,
        "satellites": [
          "N"
        ],
        "source_count": 1,
        "start_time_utc": "2025-03-09T18:31:00Z"
      },
      "type": "Feature"
    },
    {
      "geometry": {
        "coordinates": [
          -80.16331,
          8.73779
        ],
        "type": "Point"
      },
      "properties": {
        "configuration_id": "r1500_t06",
        "day_fraction": 1.0,
        "daynight_known_count": 1,
        "detection_count": 1,
        "duration_hours": 0.0,
        "end_time_utc": "2025-03-18T19:02:00Z",
        "frp_max_mw": 5.04,
        "frp_mean_mw": 5.04,
        "frp_median_mw": 5.04,
        "frp_min_mw": 5.04,
        "frp_sum_mw": 5.04,
        "night_fraction": 0.0,
        "optical_cohort_status": "not_in_cohort",
        "possible_chain_merge": false,
        "public_event_id": "evt-0379",
        "satellite_count": 1,
        "satellites": [
          "N"
        ],
        "source_count": 1,
        "start_time_utc": "2025-03-18T19:02:00Z"
      },
      "type": "Feature"
    },
    {
      "geometry": {
        "coordinates": [
          -80.31865,
          8.73556
        ],
        "type": "Point"
      },
      "properties": {
        "configuration_id": "r1500_t06",
        "day_fraction": 1.0,
        "daynight_known_count": 1,
        "detection_count": 1,
        "duration_hours": 0.0,
        "end_time_utc": "2025-04-09T18:50:00Z",
        "frp_max_mw": 6.24,
        "frp_mean_mw": 6.24,
        "frp_median_mw": 6.24,
        "frp_min_mw": 6.24,
        "frp_sum_mw": 6.24,
        "night_fraction": 0.0,
        "optical_cohort_status": "not_in_cohort",
        "possible_chain_merge": false,
        "public_event_id": "evt-0380",
        "satellite_count": 1,
        "satellites": [
          "N"
        ],
        "source_count": 1,
        "start_time_utc": "2025-04-09T18:50:00Z"
      },
      "type": "Feature"
    },
    {
      "geometry": {
        "coordinates": [
          -80.38757,
          8.66489
        ],
        "type": "Point"
      },
      "properties": {
        "configuration_id": "r1500_t06",
        "day_fraction": 1.0,
        "daynight_known_count": 1,
        "detection_count": 1,
        "duration_hours": 0.0,
        "end_time_utc": "2025-04-01T18:22:00Z",
        "frp_max_mw": 13.15,
        "frp_mean_mw": 13.15,
        "frp_median_mw": 13.15,
        "frp_min_mw": 13.15,
        "frp_sum_mw": 13.15,
        "night_fraction": 0.0,
        "optical_cohort_status": "not_in_cohort",
        "possible_chain_merge": false,
        "public_event_id": "evt-0381",
        "satellite_count": 1,
        "satellites": [
          "N20"
        ],
        "source_count": 1,
        "start_time_utc": "2025-04-01T18:22:00Z"
      },
      "type": "Feature"
    },
    {
      "geometry": {
        "coordinates": [
          -80.185487,
          8.924737
        ],
        "type": "Point"
      },
      "properties": {
        "configuration_id": "r1500_t06",
        "day_fraction": 1.0,
        "daynight_known_count": 3,
        "detection_count": 3,
        "duration_hours": 0.016667,
        "end_time_utc": "2025-03-08T19:13:00Z",
        "frp_max_mw": 12.4,
        "frp_mean_mw": 8.473333,
        "frp_median_mw": 6.51,
        "frp_min_mw": 6.51,
        "frp_sum_mw": 25.42,
        "night_fraction": 0.0,
        "optical_cohort_status": "not_in_cohort",
        "possible_chain_merge": false,
        "public_event_id": "evt-0382",
        "satellite_count": 1,
        "satellites": [
          "N20"
        ],
        "source_count": 1,
        "start_time_utc": "2025-03-08T19:12:00Z"
      },
      "type": "Feature"
    },
    {
      "geometry": {
        "coordinates": [
          -80.469262,
          8.516286
        ],
        "type": "Point"
      },
      "properties": {
        "configuration_id": "r1500_t06",
        "day_fraction": 0.0,
        "daynight_known_count": 5,
        "detection_count": 5,
        "duration_hours": 1.283333,
        "end_time_utc": "2025-01-26T07:13:00Z",
        "frp_max_mw": 7.92,
        "frp_mean_mw": 4.334,
        "frp_median_mw": 3.83,
        "frp_min_mw": 1.0,
        "frp_sum_mw": 21.67,
        "night_fraction": 1.0,
        "optical_cohort_status": "not_in_cohort",
        "possible_chain_merge": true,
        "public_event_id": "evt-0383",
        "satellite_count": 2,
        "satellites": [
          "N",
          "N20"
        ],
        "source_count": 2,
        "start_time_utc": "2025-01-26T05:56:00Z"
      },
      "type": "Feature"
    },
    {
      "geometry": {
        "coordinates": [
          -80.18359,
          8.85278
        ],
        "type": "Point"
      },
      "properties": {
        "configuration_id": "r1500_t06",
        "day_fraction": 1.0,
        "daynight_known_count": 1,
        "detection_count": 1,
        "duration_hours": 0.0,
        "end_time_utc": "2025-03-20T18:47:00Z",
        "frp_max_mw": 2.97,
        "frp_mean_mw": 2.97,
        "frp_median_mw": 2.97,
        "frp_min_mw": 2.97,
        "frp_sum_mw": 2.97,
        "night_fraction": 0.0,
        "optical_cohort_status": "not_in_cohort",
        "possible_chain_merge": false,
        "public_event_id": "evt-0384",
        "satellite_count": 1,
        "satellites": [
          "N20"
        ],
        "source_count": 1,
        "start_time_utc": "2025-03-20T18:47:00Z"
      },
      "type": "Feature"
    },
    {
      "geometry": {
        "coordinates": [
          -80.31384,
          8.33861
        ],
        "type": "Point"
      },
      "properties": {
        "configuration_id": "r1500_t06",
        "day_fraction": 1.0,
        "daynight_known_count": 1,
        "detection_count": 1,
        "duration_hours": 0.0,
        "end_time_utc": "2025-04-15T18:59:00Z",
        "frp_max_mw": 2.88,
        "frp_mean_mw": 2.88,
        "frp_median_mw": 2.88,
        "frp_min_mw": 2.88,
        "frp_sum_mw": 2.88,
        "night_fraction": 0.0,
        "optical_cohort_status": "not_in_cohort",
        "possible_chain_merge": false,
        "public_event_id": "evt-0385",
        "satellite_count": 1,
        "satellites": [
          "N20"
        ],
        "source_count": 1,
        "start_time_utc": "2025-04-15T18:59:00Z"
      },
      "type": "Feature"
    },
    {
      "geometry": {
        "coordinates": [
          -80.634615,
          8.368845
        ],
        "type": "Point"
      },
      "properties": {
        "configuration_id": "r1500_t06",
        "day_fraction": 1.0,
        "daynight_known_count": 2,
        "detection_count": 2,
        "duration_hours": 0.0,
        "end_time_utc": "2025-03-17T19:21:00Z",
        "frp_max_mw": 2.93,
        "frp_mean_mw": 2.91,
        "frp_median_mw": 2.91,
        "frp_min_mw": 2.89,
        "frp_sum_mw": 5.82,
        "night_fraction": 0.0,
        "optical_cohort_status": "not_in_cohort",
        "possible_chain_merge": false,
        "public_event_id": "evt-0386",
        "satellite_count": 1,
        "satellites": [
          "N"
        ],
        "source_count": 1,
        "start_time_utc": "2025-03-17T19:21:00Z"
      },
      "type": "Feature"
    },
    {
      "geometry": {
        "coordinates": [
          -80.64318,
          8.13457
        ],
        "type": "Point"
      },
      "properties": {
        "configuration_id": "r1500_t06",
        "day_fraction": 1.0,
        "daynight_known_count": 1,
        "detection_count": 1,
        "duration_hours": 0.0,
        "end_time_utc": "2025-01-21T18:35:00Z",
        "frp_max_mw": 4.6,
        "frp_mean_mw": 4.6,
        "frp_median_mw": 4.6,
        "frp_min_mw": 4.6,
        "frp_sum_mw": 4.6,
        "night_fraction": 0.0,
        "optical_cohort_status": "not_in_cohort",
        "possible_chain_merge": false,
        "public_event_id": "evt-0387",
        "satellite_count": 1,
        "satellites": [
          "N20"
        ],
        "source_count": 1,
        "start_time_utc": "2025-01-21T18:35:00Z"
      },
      "type": "Feature"
    },
    {
      "geometry": {
        "coordinates": [
          -80.56009,
          8.42216
        ],
        "type": "Point"
      },
      "properties": {
        "configuration_id": "r1500_t06",
        "day_fraction": 0.0,
        "daynight_known_count": 1,
        "detection_count": 1,
        "duration_hours": 0.0,
        "end_time_utc": "2025-04-16T07:13:00Z",
        "frp_max_mw": 1.5,
        "frp_mean_mw": 1.5,
        "frp_median_mw": 1.5,
        "frp_min_mw": 1.5,
        "frp_sum_mw": 1.5,
        "night_fraction": 1.0,
        "optical_cohort_status": "observable",
        "possible_chain_merge": false,
        "public_event_id": "evt-0388",
        "satellite_count": 1,
        "satellites": [
          "N"
        ],
        "source_count": 1,
        "start_time_utc": "2025-04-16T07:13:00Z"
      },
      "type": "Feature"
    },
    {
      "geometry": {
        "coordinates": [
          -80.561712,
          8.347065
        ],
        "type": "Point"
      },
      "properties": {
        "configuration_id": "r1500_t06",
        "day_fraction": 1.0,
        "daynight_known_count": 6,
        "detection_count": 6,
        "duration_hours": 0.383333,
        "end_time_utc": "2025-04-19T19:25:00Z",
        "frp_max_mw": 6.75,
        "frp_mean_mw": 5.076667,
        "frp_median_mw": 4.43,
        "frp_min_mw": 4.43,
        "frp_sum_mw": 30.46,
        "night_fraction": 0.0,
        "optical_cohort_status": "observable",
        "possible_chain_merge": false,
        "public_event_id": "evt-0389",
        "satellite_count": 2,
        "satellites": [
          "N",
          "N20"
        ],
        "source_count": 2,
        "start_time_utc": "2025-04-19T19:02:00Z"
      },
      "type": "Feature"
    },
    {
      "geometry": {
        "coordinates": [
          -80.48179,
          8.28628
        ],
        "type": "Point"
      },
      "properties": {
        "configuration_id": "r1500_t06",
        "day_fraction": 1.0,
        "daynight_known_count": 1,
        "detection_count": 1,
        "duration_hours": 0.0,
        "end_time_utc": "2025-01-14T18:43:00Z",
        "frp_max_mw": 6.29,
        "frp_mean_mw": 6.29,
        "frp_median_mw": 6.29,
        "frp_min_mw": 6.29,
        "frp_sum_mw": 6.29,
        "night_fraction": 0.0,
        "optical_cohort_status": "not_in_cohort",
        "possible_chain_merge": false,
        "public_event_id": "evt-0390",
        "satellite_count": 1,
        "satellites": [
          "N"
        ],
        "source_count": 1,
        "start_time_utc": "2025-01-14T18:43:00Z"
      },
      "type": "Feature"
    },
    {
      "geometry": {
        "coordinates": [
          -80.569345,
          8.596635
        ],
        "type": "Point"
      },
      "properties": {
        "configuration_id": "r1500_t06",
        "day_fraction": 1.0,
        "daynight_known_count": 2,
        "detection_count": 2,
        "duration_hours": 0.0,
        "end_time_utc": "2025-04-24T19:31:00Z",
        "frp_max_mw": 13.13,
        "frp_mean_mw": 11.855,
        "frp_median_mw": 11.855,
        "frp_min_mw": 10.58,
        "frp_sum_mw": 23.71,
        "night_fraction": 0.0,
        "optical_cohort_status": "not_in_cohort",
        "possible_chain_merge": false,
        "public_event_id": "evt-0391",
        "satellite_count": 1,
        "satellites": [
          "N20"
        ],
        "source_count": 1,
        "start_time_utc": "2025-04-24T19:31:00Z"
      },
      "type": "Feature"
    },
    {
      "geometry": {
        "coordinates": [
          -80.650585,
          8.48217
        ],
        "type": "Point"
      },
      "properties": {
        "configuration_id": "r1500_t06",
        "day_fraction": 1.0,
        "daynight_known_count": 2,
        "detection_count": 2,
        "duration_hours": 0.0,
        "end_time_utc": "2025-03-08T18:49:00Z",
        "frp_max_mw": 4.83,
        "frp_mean_mw": 3.31,
        "frp_median_mw": 3.31,
        "frp_min_mw": 1.79,
        "frp_sum_mw": 6.62,
        "night_fraction": 0.0,
        "optical_cohort_status": "not_in_cohort",
        "possible_chain_merge": false,
        "public_event_id": "evt-0392",
        "satellite_count": 1,
        "satellites": [
          "N"
        ],
        "source_count": 1,
        "start_time_utc": "2025-03-08T18:49:00Z"
      },
      "type": "Feature"
    },
    {
      "geometry": {
        "coordinates": [
          -80.19436,
          8.38312
        ],
        "type": "Point"
      },
      "properties": {
        "configuration_id": "r1500_t06",
        "day_fraction": 0.0,
        "daynight_known_count": 1,
        "detection_count": 1,
        "duration_hours": 0.0,
        "end_time_utc": "2025-04-09T06:26:00Z",
        "frp_max_mw": 2.1,
        "frp_mean_mw": 2.1,
        "frp_median_mw": 2.1,
        "frp_min_mw": 2.1,
        "frp_sum_mw": 2.1,
        "night_fraction": 1.0,
        "optical_cohort_status": "not_in_cohort",
        "possible_chain_merge": false,
        "public_event_id": "evt-0393",
        "satellite_count": 1,
        "satellites": [
          "N20"
        ],
        "source_count": 1,
        "start_time_utc": "2025-04-09T06:26:00Z"
      },
      "type": "Feature"
    },
    {
      "geometry": {
        "coordinates": [
          -80.24353,
          8.7718
        ],
        "type": "Point"
      },
      "properties": {
        "configuration_id": "r1500_t06",
        "day_fraction": 1.0,
        "daynight_known_count": 1,
        "detection_count": 1,
        "duration_hours": 0.0,
        "end_time_utc": "2025-04-09T19:12:00Z",
        "frp_max_mw": 2.23,
        "frp_mean_mw": 2.23,
        "frp_median_mw": 2.23,
        "frp_min_mw": 2.23,
        "frp_sum_mw": 2.23,
        "night_fraction": 0.0,
        "optical_cohort_status": "not_in_cohort",
        "possible_chain_merge": false,
        "public_event_id": "evt-0394",
        "satellite_count": 1,
        "satellites": [
          "N20"
        ],
        "source_count": 1,
        "start_time_utc": "2025-04-09T19:12:00Z"
      },
      "type": "Feature"
    },
    {
      "geometry": {
        "coordinates": [
          -80.481844,
          8.302804
        ],
        "type": "Point"
      },
      "properties": {
        "configuration_id": "r1500_t06",
        "day_fraction": 0.0,
        "daynight_known_count": 5,
        "detection_count": 5,
        "duration_hours": 0.383333,
        "end_time_utc": "2025-02-06T07:30:00Z",
        "frp_max_mw": 9.89,
        "frp_mean_mw": 3.866,
        "frp_median_mw": 2.85,
        "frp_min_mw": 1.74,
        "frp_sum_mw": 19.33,
        "night_fraction": 1.0,
        "optical_cohort_status": "not_in_cohort",
        "possible_chain_merge": false,
        "public_event_id": "evt-0395",
        "satellite_count": 2,
        "satellites": [
          "N",
          "N20"
        ],
        "source_count": 2,
        "start_time_utc": "2025-02-06T07:07:00Z"
      },
      "type": "Feature"
    },
    {
      "geometry": {
        "coordinates": [
          -80.528545,
          8.391222
        ],
        "type": "Point"
      },
      "properties": {
        "configuration_id": "r1500_t06",
        "day_fraction": 0.0,
        "daynight_known_count": 4,
        "detection_count": 4,
        "duration_hours": 0.383333,
        "end_time_utc": "2025-02-08T06:52:00Z",
        "frp_max_mw": 13.58,
        "frp_mean_mw": 8.8175,
        "frp_median_mw": 10.305,
        "frp_min_mw": 1.08,
        "frp_sum_mw": 35.27,
        "night_fraction": 1.0,
        "optical_cohort_status": "not_in_cohort",
        "possible_chain_merge": false,
        "public_event_id": "evt-0396",
        "satellite_count": 2,
        "satellites": [
          "N",
          "N20"
        ],
        "source_count": 2,
        "start_time_utc": "2025-02-08T06:29:00Z"
      },
      "type": "Feature"
    },
    {
      "geometry": {
        "coordinates": [
          -80.49599,
          8.454513
        ],
        "type": "Point"
      },
      "properties": {
        "configuration_id": "r1500_t06",
        "day_fraction": 0.0,
        "daynight_known_count": 3,
        "detection_count": 3,
        "duration_hours": 0.383333,
        "end_time_utc": "2025-04-13T06:52:00Z",
        "frp_max_mw": 4.51,
        "frp_mean_mw": 3.093333,
        "frp_median_mw": 2.67,
        "frp_min_mw": 2.1,
        "frp_sum_mw": 9.28,
        "night_fraction": 1.0,
        "optical_cohort_status": "not_in_cohort",
        "possible_chain_merge": false,
        "public_event_id": "evt-0397",
        "satellite_count": 2,
        "satellites": [
          "N",
          "N20"
        ],
        "source_count": 2,
        "start_time_utc": "2025-04-13T06:29:00Z"
      },
      "type": "Feature"
    },
    {
      "geometry": {
        "coordinates": [
          -80.27683,
          8.79589
        ],
        "type": "Point"
      },
      "properties": {
        "configuration_id": "r1500_t06",
        "day_fraction": 1.0,
        "daynight_known_count": 1,
        "detection_count": 1,
        "duration_hours": 0.0,
        "end_time_utc": "2025-03-29T18:56:00Z",
        "frp_max_mw": 9.39,
        "frp_mean_mw": 9.39,
        "frp_median_mw": 9.39,
        "frp_min_mw": 9.39,
        "frp_sum_mw": 9.39,
        "night_fraction": 0.0,
        "optical_cohort_status": "not_in_cohort",
        "possible_chain_merge": false,
        "public_event_id": "evt-0398",
        "satellite_count": 1,
        "satellites": [
          "N"
        ],
        "source_count": 1,
        "start_time_utc": "2025-03-29T18:56:00Z"
      },
      "type": "Feature"
    },
    {
      "geometry": {
        "coordinates": [
          -80.637265,
          8.487145
        ],
        "type": "Point"
      },
      "properties": {
        "configuration_id": "r1500_t06",
        "day_fraction": 1.0,
        "daynight_known_count": 2,
        "detection_count": 2,
        "duration_hours": 0.0,
        "end_time_utc": "2025-03-24T18:49:00Z",
        "frp_max_mw": 6.4,
        "frp_mean_mw": 5.68,
        "frp_median_mw": 5.68,
        "frp_min_mw": 4.96,
        "frp_sum_mw": 11.36,
        "night_fraction": 0.0,
        "optical_cohort_status": "not_in_cohort",
        "possible_chain_merge": false,
        "public_event_id": "evt-0399",
        "satellite_count": 1,
        "satellites": [
          "N"
        ],
        "source_count": 1,
        "start_time_utc": "2025-03-24T18:49:00Z"
      },
      "type": "Feature"
    },
    {
      "geometry": {
        "coordinates": [
          -80.320255,
          8.39468
        ],
        "type": "Point"
      },
      "properties": {
        "configuration_id": "r1500_t06",
        "day_fraction": 0.0,
        "daynight_known_count": 2,
        "detection_count": 2,
        "duration_hours": 0.0,
        "end_time_utc": "2025-03-13T06:33:00Z",
        "frp_max_mw": 0.97,
        "frp_mean_mw": 0.87,
        "frp_median_mw": 0.87,
        "frp_min_mw": 0.77,
        "frp_sum_mw": 1.74,
        "night_fraction": 1.0,
        "optical_cohort_status": "not_in_cohort",
        "possible_chain_merge": false,
        "public_event_id": "evt-0400",
        "satellite_count": 1,
        "satellites": [
          "N20"
        ],
        "source_count": 1,
        "start_time_utc": "2025-03-13T06:33:00Z"
      },
      "type": "Feature"
    },
    {
      "geometry": {
        "coordinates": [
          -80.56339,
          8.36836
        ],
        "type": "Point"
      },
      "properties": {
        "configuration_id": "r1500_t06",
        "day_fraction": 1.0,
        "daynight_known_count": 1,
        "detection_count": 1,
        "duration_hours": 0.0,
        "end_time_utc": "2025-04-09T18:50:00Z",
        "frp_max_mw": 3.04,
        "frp_mean_mw": 3.04,
        "frp_median_mw": 3.04,
        "frp_min_mw": 3.04,
        "frp_sum_mw": 3.04,
        "night_fraction": 0.0,
        "optical_cohort_status": "not_in_cohort",
        "possible_chain_merge": false,
        "public_event_id": "evt-0401",
        "satellite_count": 1,
        "satellites": [
          "N"
        ],
        "source_count": 1,
        "start_time_utc": "2025-04-09T18:50:00Z"
      },
      "type": "Feature"
    },
    {
      "geometry": {
        "coordinates": [
          -80.32458,
          8.81379
        ],
        "type": "Point"
      },
      "properties": {
        "configuration_id": "r1500_t06",
        "day_fraction": 1.0,
        "daynight_known_count": 1,
        "detection_count": 1,
        "duration_hours": 0.0,
        "end_time_utc": "2025-03-06T19:27:00Z",
        "frp_max_mw": 16.62,
        "frp_mean_mw": 16.62,
        "frp_median_mw": 16.62,
        "frp_min_mw": 16.62,
        "frp_sum_mw": 16.62,
        "night_fraction": 0.0,
        "optical_cohort_status": "not_in_cohort",
        "possible_chain_merge": false,
        "public_event_id": "evt-0402",
        "satellite_count": 1,
        "satellites": [
          "N"
        ],
        "source_count": 1,
        "start_time_utc": "2025-03-06T19:27:00Z"
      },
      "type": "Feature"
    },
    {
      "geometry": {
        "coordinates": [
          -80.167255,
          8.93173
        ],
        "type": "Point"
      },
      "properties": {
        "configuration_id": "r1500_t06",
        "day_fraction": 1.0,
        "daynight_known_count": 2,
        "detection_count": 2,
        "duration_hours": 0.383333,
        "end_time_utc": "2025-03-06T18:10:00Z",
        "frp_max_mw": 8.5,
        "frp_mean_mw": 5.95,
        "frp_median_mw": 5.95,
        "frp_min_mw": 3.4,
        "frp_sum_mw": 11.9,
        "night_fraction": 0.0,
        "optical_cohort_status": "not_in_cohort",
        "possible_chain_merge": false,
        "public_event_id": "evt-0403",
        "satellite_count": 2,
        "satellites": [
          "N",
          "N20"
        ],
        "source_count": 2,
        "start_time_utc": "2025-03-06T17:47:00Z"
      },
      "type": "Feature"
    },
    {
      "geometry": {
        "coordinates": [
          -80.442448,
          8.541253
        ],
        "type": "Point"
      },
      "properties": {
        "configuration_id": "r1500_t06",
        "day_fraction": 1.0,
        "daynight_known_count": 4,
        "detection_count": 4,
        "duration_hours": 0.383333,
        "end_time_utc": "2025-04-01T18:22:00Z",
        "frp_max_mw": 6.29,
        "frp_mean_mw": 3.8475,
        "frp_median_mw": 3.615,
        "frp_min_mw": 1.87,
        "frp_sum_mw": 15.39,
        "night_fraction": 0.0,
        "optical_cohort_status": "not_in_cohort",
        "possible_chain_merge": false,
        "public_event_id": "evt-0404",
        "satellite_count": 2,
        "satellites": [
          "N",
          "N20"
        ],
        "source_count": 2,
        "start_time_utc": "2025-04-01T17:59:00Z"
      },
      "type": "Feature"
    },
    {
      "geometry": {
        "coordinates": [
          -80.1874,
          8.818995
        ],
        "type": "Point"
      },
      "properties": {
        "configuration_id": "r1500_t06",
        "day_fraction": 1.0,
        "daynight_known_count": 2,
        "detection_count": 2,
        "duration_hours": 0.0,
        "end_time_utc": "2025-04-25T18:50:00Z",
        "frp_max_mw": 8.29,
        "frp_mean_mw": 6.235,
        "frp_median_mw": 6.235,
        "frp_min_mw": 4.18,
        "frp_sum_mw": 12.47,
        "night_fraction": 0.0,
        "optical_cohort_status": "not_in_cohort",
        "possible_chain_merge": false,
        "public_event_id": "evt-0405",
        "satellite_count": 1,
        "satellites": [
          "N"
        ],
        "source_count": 1,
        "start_time_utc": "2025-04-25T18:50:00Z"
      },
      "type": "Feature"
    },
    {
      "geometry": {
        "coordinates": [
          -80.12528,
          8.388578
        ],
        "type": "Point"
      },
      "properties": {
        "configuration_id": "r1500_t06",
        "day_fraction": 1.0,
        "daynight_known_count": 4,
        "detection_count": 4,
        "duration_hours": 1.683333,
        "end_time_utc": "2025-04-12T19:34:00Z",
        "frp_max_mw": 17.31,
        "frp_mean_mw": 12.57,
        "frp_median_mw": 11.86,
        "frp_min_mw": 9.25,
        "frp_sum_mw": 50.28,
        "night_fraction": 0.0,
        "optical_cohort_status": "not_in_cohort",
        "possible_chain_merge": false,
        "public_event_id": "evt-0406",
        "satellite_count": 2,
        "satellites": [
          "N",
          "N20"
        ],
        "source_count": 2,
        "start_time_utc": "2025-04-12T17:53:00Z"
      },
      "type": "Feature"
    },
    {
      "geometry": {
        "coordinates": [
          -80.517985,
          8.27216
        ],
        "type": "Point"
      },
      "properties": {
        "configuration_id": "r1500_t06",
        "day_fraction": 0.0,
        "daynight_known_count": 2,
        "detection_count": 2,
        "duration_hours": 0.0,
        "end_time_utc": "2025-01-29T06:40:00Z",
        "frp_max_mw": 1.22,
        "frp_mean_mw": 1.045,
        "frp_median_mw": 1.045,
        "frp_min_mw": 0.87,
        "frp_sum_mw": 2.09,
        "night_fraction": 1.0,
        "optical_cohort_status": "not_in_cohort",
        "possible_chain_merge": false,
        "public_event_id": "evt-0407",
        "satellite_count": 1,
        "satellites": [
          "N20"
        ],
        "source_count": 1,
        "start_time_utc": "2025-01-29T06:40:00Z"
      },
      "type": "Feature"
    },
    {
      "geometry": {
        "coordinates": [
          -80.709655,
          8.437995
        ],
        "type": "Point"
      },
      "properties": {
        "configuration_id": "r1500_t06",
        "day_fraction": 1.0,
        "daynight_known_count": 2,
        "detection_count": 2,
        "duration_hours": 0.0,
        "end_time_utc": "2025-03-07T19:08:00Z",
        "frp_max_mw": 9.71,
        "frp_mean_mw": 9.59,
        "frp_median_mw": 9.59,
        "frp_min_mw": 9.47,
        "frp_sum_mw": 19.18,
        "night_fraction": 0.0,
        "optical_cohort_status": "not_in_cohort",
        "possible_chain_merge": false,
        "public_event_id": "evt-0408",
        "satellite_count": 1,
        "satellites": [
          "N"
        ],
        "source_count": 1,
        "start_time_utc": "2025-03-07T19:08:00Z"
      },
      "type": "Feature"
    },
    {
      "geometry": {
        "coordinates": [
          -80.21451,
          8.946555
        ],
        "type": "Point"
      },
      "properties": {
        "configuration_id": "r1500_t06",
        "day_fraction": 1.0,
        "daynight_known_count": 4,
        "detection_count": 4,
        "duration_hours": 0.383333,
        "end_time_utc": "2025-04-01T18:22:00Z",
        "frp_max_mw": 8.1,
        "frp_mean_mw": 5.31,
        "frp_median_mw": 5.17,
        "frp_min_mw": 2.8,
        "frp_sum_mw": 21.24,
        "night_fraction": 0.0,
        "optical_cohort_status": "not_in_cohort",
        "possible_chain_merge": false,
        "public_event_id": "evt-0409",
        "satellite_count": 2,
        "satellites": [
          "N",
          "N20"
        ],
        "source_count": 2,
        "start_time_utc": "2025-04-01T17:59:00Z"
      },
      "type": "Feature"
    },
    {
      "geometry": {
        "coordinates": [
          -80.22639,
          8.6845
        ],
        "type": "Point"
      },
      "properties": {
        "configuration_id": "r1500_t06",
        "day_fraction": 1.0,
        "daynight_known_count": 1,
        "detection_count": 1,
        "duration_hours": 0.0,
        "end_time_utc": "2025-03-27T18:15:00Z",
        "frp_max_mw": 19.1,
        "frp_mean_mw": 19.1,
        "frp_median_mw": 19.1,
        "frp_min_mw": 19.1,
        "frp_sum_mw": 19.1,
        "night_fraction": 0.0,
        "optical_cohort_status": "not_in_cohort",
        "possible_chain_merge": false,
        "public_event_id": "evt-0410",
        "satellite_count": 1,
        "satellites": [
          "N20"
        ],
        "source_count": 1,
        "start_time_utc": "2025-03-27T18:15:00Z"
      },
      "type": "Feature"
    },
    {
      "geometry": {
        "coordinates": [
          -80.24899,
          8.751
        ],
        "type": "Point"
      },
      "properties": {
        "configuration_id": "r1500_t06",
        "day_fraction": 1.0,
        "daynight_known_count": 1,
        "detection_count": 1,
        "duration_hours": 0.0,
        "end_time_utc": "2025-03-18T19:02:00Z",
        "frp_max_mw": 4.09,
        "frp_mean_mw": 4.09,
        "frp_median_mw": 4.09,
        "frp_min_mw": 4.09,
        "frp_sum_mw": 4.09,
        "night_fraction": 0.0,
        "optical_cohort_status": "not_in_cohort",
        "possible_chain_merge": false,
        "public_event_id": "evt-0411",
        "satellite_count": 1,
        "satellites": [
          "N"
        ],
        "source_count": 1,
        "start_time_utc": "2025-03-18T19:02:00Z"
      },
      "type": "Feature"
    },
    {
      "geometry": {
        "coordinates": [
          -80.54958,
          8.19489
        ],
        "type": "Point"
      },
      "properties": {
        "configuration_id": "r1500_t06",
        "day_fraction": 1.0,
        "daynight_known_count": 1,
        "detection_count": 1,
        "duration_hours": 0.0,
        "end_time_utc": "2025-02-25T18:56:00Z",
        "frp_max_mw": 2.84,
        "frp_mean_mw": 2.84,
        "frp_median_mw": 2.84,
        "frp_min_mw": 2.84,
        "frp_sum_mw": 2.84,
        "night_fraction": 0.0,
        "optical_cohort_status": "not_in_cohort",
        "possible_chain_merge": false,
        "public_event_id": "evt-0412",
        "satellite_count": 1,
        "satellites": [
          "N"
        ],
        "source_count": 1,
        "start_time_utc": "2025-02-25T18:56:00Z"
      },
      "type": "Feature"
    },
    {
      "geometry": {
        "coordinates": [
          -80.23359,
          8.34351
        ],
        "type": "Point"
      },
      "properties": {
        "configuration_id": "r1500_t06",
        "day_fraction": 1.0,
        "daynight_known_count": 1,
        "detection_count": 1,
        "duration_hours": 0.0,
        "end_time_utc": "2025-04-29T19:15:00Z",
        "frp_max_mw": 2.67,
        "frp_mean_mw": 2.67,
        "frp_median_mw": 2.67,
        "frp_min_mw": 2.67,
        "frp_sum_mw": 2.67,
        "night_fraction": 0.0,
        "optical_cohort_status": "not_in_cohort",
        "possible_chain_merge": false,
        "public_event_id": "evt-0413",
        "satellite_count": 1,
        "satellites": [
          "N"
        ],
        "source_count": 1,
        "start_time_utc": "2025-04-29T19:15:00Z"
      },
      "type": "Feature"
    },
    {
      "geometry": {
        "coordinates": [
          -80.553533,
          8.193027
        ],
        "type": "Point"
      },
      "properties": {
        "configuration_id": "r1500_t06",
        "day_fraction": 1.0,
        "daynight_known_count": 12,
        "detection_count": 12,
        "duration_hours": 0.383333,
        "end_time_utc": "2025-04-27T18:35:00Z",
        "frp_max_mw": 75.98,
        "frp_mean_mw": 21.148333,
        "frp_median_mw": 11.41,
        "frp_min_mw": 4.17,
        "frp_sum_mw": 253.78,
        "night_fraction": 0.0,
        "optical_cohort_status": "not_in_cohort",
        "possible_chain_merge": false,
        "public_event_id": "evt-0414",
        "satellite_count": 2,
        "satellites": [
          "N",
          "N20"
        ],
        "source_count": 2,
        "start_time_utc": "2025-04-27T18:12:00Z"
      },
      "type": "Feature"
    },
    {
      "geometry": {
        "coordinates": [
          -80.2052,
          8.39646
        ],
        "type": "Point"
      },
      "properties": {
        "configuration_id": "r1500_t06",
        "day_fraction": 0.0,
        "daynight_known_count": 1,
        "detection_count": 1,
        "duration_hours": 0.0,
        "end_time_utc": "2025-03-19T07:38:00Z",
        "frp_max_mw": 2.03,
        "frp_mean_mw": 2.03,
        "frp_median_mw": 2.03,
        "frp_min_mw": 2.03,
        "frp_sum_mw": 2.03,
        "night_fraction": 1.0,
        "optical_cohort_status": "not_in_cohort",
        "possible_chain_merge": false,
        "public_event_id": "evt-0415",
        "satellite_count": 1,
        "satellites": [
          "N"
        ],
        "source_count": 1,
        "start_time_utc": "2025-03-19T07:38:00Z"
      },
      "type": "Feature"
    },
    {
      "geometry": {
        "coordinates": [
          -80.43555,
          8.36442
        ],
        "type": "Point"
      },
      "properties": {
        "configuration_id": "r1500_t06",
        "day_fraction": 0.0,
        "daynight_known_count": 1,
        "detection_count": 1,
        "duration_hours": 0.0,
        "end_time_utc": "2025-04-15T06:14:00Z",
        "frp_max_mw": 0.82,
        "frp_mean_mw": 0.82,
        "frp_median_mw": 0.82,
        "frp_min_mw": 0.82,
        "frp_sum_mw": 0.82,
        "night_fraction": 1.0,
        "optical_cohort_status": "not_in_cohort",
        "possible_chain_merge": false,
        "public_event_id": "evt-0416",
        "satellite_count": 1,
        "satellites": [
          "N20"
        ],
        "source_count": 1,
        "start_time_utc": "2025-04-15T06:14:00Z"
      },
      "type": "Feature"
    },
    {
      "geometry": {
        "coordinates": [
          -80.24475,
          8.84654
        ],
        "type": "Point"
      },
      "properties": {
        "configuration_id": "r1500_t06",
        "day_fraction": 1.0,
        "daynight_known_count": 1,
        "detection_count": 1,
        "duration_hours": 0.0,
        "end_time_utc": "2025-04-01T18:22:00Z",
        "frp_max_mw": 4.54,
        "frp_mean_mw": 4.54,
        "frp_median_mw": 4.54,
        "frp_min_mw": 4.54,
        "frp_sum_mw": 4.54,
        "night_fraction": 0.0,
        "optical_cohort_status": "not_in_cohort",
        "possible_chain_merge": false,
        "public_event_id": "evt-0417",
        "satellite_count": 1,
        "satellites": [
          "N20"
        ],
        "source_count": 1,
        "start_time_utc": "2025-04-01T18:22:00Z"
      },
      "type": "Feature"
    },
    {
      "geometry": {
        "coordinates": [
          -80.57902,
          8.48175
        ],
        "type": "Point"
      },
      "properties": {
        "configuration_id": "r1500_t06",
        "day_fraction": 1.0,
        "daynight_known_count": 1,
        "detection_count": 1,
        "duration_hours": 0.0,
        "end_time_utc": "2025-01-15T18:47:00Z",
        "frp_max_mw": 7.47,
        "frp_mean_mw": 7.47,
        "frp_median_mw": 7.47,
        "frp_min_mw": 7.47,
        "frp_sum_mw": 7.47,
        "night_fraction": 0.0,
        "optical_cohort_status": "not_in_cohort",
        "possible_chain_merge": false,
        "public_event_id": "evt-0418",
        "satellite_count": 1,
        "satellites": [
          "N20"
        ],
        "source_count": 1,
        "start_time_utc": "2025-01-15T18:47:00Z"
      },
      "type": "Feature"
    },
    {
      "geometry": {
        "coordinates": [
          -80.10714,
          8.39272
        ],
        "type": "Point"
      },
      "properties": {
        "configuration_id": "r1500_t06",
        "day_fraction": 1.0,
        "daynight_known_count": 1,
        "detection_count": 1,
        "duration_hours": 0.0,
        "end_time_utc": "2025-04-08T19:08:00Z",
        "frp_max_mw": 10.1,
        "frp_mean_mw": 10.1,
        "frp_median_mw": 10.1,
        "frp_min_mw": 10.1,
        "frp_sum_mw": 10.1,
        "night_fraction": 0.0,
        "optical_cohort_status": "not_in_cohort",
        "possible_chain_merge": false,
        "public_event_id": "evt-0419",
        "satellite_count": 1,
        "satellites": [
          "N"
        ],
        "source_count": 1,
        "start_time_utc": "2025-04-08T19:08:00Z"
      },
      "type": "Feature"
    },
    {
      "geometry": {
        "coordinates": [
          -80.72591,
          8.51871
        ],
        "type": "Point"
      },
      "properties": {
        "configuration_id": "r1500_t06",
        "day_fraction": 1.0,
        "daynight_known_count": 1,
        "detection_count": 1,
        "duration_hours": 0.0,
        "end_time_utc": "2025-03-31T18:18:00Z",
        "frp_max_mw": 4.21,
        "frp_mean_mw": 4.21,
        "frp_median_mw": 4.21,
        "frp_min_mw": 4.21,
        "frp_sum_mw": 4.21,
        "night_fraction": 0.0,
        "optical_cohort_status": "not_in_cohort",
        "possible_chain_merge": false,
        "public_event_id": "evt-0420",
        "satellite_count": 1,
        "satellites": [
          "N"
        ],
        "source_count": 1,
        "start_time_utc": "2025-03-31T18:18:00Z"
      },
      "type": "Feature"
    },
    {
      "geometry": {
        "coordinates": [
          -80.492627,
          8.279183
        ],
        "type": "Point"
      },
      "properties": {
        "configuration_id": "r1500_t06",
        "day_fraction": 1.0,
        "daynight_known_count": 3,
        "detection_count": 3,
        "duration_hours": 0.383333,
        "end_time_utc": "2025-03-13T19:19:00Z",
        "frp_max_mw": 9.06,
        "frp_mean_mw": 7.12,
        "frp_median_mw": 8.28,
        "frp_min_mw": 4.02,
        "frp_sum_mw": 21.36,
        "night_fraction": 0.0,
        "optical_cohort_status": "not_in_cohort",
        "possible_chain_merge": false,
        "public_event_id": "evt-0421",
        "satellite_count": 2,
        "satellites": [
          "N",
          "N20"
        ],
        "source_count": 2,
        "start_time_utc": "2025-03-13T18:56:00Z"
      },
      "type": "Feature"
    },
    {
      "geometry": {
        "coordinates": [
          -80.61933,
          8.5249
        ],
        "type": "Point"
      },
      "properties": {
        "configuration_id": "r1500_t06",
        "day_fraction": 1.0,
        "daynight_known_count": 1,
        "detection_count": 1,
        "duration_hours": 0.0,
        "end_time_utc": "2025-03-26T18:11:00Z",
        "frp_max_mw": 8.7,
        "frp_mean_mw": 8.7,
        "frp_median_mw": 8.7,
        "frp_min_mw": 8.7,
        "frp_sum_mw": 8.7,
        "night_fraction": 0.0,
        "optical_cohort_status": "not_in_cohort",
        "possible_chain_merge": false,
        "public_event_id": "evt-0422",
        "satellite_count": 1,
        "satellites": [
          "N"
        ],
        "source_count": 1,
        "start_time_utc": "2025-03-26T18:11:00Z"
      },
      "type": "Feature"
    },
    {
      "geometry": {
        "coordinates": [
          -80.21593,
          8.96613
        ],
        "type": "Point"
      },
      "properties": {
        "configuration_id": "r1500_t06",
        "day_fraction": 1.0,
        "daynight_known_count": 1,
        "detection_count": 1,
        "duration_hours": 0.0,
        "end_time_utc": "2025-03-09T18:54:00Z",
        "frp_max_mw": 2.36,
        "frp_mean_mw": 2.36,
        "frp_median_mw": 2.36,
        "frp_min_mw": 2.36,
        "frp_sum_mw": 2.36,
        "night_fraction": 0.0,
        "optical_cohort_status": "not_in_cohort",
        "possible_chain_merge": false,
        "public_event_id": "evt-0423",
        "satellite_count": 1,
        "satellites": [
          "N20"
        ],
        "source_count": 1,
        "start_time_utc": "2025-03-09T18:54:00Z"
      },
      "type": "Feature"
    },
    {
      "geometry": {
        "coordinates": [
          -80.139353,
          8.436322
        ],
        "type": "Point"
      },
      "properties": {
        "configuration_id": "r1500_t06",
        "day_fraction": 1.0,
        "daynight_known_count": 4,
        "detection_count": 4,
        "duration_hours": 0.383333,
        "end_time_utc": "2025-03-29T19:18:00Z",
        "frp_max_mw": 7.33,
        "frp_mean_mw": 5.6525,
        "frp_median_mw": 5.435,
        "frp_min_mw": 4.41,
        "frp_sum_mw": 22.61,
        "night_fraction": 0.0,
        "optical_cohort_status": "not_in_cohort",
        "possible_chain_merge": false,
        "public_event_id": "evt-0424",
        "satellite_count": 2,
        "satellites": [
          "N",
          "N20"
        ],
        "source_count": 2,
        "start_time_utc": "2025-03-29T18:55:00Z"
      },
      "type": "Feature"
    },
    {
      "geometry": {
        "coordinates": [
          -80.196893,
          8.350127
        ],
        "type": "Point"
      },
      "properties": {
        "configuration_id": "r1500_t06",
        "day_fraction": 0.0,
        "daynight_known_count": 3,
        "detection_count": 3,
        "duration_hours": 0.383333,
        "end_time_utc": "2025-03-06T07:05:00Z",
        "frp_max_mw": 1.31,
        "frp_mean_mw": 1.156667,
        "frp_median_mw": 1.28,
        "frp_min_mw": 0.88,
        "frp_sum_mw": 3.47,
        "night_fraction": 1.0,
        "optical_cohort_status": "not_in_cohort",
        "possible_chain_merge": false,
        "public_event_id": "evt-0425",
        "satellite_count": 2,
        "satellites": [
          "N",
          "N20"
        ],
        "source_count": 2,
        "start_time_utc": "2025-03-06T06:42:00Z"
      },
      "type": "Feature"
    },
    {
      "geometry": {
        "coordinates": [
          -80.418225,
          8.737855
        ],
        "type": "Point"
      },
      "properties": {
        "configuration_id": "r1500_t06",
        "day_fraction": 1.0,
        "daynight_known_count": 2,
        "detection_count": 2,
        "duration_hours": 0.383333,
        "end_time_utc": "2025-04-01T18:22:00Z",
        "frp_max_mw": 4.03,
        "frp_mean_mw": 3.295,
        "frp_median_mw": 3.295,
        "frp_min_mw": 2.56,
        "frp_sum_mw": 6.59,
        "night_fraction": 0.0,
        "optical_cohort_status": "unobserved",
        "possible_chain_merge": false,
        "public_event_id": "evt-0426",
        "satellite_count": 2,
        "satellites": [
          "N",
          "N20"
        ],
        "source_count": 2,
        "start_time_utc": "2025-04-01T17:59:00Z"
      },
      "type": "Feature"
    },
    {
      "geometry": {
        "coordinates": [
          -80.72785,
          8.395405
        ],
        "type": "Point"
      },
      "properties": {
        "configuration_id": "r1500_t06",
        "day_fraction": 1.0,
        "daynight_known_count": 2,
        "detection_count": 2,
        "duration_hours": 0.383333,
        "end_time_utc": "2025-02-26T19:00:00Z",
        "frp_max_mw": 20.9,
        "frp_mean_mw": 17.95,
        "frp_median_mw": 17.95,
        "frp_min_mw": 15.0,
        "frp_sum_mw": 35.9,
        "night_fraction": 0.0,
        "optical_cohort_status": "not_in_cohort",
        "possible_chain_merge": false,
        "public_event_id": "evt-0427",
        "satellite_count": 2,
        "satellites": [
          "N",
          "N20"
        ],
        "source_count": 2,
        "start_time_utc": "2025-02-26T18:37:00Z"
      },
      "type": "Feature"
    },
    {
      "geometry": {
        "coordinates": [
          -80.26624,
          8.5826
        ],
        "type": "Point"
      },
      "properties": {
        "configuration_id": "r1500_t06",
        "day_fraction": 1.0,
        "daynight_known_count": 1,
        "detection_count": 1,
        "duration_hours": 0.0,
        "end_time_utc": "2025-04-25T18:50:00Z",
        "frp_max_mw": 3.06,
        "frp_mean_mw": 3.06,
        "frp_median_mw": 3.06,
        "frp_min_mw": 3.06,
        "frp_sum_mw": 3.06,
        "night_fraction": 0.0,
        "optical_cohort_status": "not_in_cohort",
        "possible_chain_merge": false,
        "public_event_id": "evt-0428",
        "satellite_count": 1,
        "satellites": [
          "N"
        ],
        "source_count": 1,
        "start_time_utc": "2025-04-25T18:50:00Z"
      },
      "type": "Feature"
    },
    {
      "geometry": {
        "coordinates": [
          -80.39789,
          8.45448
        ],
        "type": "Point"
      },
      "properties": {
        "configuration_id": "r1500_t06",
        "day_fraction": 1.0,
        "daynight_known_count": 1,
        "detection_count": 1,
        "duration_hours": 0.0,
        "end_time_utc": "2025-03-20T18:47:00Z",
        "frp_max_mw": 3.44,
        "frp_mean_mw": 3.44,
        "frp_median_mw": 3.44,
        "frp_min_mw": 3.44,
        "frp_sum_mw": 3.44,
        "night_fraction": 0.0,
        "optical_cohort_status": "not_in_cohort",
        "possible_chain_merge": false,
        "public_event_id": "evt-0429",
        "satellite_count": 1,
        "satellites": [
          "N20"
        ],
        "source_count": 1,
        "start_time_utc": "2025-03-20T18:47:00Z"
      },
      "type": "Feature"
    },
    {
      "geometry": {
        "coordinates": [
          -80.233213,
          8.322117
        ],
        "type": "Point"
      },
      "properties": {
        "configuration_id": "r1500_t06",
        "day_fraction": 1.0,
        "daynight_known_count": 3,
        "detection_count": 3,
        "duration_hours": 0.383333,
        "end_time_utc": "2025-02-05T18:54:00Z",
        "frp_max_mw": 7.29,
        "frp_mean_mw": 6.22,
        "frp_median_mw": 6.12,
        "frp_min_mw": 5.25,
        "frp_sum_mw": 18.66,
        "night_fraction": 0.0,
        "optical_cohort_status": "not_in_cohort",
        "possible_chain_merge": false,
        "public_event_id": "evt-0430",
        "satellite_count": 2,
        "satellites": [
          "N",
          "N20"
        ],
        "source_count": 2,
        "start_time_utc": "2025-02-05T18:31:00Z"
      },
      "type": "Feature"
    },
    {
      "geometry": {
        "coordinates": [
          -80.23395,
          8.32125
        ],
        "type": "Point"
      },
      "properties": {
        "configuration_id": "r1500_t06",
        "day_fraction": 1.0,
        "daynight_known_count": 3,
        "detection_count": 3,
        "duration_hours": 0.383333,
        "end_time_utc": "2025-02-04T19:13:00Z",
        "frp_max_mw": 9.14,
        "frp_mean_mw": 6.736667,
        "frp_median_mw": 6.86,
        "frp_min_mw": 4.21,
        "frp_sum_mw": 20.21,
        "night_fraction": 0.0,
        "optical_cohort_status": "not_in_cohort",
        "possible_chain_merge": false,
        "public_event_id": "evt-0431",
        "satellite_count": 2,
        "satellites": [
          "N",
          "N20"
        ],
        "source_count": 2,
        "start_time_utc": "2025-02-04T18:50:00Z"
      },
      "type": "Feature"
    },
    {
      "geometry": {
        "coordinates": [
          -80.20312,
          8.34599
        ],
        "type": "Point"
      },
      "properties": {
        "configuration_id": "r1500_t06",
        "day_fraction": 1.0,
        "daynight_known_count": 1,
        "detection_count": 1,
        "duration_hours": 0.0,
        "end_time_utc": "2025-03-03T18:43:00Z",
        "frp_max_mw": 3.33,
        "frp_mean_mw": 3.33,
        "frp_median_mw": 3.33,
        "frp_min_mw": 3.33,
        "frp_sum_mw": 3.33,
        "night_fraction": 0.0,
        "optical_cohort_status": "not_in_cohort",
        "possible_chain_merge": false,
        "public_event_id": "evt-0432",
        "satellite_count": 1,
        "satellites": [
          "N"
        ],
        "source_count": 1,
        "start_time_utc": "2025-03-03T18:43:00Z"
      },
      "type": "Feature"
    },
    {
      "geometry": {
        "coordinates": [
          -80.59903,
          8.41156
        ],
        "type": "Point"
      },
      "properties": {
        "configuration_id": "r1500_t06",
        "day_fraction": 1.0,
        "daynight_known_count": 1,
        "detection_count": 1,
        "duration_hours": 0.0,
        "end_time_utc": "2025-02-05T18:54:00Z",
        "frp_max_mw": 2.58,
        "frp_mean_mw": 2.58,
        "frp_median_mw": 2.58,
        "frp_min_mw": 2.58,
        "frp_sum_mw": 2.58,
        "night_fraction": 0.0,
        "optical_cohort_status": "not_in_cohort",
        "possible_chain_merge": false,
        "public_event_id": "evt-0433",
        "satellite_count": 1,
        "satellites": [
          "N20"
        ],
        "source_count": 1,
        "start_time_utc": "2025-02-05T18:54:00Z"
      },
      "type": "Feature"
    },
    {
      "geometry": {
        "coordinates": [
          -80.43652,
          8.329488
        ],
        "type": "Point"
      },
      "properties": {
        "configuration_id": "r1500_t06",
        "day_fraction": 0.0,
        "daynight_known_count": 6,
        "detection_count": 6,
        "duration_hours": 0.383333,
        "end_time_utc": "2025-01-21T07:30:00Z",
        "frp_max_mw": 5.95,
        "frp_mean_mw": 2.581667,
        "frp_median_mw": 2.31,
        "frp_min_mw": 1.14,
        "frp_sum_mw": 15.49,
        "night_fraction": 1.0,
        "optical_cohort_status": "not_in_cohort",
        "possible_chain_merge": true,
        "public_event_id": "evt-0434",
        "satellite_count": 2,
        "satellites": [
          "N",
          "N20"
        ],
        "source_count": 2,
        "start_time_utc": "2025-01-21T07:07:00Z"
      },
      "type": "Feature"
    },
    {
      "geometry": {
        "coordinates": [
          -80.54602,
          8.1935
        ],
        "type": "Point"
      },
      "properties": {
        "configuration_id": "r1500_t06",
        "day_fraction": 1.0,
        "daynight_known_count": 1,
        "detection_count": 1,
        "duration_hours": 0.0,
        "end_time_utc": "2025-04-14T19:18:00Z",
        "frp_max_mw": 0.79,
        "frp_mean_mw": 0.79,
        "frp_median_mw": 0.79,
        "frp_min_mw": 0.79,
        "frp_sum_mw": 0.79,
        "night_fraction": 0.0,
        "optical_cohort_status": "not_in_cohort",
        "possible_chain_merge": false,
        "public_event_id": "evt-0435",
        "satellite_count": 1,
        "satellites": [
          "N20"
        ],
        "source_count": 1,
        "start_time_utc": "2025-04-14T19:18:00Z"
      },
      "type": "Feature"
    },
    {
      "geometry": {
        "coordinates": [
          -80.62595,
          8.52727
        ],
        "type": "Point"
      },
      "properties": {
        "configuration_id": "r1500_t06",
        "day_fraction": 1.0,
        "daynight_known_count": 1,
        "detection_count": 1,
        "duration_hours": 0.0,
        "end_time_utc": "2025-04-19T19:02:00Z",
        "frp_max_mw": 3.06,
        "frp_mean_mw": 3.06,
        "frp_median_mw": 3.06,
        "frp_min_mw": 3.06,
        "frp_sum_mw": 3.06,
        "night_fraction": 0.0,
        "optical_cohort_status": "not_in_cohort",
        "possible_chain_merge": false,
        "public_event_id": "evt-0436",
        "satellite_count": 1,
        "satellites": [
          "N"
        ],
        "source_count": 1,
        "start_time_utc": "2025-04-19T19:02:00Z"
      },
      "type": "Feature"
    },
    {
      "geometry": {
        "coordinates": [
          -80.24972,
          8.320155
        ],
        "type": "Point"
      },
      "properties": {
        "configuration_id": "r1500_t06",
        "day_fraction": 1.0,
        "daynight_known_count": 4,
        "detection_count": 4,
        "duration_hours": 0.366667,
        "end_time_utc": "2025-04-03T19:24:00Z",
        "frp_max_mw": 8.11,
        "frp_mean_mw": 7.035,
        "frp_median_mw": 7.035,
        "frp_min_mw": 5.96,
        "frp_sum_mw": 28.14,
        "night_fraction": 0.0,
        "optical_cohort_status": "not_in_cohort",
        "possible_chain_merge": false,
        "public_event_id": "evt-0437",
        "satellite_count": 2,
        "satellites": [
          "N",
          "N20"
        ],
        "source_count": 2,
        "start_time_utc": "2025-04-03T19:02:00Z"
      },
      "type": "Feature"
    },
    {
      "geometry": {
        "coordinates": [
          -80.31861,
          8.80041
        ],
        "type": "Point"
      },
      "properties": {
        "configuration_id": "r1500_t06",
        "day_fraction": 1.0,
        "daynight_known_count": 1,
        "detection_count": 1,
        "duration_hours": 0.0,
        "end_time_utc": "2025-04-01T18:22:00Z",
        "frp_max_mw": 19.0,
        "frp_mean_mw": 19.0,
        "frp_median_mw": 19.0,
        "frp_min_mw": 19.0,
        "frp_sum_mw": 19.0,
        "night_fraction": 0.0,
        "optical_cohort_status": "not_in_cohort",
        "possible_chain_merge": false,
        "public_event_id": "evt-0438",
        "satellite_count": 1,
        "satellites": [
          "N20"
        ],
        "source_count": 1,
        "start_time_utc": "2025-04-01T18:22:00Z"
      },
      "type": "Feature"
    },
    {
      "geometry": {
        "coordinates": [
          -80.466985,
          8.309005
        ],
        "type": "Point"
      },
      "properties": {
        "configuration_id": "r1500_t06",
        "day_fraction": 0.0,
        "daynight_known_count": 2,
        "detection_count": 2,
        "duration_hours": 0.0,
        "end_time_utc": "2025-03-21T07:23:00Z",
        "frp_max_mw": 0.74,
        "frp_mean_mw": 0.705,
        "frp_median_mw": 0.705,
        "frp_min_mw": 0.67,
        "frp_sum_mw": 1.41,
        "night_fraction": 1.0,
        "optical_cohort_status": "not_in_cohort",
        "possible_chain_merge": false,
        "public_event_id": "evt-0439",
        "satellite_count": 1,
        "satellites": [
          "N20"
        ],
        "source_count": 1,
        "start_time_utc": "2025-03-21T07:23:00Z"
      },
      "type": "Feature"
    },
    {
      "geometry": {
        "coordinates": [
          -80.519037,
          8.475223
        ],
        "type": "Point"
      },
      "properties": {
        "configuration_id": "r1500_t06",
        "day_fraction": 1.0,
        "daynight_known_count": 3,
        "detection_count": 3,
        "duration_hours": 0.0,
        "end_time_utc": "2025-04-16T18:18:00Z",
        "frp_max_mw": 7.07,
        "frp_mean_mw": 6.406667,
        "frp_median_mw": 7.07,
        "frp_min_mw": 5.08,
        "frp_sum_mw": 19.22,
        "night_fraction": 0.0,
        "optical_cohort_status": "not_in_cohort",
        "possible_chain_merge": false,
        "public_event_id": "evt-0440",
        "satellite_count": 1,
        "satellites": [
          "N"
        ],
        "source_count": 1,
        "start_time_utc": "2025-04-16T18:18:00Z"
      },
      "type": "Feature"
    },
    {
      "geometry": {
        "coordinates": [
          -80.12489,
          8.38363
        ],
        "type": "Point"
      },
      "properties": {
        "configuration_id": "r1500_t06",
        "day_fraction": 0.0,
        "daynight_known_count": 1,
        "detection_count": 1,
        "duration_hours": 0.0,
        "end_time_utc": "2025-04-01T06:54:00Z",
        "frp_max_mw": 0.65,
        "frp_mean_mw": 0.65,
        "frp_median_mw": 0.65,
        "frp_min_mw": 0.65,
        "frp_sum_mw": 0.65,
        "night_fraction": 1.0,
        "optical_cohort_status": "not_in_cohort",
        "possible_chain_merge": false,
        "public_event_id": "evt-0441",
        "satellite_count": 1,
        "satellites": [
          "N"
        ],
        "source_count": 1,
        "start_time_utc": "2025-04-01T06:54:00Z"
      },
      "type": "Feature"
    },
    {
      "geometry": {
        "coordinates": [
          -80.511405,
          8.541385
        ],
        "type": "Point"
      },
      "properties": {
        "configuration_id": "r1500_t06",
        "day_fraction": 1.0,
        "daynight_known_count": 2,
        "detection_count": 2,
        "duration_hours": 0.0,
        "end_time_utc": "2025-04-24T19:09:00Z",
        "frp_max_mw": 7.41,
        "frp_mean_mw": 6.455,
        "frp_median_mw": 6.455,
        "frp_min_mw": 5.5,
        "frp_sum_mw": 12.91,
        "night_fraction": 0.0,
        "optical_cohort_status": "not_in_cohort",
        "possible_chain_merge": false,
        "public_event_id": "evt-0442",
        "satellite_count": 1,
        "satellites": [
          "N"
        ],
        "source_count": 1,
        "start_time_utc": "2025-04-24T19:09:00Z"
      },
      "type": "Feature"
    },
    {
      "geometry": {
        "coordinates": [
          -80.20957,
          8.86972
        ],
        "type": "Point"
      },
      "properties": {
        "configuration_id": "r1500_t06",
        "day_fraction": 1.0,
        "daynight_known_count": 1,
        "detection_count": 1,
        "duration_hours": 0.0,
        "end_time_utc": "2025-03-27T18:15:00Z",
        "frp_max_mw": 2.65,
        "frp_mean_mw": 2.65,
        "frp_median_mw": 2.65,
        "frp_min_mw": 2.65,
        "frp_sum_mw": 2.65,
        "night_fraction": 0.0,
        "optical_cohort_status": "not_in_cohort",
        "possible_chain_merge": false,
        "public_event_id": "evt-0443",
        "satellite_count": 1,
        "satellites": [
          "N20"
        ],
        "source_count": 1,
        "start_time_utc": "2025-03-27T18:15:00Z"
      },
      "type": "Feature"
    },
    {
      "geometry": {
        "coordinates": [
          -80.551815,
          8.41601
        ],
        "type": "Point"
      },
      "properties": {
        "configuration_id": "r1500_t06",
        "day_fraction": 1.0,
        "daynight_known_count": 2,
        "detection_count": 2,
        "duration_hours": 0.0,
        "end_time_utc": "2025-03-24T18:49:00Z",
        "frp_max_mw": 2.21,
        "frp_mean_mw": 2.21,
        "frp_median_mw": 2.21,
        "frp_min_mw": 2.21,
        "frp_sum_mw": 4.42,
        "night_fraction": 0.0,
        "optical_cohort_status": "not_in_cohort",
        "possible_chain_merge": false,
        "public_event_id": "evt-0444",
        "satellite_count": 1,
        "satellites": [
          "N"
        ],
        "source_count": 1,
        "start_time_utc": "2025-03-24T18:49:00Z"
      },
      "type": "Feature"
    },
    {
      "geometry": {
        "coordinates": [
          -80.23561,
          8.32633
        ],
        "type": "Point"
      },
      "properties": {
        "configuration_id": "r1500_t06",
        "day_fraction": 1.0,
        "daynight_known_count": 1,
        "detection_count": 1,
        "duration_hours": 0.0,
        "end_time_utc": "2025-03-12T17:57:00Z",
        "frp_max_mw": 3.33,
        "frp_mean_mw": 3.33,
        "frp_median_mw": 3.33,
        "frp_min_mw": 3.33,
        "frp_sum_mw": 3.33,
        "night_fraction": 0.0,
        "optical_cohort_status": "not_in_cohort",
        "possible_chain_merge": false,
        "public_event_id": "evt-0445",
        "satellite_count": 1,
        "satellites": [
          "N20"
        ],
        "source_count": 1,
        "start_time_utc": "2025-03-12T17:57:00Z"
      },
      "type": "Feature"
    },
    {
      "geometry": {
        "coordinates": [
          -80.14294,
          8.597575
        ],
        "type": "Point"
      },
      "properties": {
        "configuration_id": "r1500_t06",
        "day_fraction": 0.0,
        "daynight_known_count": 2,
        "detection_count": 2,
        "duration_hours": 0.0,
        "end_time_utc": "2025-03-27T06:47:00Z",
        "frp_max_mw": 0.54,
        "frp_mean_mw": 0.54,
        "frp_median_mw": 0.54,
        "frp_min_mw": 0.54,
        "frp_sum_mw": 1.08,
        "night_fraction": 1.0,
        "optical_cohort_status": "not_in_cohort",
        "possible_chain_merge": false,
        "public_event_id": "evt-0446",
        "satellite_count": 1,
        "satellites": [
          "N"
        ],
        "source_count": 1,
        "start_time_utc": "2025-03-27T06:47:00Z"
      },
      "type": "Feature"
    },
    {
      "geometry": {
        "coordinates": [
          -80.537354,
          8.391624
        ],
        "type": "Point"
      },
      "properties": {
        "configuration_id": "r1500_t06",
        "day_fraction": 1.0,
        "daynight_known_count": 5,
        "detection_count": 5,
        "duration_hours": 0.366667,
        "end_time_utc": "2025-03-05T18:28:00Z",
        "frp_max_mw": 8.34,
        "frp_mean_mw": 7.754,
        "frp_median_mw": 7.92,
        "frp_min_mw": 7.06,
        "frp_sum_mw": 38.77,
        "night_fraction": 0.0,
        "optical_cohort_status": "not_in_cohort",
        "possible_chain_merge": false,
        "public_event_id": "evt-0447",
        "satellite_count": 2,
        "satellites": [
          "N",
          "N20"
        ],
        "source_count": 2,
        "start_time_utc": "2025-03-05T18:06:00Z"
      },
      "type": "Feature"
    },
    {
      "geometry": {
        "coordinates": [
          -80.495193,
          8.313429
        ],
        "type": "Point"
      },
      "properties": {
        "configuration_id": "r1500_t06",
        "day_fraction": 0.0,
        "daynight_known_count": 7,
        "detection_count": 7,
        "duration_hours": 0.383333,
        "end_time_utc": "2025-02-02T07:05:00Z",
        "frp_max_mw": 4.2,
        "frp_mean_mw": 3.442857,
        "frp_median_mw": 3.35,
        "frp_min_mw": 1.45,
        "frp_sum_mw": 24.1,
        "night_fraction": 1.0,
        "optical_cohort_status": "not_in_cohort",
        "possible_chain_merge": false,
        "public_event_id": "evt-0448",
        "satellite_count": 2,
        "satellites": [
          "N",
          "N20"
        ],
        "source_count": 2,
        "start_time_utc": "2025-02-02T06:42:00Z"
      },
      "type": "Feature"
    },
    {
      "geometry": {
        "coordinates": [
          -80.40059,
          8.3592
        ],
        "type": "Point"
      },
      "properties": {
        "configuration_id": "r1500_t06",
        "day_fraction": 1.0,
        "daynight_known_count": 1,
        "detection_count": 1,
        "duration_hours": 0.0,
        "end_time_utc": "2025-02-07T18:16:00Z",
        "frp_max_mw": 6.38,
        "frp_mean_mw": 6.38,
        "frp_median_mw": 6.38,
        "frp_min_mw": 6.38,
        "frp_sum_mw": 6.38,
        "night_fraction": 0.0,
        "optical_cohort_status": "not_in_cohort",
        "possible_chain_merge": false,
        "public_event_id": "evt-0449",
        "satellite_count": 1,
        "satellites": [
          "N20"
        ],
        "source_count": 1,
        "start_time_utc": "2025-02-07T18:16:00Z"
      },
      "type": "Feature"
    },
    {
      "geometry": {
        "coordinates": [
          -80.633894,
          8.469268
        ],
        "type": "Point"
      },
      "properties": {
        "configuration_id": "r1500_t06",
        "day_fraction": 1.0,
        "daynight_known_count": 5,
        "detection_count": 5,
        "duration_hours": 0.383333,
        "end_time_utc": "2025-03-20T18:47:00Z",
        "frp_max_mw": 6.15,
        "frp_mean_mw": 3.78,
        "frp_median_mw": 3.1,
        "frp_min_mw": 2.8,
        "frp_sum_mw": 18.9,
        "night_fraction": 0.0,
        "optical_cohort_status": "not_in_cohort",
        "possible_chain_merge": false,
        "public_event_id": "evt-0450",
        "satellite_count": 2,
        "satellites": [
          "N",
          "N20"
        ],
        "source_count": 2,
        "start_time_utc": "2025-03-20T18:24:00Z"
      },
      "type": "Feature"
    },
    {
      "geometry": {
        "coordinates": [
          -80.1759,
          8.86249
        ],
        "type": "Point"
      },
      "properties": {
        "configuration_id": "r1500_t06",
        "day_fraction": 1.0,
        "daynight_known_count": 1,
        "detection_count": 1,
        "duration_hours": 0.0,
        "end_time_utc": "2025-03-27T18:15:00Z",
        "frp_max_mw": 5.53,
        "frp_mean_mw": 5.53,
        "frp_median_mw": 5.53,
        "frp_min_mw": 5.53,
        "frp_sum_mw": 5.53,
        "night_fraction": 0.0,
        "optical_cohort_status": "not_in_cohort",
        "possible_chain_merge": false,
        "public_event_id": "evt-0451",
        "satellite_count": 1,
        "satellites": [
          "N20"
        ],
        "source_count": 1,
        "start_time_utc": "2025-03-27T18:15:00Z"
      },
      "type": "Feature"
    },
    {
      "geometry": {
        "coordinates": [
          -80.71117,
          8.44044
        ],
        "type": "Point"
      },
      "properties": {
        "configuration_id": "r1500_t06",
        "day_fraction": 1.0,
        "daynight_known_count": 1,
        "detection_count": 1,
        "duration_hours": 0.0,
        "end_time_utc": "2025-04-14T18:56:00Z",
        "frp_max_mw": 5.39,
        "frp_mean_mw": 5.39,
        "frp_median_mw": 5.39,
        "frp_min_mw": 5.39,
        "frp_sum_mw": 5.39,
        "night_fraction": 0.0,
        "optical_cohort_status": "not_in_cohort",
        "possible_chain_merge": false,
        "public_event_id": "evt-0452",
        "satellite_count": 1,
        "satellites": [
          "N"
        ],
        "source_count": 1,
        "start_time_utc": "2025-04-14T18:56:00Z"
      },
      "type": "Feature"
    },
    {
      "geometry": {
        "coordinates": [
          -80.62759,
          8.49324
        ],
        "type": "Point"
      },
      "properties": {
        "configuration_id": "r1500_t06",
        "day_fraction": 1.0,
        "daynight_known_count": 1,
        "detection_count": 1,
        "duration_hours": 0.0,
        "end_time_utc": "2025-03-14T18:37:00Z",
        "frp_max_mw": 4.65,
        "frp_mean_mw": 4.65,
        "frp_median_mw": 4.65,
        "frp_min_mw": 4.65,
        "frp_sum_mw": 4.65,
        "night_fraction": 0.0,
        "optical_cohort_status": "not_in_cohort",
        "possible_chain_merge": false,
        "public_event_id": "evt-0453",
        "satellite_count": 1,
        "satellites": [
          "N"
        ],
        "source_count": 1,
        "start_time_utc": "2025-03-14T18:37:00Z"
      },
      "type": "Feature"
    },
    {
      "geometry": {
        "coordinates": [
          -80.60392,
          8.58856
        ],
        "type": "Point"
      },
      "properties": {
        "configuration_id": "r1500_t06",
        "day_fraction": 1.0,
        "daynight_known_count": 1,
        "detection_count": 1,
        "duration_hours": 0.0,
        "end_time_utc": "2025-04-15T19:00:00Z",
        "frp_max_mw": 3.24,
        "frp_mean_mw": 3.24,
        "frp_median_mw": 3.24,
        "frp_min_mw": 3.24,
        "frp_sum_mw": 3.24,
        "night_fraction": 0.0,
        "optical_cohort_status": "not_in_cohort",
        "possible_chain_merge": false,
        "public_event_id": "evt-0454",
        "satellite_count": 1,
        "satellites": [
          "N20"
        ],
        "source_count": 1,
        "start_time_utc": "2025-04-15T19:00:00Z"
      },
      "type": "Feature"
    },
    {
      "geometry": {
        "coordinates": [
          -80.52717,
          8.2739
        ],
        "type": "Point"
      },
      "properties": {
        "configuration_id": "r1500_t06",
        "day_fraction": 0.0,
        "daynight_known_count": 1,
        "detection_count": 1,
        "duration_hours": 0.0,
        "end_time_utc": "2025-02-04T06:27:00Z",
        "frp_max_mw": 1.35,
        "frp_mean_mw": 1.35,
        "frp_median_mw": 1.35,
        "frp_min_mw": 1.35,
        "frp_sum_mw": 1.35,
        "night_fraction": 1.0,
        "optical_cohort_status": "not_in_cohort",
        "possible_chain_merge": false,
        "public_event_id": "evt-0455",
        "satellite_count": 1,
        "satellites": [
          "N20"
        ],
        "source_count": 1,
        "start_time_utc": "2025-02-04T06:27:00Z"
      },
      "type": "Feature"
    },
    {
      "geometry": {
        "coordinates": [
          -80.5498,
          8.509825
        ],
        "type": "Point"
      },
      "properties": {
        "configuration_id": "r1500_t06",
        "day_fraction": 1.0,
        "daynight_known_count": 2,
        "detection_count": 2,
        "duration_hours": 1.3,
        "end_time_utc": "2025-03-01T19:21:00Z",
        "frp_max_mw": 16.56,
        "frp_mean_mw": 9.965,
        "frp_median_mw": 9.965,
        "frp_min_mw": 3.37,
        "frp_sum_mw": 19.93,
        "night_fraction": 0.0,
        "optical_cohort_status": "not_in_cohort",
        "possible_chain_merge": false,
        "public_event_id": "evt-0456",
        "satellite_count": 2,
        "satellites": [
          "N",
          "N20"
        ],
        "source_count": 2,
        "start_time_utc": "2025-03-01T18:03:00Z"
      },
      "type": "Feature"
    },
    {
      "geometry": {
        "coordinates": [
          -80.25,
          8.97406
        ],
        "type": "Point"
      },
      "properties": {
        "configuration_id": "r1500_t06",
        "day_fraction": 1.0,
        "daynight_known_count": 1,
        "detection_count": 1,
        "duration_hours": 0.0,
        "end_time_utc": "2025-03-12T19:15:00Z",
        "frp_max_mw": 3.99,
        "frp_mean_mw": 3.99,
        "frp_median_mw": 3.99,
        "frp_min_mw": 3.99,
        "frp_sum_mw": 3.99,
        "night_fraction": 0.0,
        "optical_cohort_status": "not_in_cohort",
        "possible_chain_merge": false,
        "public_event_id": "evt-0457",
        "satellite_count": 1,
        "satellites": [
          "N"
        ],
        "source_count": 1,
        "start_time_utc": "2025-03-12T19:15:00Z"
      },
      "type": "Feature"
    },
    {
      "geometry": {
        "coordinates": [
          -80.55717,
          8.47983
        ],
        "type": "Point"
      },
      "properties": {
        "configuration_id": "r1500_t06",
        "day_fraction": 0.0,
        "daynight_known_count": 1,
        "detection_count": 1,
        "duration_hours": 0.0,
        "end_time_utc": "2025-04-05T06:01:00Z",
        "frp_max_mw": 2.42,
        "frp_mean_mw": 2.42,
        "frp_median_mw": 2.42,
        "frp_min_mw": 2.42,
        "frp_sum_mw": 2.42,
        "night_fraction": 1.0,
        "optical_cohort_status": "not_in_cohort",
        "possible_chain_merge": false,
        "public_event_id": "evt-0458",
        "satellite_count": 1,
        "satellites": [
          "N20"
        ],
        "source_count": 1,
        "start_time_utc": "2025-04-05T06:01:00Z"
      },
      "type": "Feature"
    },
    {
      "geometry": {
        "coordinates": [
          -80.70801,
          8.17508
        ],
        "type": "Point"
      },
      "properties": {
        "configuration_id": "r1500_t06",
        "day_fraction": 1.0,
        "daynight_known_count": 1,
        "detection_count": 1,
        "duration_hours": 0.0,
        "end_time_utc": "2025-01-25T18:37:00Z",
        "frp_max_mw": 2.8,
        "frp_mean_mw": 2.8,
        "frp_median_mw": 2.8,
        "frp_min_mw": 2.8,
        "frp_sum_mw": 2.8,
        "night_fraction": 0.0,
        "optical_cohort_status": "not_in_cohort",
        "possible_chain_merge": false,
        "public_event_id": "evt-0459",
        "satellite_count": 1,
        "satellites": [
          "N"
        ],
        "source_count": 1,
        "start_time_utc": "2025-01-25T18:37:00Z"
      },
      "type": "Feature"
    },
    {
      "geometry": {
        "coordinates": [
          -80.28904,
          8.42131
        ],
        "type": "Point"
      },
      "properties": {
        "configuration_id": "r1500_t06",
        "day_fraction": 1.0,
        "daynight_known_count": 1,
        "detection_count": 1,
        "duration_hours": 0.0,
        "end_time_utc": "2025-04-15T19:00:00Z",
        "frp_max_mw": 6.99,
        "frp_mean_mw": 6.99,
        "frp_median_mw": 6.99,
        "frp_min_mw": 6.99,
        "frp_sum_mw": 6.99,
        "night_fraction": 0.0,
        "optical_cohort_status": "not_in_cohort",
        "possible_chain_merge": false,
        "public_event_id": "evt-0460",
        "satellite_count": 1,
        "satellites": [
          "N20"
        ],
        "source_count": 1,
        "start_time_utc": "2025-04-15T19:00:00Z"
      },
      "type": "Feature"
    },
    {
      "geometry": {
        "coordinates": [
          -80.543527,
          8.350997
        ],
        "type": "Point"
      },
      "properties": {
        "configuration_id": "r1500_t06",
        "day_fraction": 0.0,
        "daynight_known_count": 3,
        "detection_count": 3,
        "duration_hours": 0.383333,
        "end_time_utc": "2025-04-06T07:23:00Z",
        "frp_max_mw": 1.83,
        "frp_mean_mw": 1.183333,
        "frp_median_mw": 0.86,
        "frp_min_mw": 0.86,
        "frp_sum_mw": 3.55,
        "night_fraction": 1.0,
        "optical_cohort_status": "not_in_cohort",
        "possible_chain_merge": false,
        "public_event_id": "evt-0461",
        "satellite_count": 2,
        "satellites": [
          "N",
          "N20"
        ],
        "source_count": 2,
        "start_time_utc": "2025-04-06T07:00:00Z"
      },
      "type": "Feature"
    },
    {
      "geometry": {
        "coordinates": [
          -80.760764,
          8.48867
        ],
        "type": "Point"
      },
      "properties": {
        "configuration_id": "r1500_t06",
        "day_fraction": 1.0,
        "daynight_known_count": 7,
        "detection_count": 7,
        "duration_hours": 0.366667,
        "end_time_utc": "2025-04-14T19:18:00Z",
        "frp_max_mw": 8.76,
        "frp_mean_mw": 6.672857,
        "frp_median_mw": 6.43,
        "frp_min_mw": 4.58,
        "frp_sum_mw": 46.71,
        "night_fraction": 0.0,
        "optical_cohort_status": "not_in_cohort",
        "possible_chain_merge": true,
        "public_event_id": "evt-0462",
        "satellite_count": 2,
        "satellites": [
          "N",
          "N20"
        ],
        "source_count": 2,
        "start_time_utc": "2025-04-14T18:56:00Z"
      },
      "type": "Feature"
    },
    {
      "geometry": {
        "coordinates": [
          -80.602373,
          8.37614
        ],
        "type": "Point"
      },
      "properties": {
        "configuration_id": "r1500_t06",
        "day_fraction": 1.0,
        "daynight_known_count": 3,
        "detection_count": 3,
        "duration_hours": 1.3,
        "end_time_utc": "2025-02-23T19:34:00Z",
        "frp_max_mw": 5.74,
        "frp_mean_mw": 4.806667,
        "frp_median_mw": 4.8,
        "frp_min_mw": 3.88,
        "frp_sum_mw": 14.42,
        "night_fraction": 0.0,
        "optical_cohort_status": "not_in_cohort",
        "possible_chain_merge": false,
        "public_event_id": "evt-0463",
        "satellite_count": 2,
        "satellites": [
          "N",
          "N20"
        ],
        "source_count": 2,
        "start_time_utc": "2025-02-23T18:16:00Z"
      },
      "type": "Feature"
    },
    {
      "geometry": {
        "coordinates": [
          -80.54051,
          8.51075
        ],
        "type": "Point"
      },
      "properties": {
        "configuration_id": "r1500_t06",
        "day_fraction": 1.0,
        "daynight_known_count": 1,
        "detection_count": 1,
        "duration_hours": 0.0,
        "end_time_utc": "2025-04-18T19:21:00Z",
        "frp_max_mw": 2.54,
        "frp_mean_mw": 2.54,
        "frp_median_mw": 2.54,
        "frp_min_mw": 2.54,
        "frp_sum_mw": 2.54,
        "night_fraction": 0.0,
        "optical_cohort_status": "not_in_cohort",
        "possible_chain_merge": false,
        "public_event_id": "evt-0464",
        "satellite_count": 1,
        "satellites": [
          "N"
        ],
        "source_count": 1,
        "start_time_utc": "2025-04-18T19:21:00Z"
      },
      "type": "Feature"
    },
    {
      "geometry": {
        "coordinates": [
          -80.53494,
          8.60253
        ],
        "type": "Point"
      },
      "properties": {
        "configuration_id": "r1500_t06",
        "day_fraction": 1.0,
        "daynight_known_count": 1,
        "detection_count": 1,
        "duration_hours": 0.0,
        "end_time_utc": "2025-04-29T19:15:00Z",
        "frp_max_mw": 3.11,
        "frp_mean_mw": 3.11,
        "frp_median_mw": 3.11,
        "frp_min_mw": 3.11,
        "frp_sum_mw": 3.11,
        "night_fraction": 0.0,
        "optical_cohort_status": "not_in_cohort",
        "possible_chain_merge": false,
        "public_event_id": "evt-0465",
        "satellite_count": 1,
        "satellites": [
          "N"
        ],
        "source_count": 1,
        "start_time_utc": "2025-04-29T19:15:00Z"
      },
      "type": "Feature"
    },
    {
      "geometry": {
        "coordinates": [
          -80.29466,
          8.79334
        ],
        "type": "Point"
      },
      "properties": {
        "configuration_id": "r1500_t06",
        "day_fraction": 1.0,
        "daynight_known_count": 1,
        "detection_count": 1,
        "duration_hours": 0.0,
        "end_time_utc": "2025-03-29T18:56:00Z",
        "frp_max_mw": 6.97,
        "frp_mean_mw": 6.97,
        "frp_median_mw": 6.97,
        "frp_min_mw": 6.97,
        "frp_sum_mw": 6.97,
        "night_fraction": 0.0,
        "optical_cohort_status": "not_in_cohort",
        "possible_chain_merge": false,
        "public_event_id": "evt-0466",
        "satellite_count": 1,
        "satellites": [
          "N"
        ],
        "source_count": 1,
        "start_time_utc": "2025-03-29T18:56:00Z"
      },
      "type": "Feature"
    },
    {
      "geometry": {
        "coordinates": [
          -80.22455,
          8.73431
        ],
        "type": "Point"
      },
      "properties": {
        "configuration_id": "r1500_t06",
        "day_fraction": 1.0,
        "daynight_known_count": 2,
        "detection_count": 2,
        "duration_hours": 0.0,
        "end_time_utc": "2025-04-03T19:24:00Z",
        "frp_max_mw": 9.28,
        "frp_mean_mw": 8.66,
        "frp_median_mw": 8.66,
        "frp_min_mw": 8.04,
        "frp_sum_mw": 17.32,
        "night_fraction": 0.0,
        "optical_cohort_status": "not_in_cohort",
        "possible_chain_merge": false,
        "public_event_id": "evt-0467",
        "satellite_count": 1,
        "satellites": [
          "N20"
        ],
        "source_count": 1,
        "start_time_utc": "2025-04-03T19:24:00Z"
      },
      "type": "Feature"
    },
    {
      "geometry": {
        "coordinates": [
          -80.70392,
          8.245662
        ],
        "type": "Point"
      },
      "properties": {
        "configuration_id": "r1500_t06",
        "day_fraction": 0.0,
        "daynight_known_count": 4,
        "detection_count": 4,
        "duration_hours": 0.366667,
        "end_time_utc": "2025-04-23T07:04:00Z",
        "frp_max_mw": 1.7,
        "frp_mean_mw": 1.1125,
        "frp_median_mw": 1.035,
        "frp_min_mw": 0.68,
        "frp_sum_mw": 4.45,
        "night_fraction": 1.0,
        "optical_cohort_status": "not_in_cohort",
        "possible_chain_merge": false,
        "public_event_id": "evt-0468",
        "satellite_count": 2,
        "satellites": [
          "N",
          "N20"
        ],
        "source_count": 2,
        "start_time_utc": "2025-04-23T06:42:00Z"
      },
      "type": "Feature"
    },
    {
      "geometry": {
        "coordinates": [
          -80.194765,
          8.925015
        ],
        "type": "Point"
      },
      "properties": {
        "configuration_id": "r1500_t06",
        "day_fraction": 1.0,
        "daynight_known_count": 2,
        "detection_count": 2,
        "duration_hours": 0.0,
        "end_time_utc": "2025-03-18T19:02:00Z",
        "frp_max_mw": 4.34,
        "frp_mean_mw": 4.165,
        "frp_median_mw": 4.165,
        "frp_min_mw": 3.99,
        "frp_sum_mw": 8.33,
        "night_fraction": 0.0,
        "optical_cohort_status": "not_in_cohort",
        "possible_chain_merge": true,
        "public_event_id": "evt-0469",
        "satellite_count": 1,
        "satellites": [
          "N"
        ],
        "source_count": 1,
        "start_time_utc": "2025-03-18T19:02:00Z"
      },
      "type": "Feature"
    },
    {
      "geometry": {
        "coordinates": [
          -80.555577,
          8.31535
        ],
        "type": "Point"
      },
      "properties": {
        "configuration_id": "r1500_t06",
        "day_fraction": 1.0,
        "daynight_known_count": 3,
        "detection_count": 3,
        "duration_hours": 0.383333,
        "end_time_utc": "2025-03-07T19:31:00Z",
        "frp_max_mw": 6.14,
        "frp_mean_mw": 5.403333,
        "frp_median_mw": 6.14,
        "frp_min_mw": 3.93,
        "frp_sum_mw": 16.21,
        "night_fraction": 0.0,
        "optical_cohort_status": "not_in_cohort",
        "possible_chain_merge": false,
        "public_event_id": "evt-0470",
        "satellite_count": 2,
        "satellites": [
          "N",
          "N20"
        ],
        "source_count": 2,
        "start_time_utc": "2025-03-07T19:08:00Z"
      },
      "type": "Feature"
    },
    {
      "geometry": {
        "coordinates": [
          -80.515495,
          8.50598
        ],
        "type": "Point"
      },
      "properties": {
        "configuration_id": "r1500_t06",
        "day_fraction": 1.0,
        "daynight_known_count": 2,
        "detection_count": 2,
        "duration_hours": 0.0,
        "end_time_utc": "2025-04-21T18:47:00Z",
        "frp_max_mw": 2.61,
        "frp_mean_mw": 2.61,
        "frp_median_mw": 2.61,
        "frp_min_mw": 2.61,
        "frp_sum_mw": 5.22,
        "night_fraction": 0.0,
        "optical_cohort_status": "observable",
        "possible_chain_merge": false,
        "public_event_id": "evt-0471",
        "satellite_count": 1,
        "satellites": [
          "N20"
        ],
        "source_count": 1,
        "start_time_utc": "2025-04-21T18:47:00Z"
      },
      "type": "Feature"
    },
    {
      "geometry": {
        "coordinates": [
          -80.121185,
          8.39679
        ],
        "type": "Point"
      },
      "properties": {
        "configuration_id": "r1500_t06",
        "day_fraction": 0.0,
        "daynight_known_count": 2,
        "detection_count": 2,
        "duration_hours": 0.383333,
        "end_time_utc": "2025-04-02T06:58:00Z",
        "frp_max_mw": 0.95,
        "frp_mean_mw": 0.84,
        "frp_median_mw": 0.84,
        "frp_min_mw": 0.73,
        "frp_sum_mw": 1.68,
        "night_fraction": 1.0,
        "optical_cohort_status": "not_in_cohort",
        "possible_chain_merge": false,
        "public_event_id": "evt-0472",
        "satellite_count": 2,
        "satellites": [
          "N",
          "N20"
        ],
        "source_count": 2,
        "start_time_utc": "2025-04-02T06:35:00Z"
      },
      "type": "Feature"
    },
    {
      "geometry": {
        "coordinates": [
          -80.58855,
          8.15546
        ],
        "type": "Point"
      },
      "properties": {
        "configuration_id": "r1500_t06",
        "day_fraction": 0.0,
        "daynight_known_count": 1,
        "detection_count": 1,
        "duration_hours": 0.0,
        "end_time_utc": "2025-04-07T07:04:00Z",
        "frp_max_mw": 0.3,
        "frp_mean_mw": 0.3,
        "frp_median_mw": 0.3,
        "frp_min_mw": 0.3,
        "frp_sum_mw": 0.3,
        "night_fraction": 1.0,
        "optical_cohort_status": "not_in_cohort",
        "possible_chain_merge": false,
        "public_event_id": "evt-0473",
        "satellite_count": 1,
        "satellites": [
          "N20"
        ],
        "source_count": 1,
        "start_time_utc": "2025-04-07T07:04:00Z"
      },
      "type": "Feature"
    },
    {
      "geometry": {
        "coordinates": [
          -80.25387,
          8.8674
        ],
        "type": "Point"
      },
      "properties": {
        "configuration_id": "r1500_t06",
        "day_fraction": 1.0,
        "daynight_known_count": 2,
        "detection_count": 2,
        "duration_hours": 0.0,
        "end_time_utc": "2025-03-18T19:02:00Z",
        "frp_max_mw": 3.21,
        "frp_mean_mw": 3.125,
        "frp_median_mw": 3.125,
        "frp_min_mw": 3.04,
        "frp_sum_mw": 6.25,
        "night_fraction": 0.0,
        "optical_cohort_status": "not_in_cohort",
        "possible_chain_merge": false,
        "public_event_id": "evt-0474",
        "satellite_count": 1,
        "satellites": [
          "N"
        ],
        "source_count": 1,
        "start_time_utc": "2025-03-18T19:02:00Z"
      },
      "type": "Feature"
    },
    {
      "geometry": {
        "coordinates": [
          -80.19637,
          8.51521
        ],
        "type": "Point"
      },
      "properties": {
        "configuration_id": "r1500_t06",
        "day_fraction": 1.0,
        "daynight_known_count": 1,
        "detection_count": 1,
        "duration_hours": 0.0,
        "end_time_utc": "2025-04-27T18:12:00Z",
        "frp_max_mw": 3.57,
        "frp_mean_mw": 3.57,
        "frp_median_mw": 3.57,
        "frp_min_mw": 3.57,
        "frp_sum_mw": 3.57,
        "night_fraction": 0.0,
        "optical_cohort_status": "not_in_cohort",
        "possible_chain_merge": false,
        "public_event_id": "evt-0475",
        "satellite_count": 1,
        "satellites": [
          "N"
        ],
        "source_count": 1,
        "start_time_utc": "2025-04-27T18:12:00Z"
      },
      "type": "Feature"
    },
    {
      "geometry": {
        "coordinates": [
          -80.65197,
          8.39805
        ],
        "type": "Point"
      },
      "properties": {
        "configuration_id": "r1500_t06",
        "day_fraction": 1.0,
        "daynight_known_count": 1,
        "detection_count": 1,
        "duration_hours": 0.0,
        "end_time_utc": "2025-04-21T18:47:00Z",
        "frp_max_mw": 3.26,
        "frp_mean_mw": 3.26,
        "frp_median_mw": 3.26,
        "frp_min_mw": 3.26,
        "frp_sum_mw": 3.26,
        "night_fraction": 0.0,
        "optical_cohort_status": "not_in_cohort",
        "possible_chain_merge": false,
        "public_event_id": "evt-0476",
        "satellite_count": 1,
        "satellites": [
          "N20"
        ],
        "source_count": 1,
        "start_time_utc": "2025-04-21T18:47:00Z"
      },
      "type": "Feature"
    },
    {
      "geometry": {
        "coordinates": [
          -80.56303,
          8.18565
        ],
        "type": "Point"
      },
      "properties": {
        "configuration_id": "r1500_t06",
        "day_fraction": 1.0,
        "daynight_known_count": 1,
        "detection_count": 1,
        "duration_hours": 0.0,
        "end_time_utc": "2025-03-18T19:02:00Z",
        "frp_max_mw": 4.65,
        "frp_mean_mw": 4.65,
        "frp_median_mw": 4.65,
        "frp_min_mw": 4.65,
        "frp_sum_mw": 4.65,
        "night_fraction": 0.0,
        "optical_cohort_status": "not_in_cohort",
        "possible_chain_merge": false,
        "public_event_id": "evt-0477",
        "satellite_count": 1,
        "satellites": [
          "N"
        ],
        "source_count": 1,
        "start_time_utc": "2025-03-18T19:02:00Z"
      },
      "type": "Feature"
    },
    {
      "geometry": {
        "coordinates": [
          -80.464054,
          8.62114
        ],
        "type": "Point"
      },
      "properties": {
        "configuration_id": "r1500_t06",
        "day_fraction": 1.0,
        "daynight_known_count": 5,
        "detection_count": 5,
        "duration_hours": 1.666667,
        "end_time_utc": "2025-03-06T19:27:00Z",
        "frp_max_mw": 11.6,
        "frp_mean_mw": 8.612,
        "frp_median_mw": 8.17,
        "frp_min_mw": 4.67,
        "frp_sum_mw": 43.06,
        "night_fraction": 0.0,
        "optical_cohort_status": "not_in_cohort",
        "possible_chain_merge": false,
        "public_event_id": "evt-0478",
        "satellite_count": 2,
        "satellites": [
          "N",
          "N20"
        ],
        "source_count": 2,
        "start_time_utc": "2025-03-06T17:47:00Z"
      },
      "type": "Feature"
    },
    {
      "geometry": {
        "coordinates": [
          -80.57109,
          8.25861
        ],
        "type": "Point"
      },
      "properties": {
        "configuration_id": "r1500_t06",
        "day_fraction": 1.0,
        "daynight_known_count": 1,
        "detection_count": 1,
        "duration_hours": 0.0,
        "end_time_utc": "2025-02-04T18:50:00Z",
        "frp_max_mw": 5.32,
        "frp_mean_mw": 5.32,
        "frp_median_mw": 5.32,
        "frp_min_mw": 5.32,
        "frp_sum_mw": 5.32,
        "night_fraction": 0.0,
        "optical_cohort_status": "not_in_cohort",
        "possible_chain_merge": false,
        "public_event_id": "evt-0479",
        "satellite_count": 1,
        "satellites": [
          "N"
        ],
        "source_count": 1,
        "start_time_utc": "2025-02-04T18:50:00Z"
      },
      "type": "Feature"
    },
    {
      "geometry": {
        "coordinates": [
          -80.54865,
          8.19816
        ],
        "type": "Point"
      },
      "properties": {
        "configuration_id": "r1500_t06",
        "day_fraction": 0.0,
        "daynight_known_count": 1,
        "detection_count": 1,
        "duration_hours": 0.0,
        "end_time_utc": "2025-03-26T07:29:00Z",
        "frp_max_mw": 0.64,
        "frp_mean_mw": 0.64,
        "frp_median_mw": 0.64,
        "frp_min_mw": 0.64,
        "frp_sum_mw": 0.64,
        "night_fraction": 1.0,
        "optical_cohort_status": "not_in_cohort",
        "possible_chain_merge": false,
        "public_event_id": "evt-0480",
        "satellite_count": 1,
        "satellites": [
          "N20"
        ],
        "source_count": 1,
        "start_time_utc": "2025-03-26T07:29:00Z"
      },
      "type": "Feature"
    },
    {
      "geometry": {
        "coordinates": [
          -80.461817,
          8.345263
        ],
        "type": "Point"
      },
      "properties": {
        "configuration_id": "r1500_t06",
        "day_fraction": 0.0,
        "daynight_known_count": 3,
        "detection_count": 3,
        "duration_hours": 0.366667,
        "end_time_utc": "2025-04-18T06:58:00Z",
        "frp_max_mw": 3.52,
        "frp_mean_mw": 1.773333,
        "frp_median_mw": 1.29,
        "frp_min_mw": 0.51,
        "frp_sum_mw": 5.32,
        "night_fraction": 1.0,
        "optical_cohort_status": "not_in_cohort",
        "possible_chain_merge": false,
        "public_event_id": "evt-0481",
        "satellite_count": 2,
        "satellites": [
          "N",
          "N20"
        ],
        "source_count": 2,
        "start_time_utc": "2025-04-18T06:36:00Z"
      },
      "type": "Feature"
    },
    {
      "geometry": {
        "coordinates": [
          -80.5024,
          8.318065
        ],
        "type": "Point"
      },
      "properties": {
        "configuration_id": "r1500_t06",
        "day_fraction": 0.0,
        "daynight_known_count": 2,
        "detection_count": 2,
        "duration_hours": 0.0,
        "end_time_utc": "2025-04-24T06:46:00Z",
        "frp_max_mw": 8.48,
        "frp_mean_mw": 8.48,
        "frp_median_mw": 8.48,
        "frp_min_mw": 8.48,
        "frp_sum_mw": 16.96,
        "night_fraction": 1.0,
        "optical_cohort_status": "not_in_cohort",
        "possible_chain_merge": false,
        "public_event_id": "evt-0482",
        "satellite_count": 1,
        "satellites": [
          "N20"
        ],
        "source_count": 1,
        "start_time_utc": "2025-04-24T06:46:00Z"
      },
      "type": "Feature"
    },
    {
      "geometry": {
        "coordinates": [
          -80.66154,
          8.55075
        ],
        "type": "Point"
      },
      "properties": {
        "configuration_id": "r1500_t06",
        "day_fraction": 1.0,
        "daynight_known_count": 1,
        "detection_count": 1,
        "duration_hours": 0.0,
        "end_time_utc": "2025-04-08T19:08:00Z",
        "frp_max_mw": 3.91,
        "frp_mean_mw": 3.91,
        "frp_median_mw": 3.91,
        "frp_min_mw": 3.91,
        "frp_sum_mw": 3.91,
        "night_fraction": 0.0,
        "optical_cohort_status": "not_in_cohort",
        "possible_chain_merge": false,
        "public_event_id": "evt-0483",
        "satellite_count": 1,
        "satellites": [
          "N"
        ],
        "source_count": 1,
        "start_time_utc": "2025-04-08T19:08:00Z"
      },
      "type": "Feature"
    },
    {
      "geometry": {
        "coordinates": [
          -80.34786,
          8.36678
        ],
        "type": "Point"
      },
      "properties": {
        "configuration_id": "r1500_t06",
        "day_fraction": 1.0,
        "daynight_known_count": 1,
        "detection_count": 1,
        "duration_hours": 0.0,
        "end_time_utc": "2025-02-28T18:22:00Z",
        "frp_max_mw": 3.81,
        "frp_mean_mw": 3.81,
        "frp_median_mw": 3.81,
        "frp_min_mw": 3.81,
        "frp_sum_mw": 3.81,
        "night_fraction": 0.0,
        "optical_cohort_status": "not_in_cohort",
        "possible_chain_merge": false,
        "public_event_id": "evt-0484",
        "satellite_count": 1,
        "satellites": [
          "N20"
        ],
        "source_count": 1,
        "start_time_utc": "2025-02-28T18:22:00Z"
      },
      "type": "Feature"
    },
    {
      "geometry": {
        "coordinates": [
          -80.1796,
          8.79432
        ],
        "type": "Point"
      },
      "properties": {
        "configuration_id": "r1500_t06",
        "day_fraction": 1.0,
        "daynight_known_count": 1,
        "detection_count": 1,
        "duration_hours": 0.0,
        "end_time_utc": "2025-03-20T18:47:00Z",
        "frp_max_mw": 4.35,
        "frp_mean_mw": 4.35,
        "frp_median_mw": 4.35,
        "frp_min_mw": 4.35,
        "frp_sum_mw": 4.35,
        "night_fraction": 0.0,
        "optical_cohort_status": "not_in_cohort",
        "possible_chain_merge": false,
        "public_event_id": "evt-0485",
        "satellite_count": 1,
        "satellites": [
          "N20"
        ],
        "source_count": 1,
        "start_time_utc": "2025-03-20T18:47:00Z"
      },
      "type": "Feature"
    },
    {
      "geometry": {
        "coordinates": [
          -80.4005,
          8.3821
        ],
        "type": "Point"
      },
      "properties": {
        "configuration_id": "r1500_t06",
        "day_fraction": 1.0,
        "daynight_known_count": 1,
        "detection_count": 1,
        "duration_hours": 0.0,
        "end_time_utc": "2025-02-26T19:00:00Z",
        "frp_max_mw": 8.15,
        "frp_mean_mw": 8.15,
        "frp_median_mw": 8.15,
        "frp_min_mw": 8.15,
        "frp_sum_mw": 8.15,
        "night_fraction": 0.0,
        "optical_cohort_status": "not_in_cohort",
        "possible_chain_merge": false,
        "public_event_id": "evt-0486",
        "satellite_count": 1,
        "satellites": [
          "N20"
        ],
        "source_count": 1,
        "start_time_utc": "2025-02-26T19:00:00Z"
      },
      "type": "Feature"
    },
    {
      "geometry": {
        "coordinates": [
          -80.29666,
          8.474182
        ],
        "type": "Point"
      },
      "properties": {
        "configuration_id": "r1500_t06",
        "day_fraction": 1.0,
        "daynight_known_count": 4,
        "detection_count": 4,
        "duration_hours": 0.366667,
        "end_time_utc": "2025-04-25T19:12:00Z",
        "frp_max_mw": 5.71,
        "frp_mean_mw": 5.575,
        "frp_median_mw": 5.71,
        "frp_min_mw": 5.17,
        "frp_sum_mw": 22.3,
        "night_fraction": 0.0,
        "optical_cohort_status": "not_in_cohort",
        "possible_chain_merge": false,
        "public_event_id": "evt-0487",
        "satellite_count": 2,
        "satellites": [
          "N",
          "N20"
        ],
        "source_count": 2,
        "start_time_utc": "2025-04-25T18:50:00Z"
      },
      "type": "Feature"
    },
    {
      "geometry": {
        "coordinates": [
          -80.31277,
          8.77412
        ],
        "type": "Point"
      },
      "properties": {
        "configuration_id": "r1500_t06",
        "day_fraction": 1.0,
        "daynight_known_count": 1,
        "detection_count": 1,
        "duration_hours": 0.0,
        "end_time_utc": "2025-03-18T19:02:00Z",
        "frp_max_mw": 3.36,
        "frp_mean_mw": 3.36,
        "frp_median_mw": 3.36,
        "frp_min_mw": 3.36,
        "frp_sum_mw": 3.36,
        "night_fraction": 0.0,
        "optical_cohort_status": "not_in_cohort",
        "possible_chain_merge": false,
        "public_event_id": "evt-0488",
        "satellite_count": 1,
        "satellites": [
          "N"
        ],
        "source_count": 1,
        "start_time_utc": "2025-03-18T19:02:00Z"
      },
      "type": "Feature"
    },
    {
      "geometry": {
        "coordinates": [
          -80.54859,
          8.19501
        ],
        "type": "Point"
      },
      "properties": {
        "configuration_id": "r1500_t06",
        "day_fraction": 1.0,
        "daynight_known_count": 1,
        "detection_count": 1,
        "duration_hours": 0.0,
        "end_time_utc": "2025-01-22T18:16:00Z",
        "frp_max_mw": 3.39,
        "frp_mean_mw": 3.39,
        "frp_median_mw": 3.39,
        "frp_min_mw": 3.39,
        "frp_sum_mw": 3.39,
        "night_fraction": 0.0,
        "optical_cohort_status": "not_in_cohort",
        "possible_chain_merge": false,
        "public_event_id": "evt-0489",
        "satellite_count": 1,
        "satellites": [
          "N20"
        ],
        "source_count": 1,
        "start_time_utc": "2025-01-22T18:16:00Z"
      },
      "type": "Feature"
    },
    {
      "geometry": {
        "coordinates": [
          -80.59583,
          8.48865
        ],
        "type": "Point"
      },
      "properties": {
        "configuration_id": "r1500_t06",
        "day_fraction": 1.0,
        "daynight_known_count": 1,
        "detection_count": 1,
        "duration_hours": 0.0,
        "end_time_utc": "2025-04-25T18:50:00Z",
        "frp_max_mw": 18.56,
        "frp_mean_mw": 18.56,
        "frp_median_mw": 18.56,
        "frp_min_mw": 18.56,
        "frp_sum_mw": 18.56,
        "night_fraction": 0.0,
        "optical_cohort_status": "not_in_cohort",
        "possible_chain_merge": false,
        "public_event_id": "evt-0490",
        "satellite_count": 1,
        "satellites": [
          "N"
        ],
        "source_count": 1,
        "start_time_utc": "2025-04-25T18:50:00Z"
      },
      "type": "Feature"
    },
    {
      "geometry": {
        "coordinates": [
          -80.6493,
          8.59587
        ],
        "type": "Point"
      },
      "properties": {
        "configuration_id": "r1500_t06",
        "day_fraction": 1.0,
        "daynight_known_count": 1,
        "detection_count": 1,
        "duration_hours": 0.0,
        "end_time_utc": "2025-03-19T19:06:00Z",
        "frp_max_mw": 11.13,
        "frp_mean_mw": 11.13,
        "frp_median_mw": 11.13,
        "frp_min_mw": 11.13,
        "frp_sum_mw": 11.13,
        "night_fraction": 0.0,
        "optical_cohort_status": "not_in_cohort",
        "possible_chain_merge": false,
        "public_event_id": "evt-0491",
        "satellite_count": 1,
        "satellites": [
          "N20"
        ],
        "source_count": 1,
        "start_time_utc": "2025-03-19T19:06:00Z"
      },
      "type": "Feature"
    },
    {
      "geometry": {
        "coordinates": [
          -80.31045,
          8.46064
        ],
        "type": "Point"
      },
      "properties": {
        "configuration_id": "r1500_t06",
        "day_fraction": 1.0,
        "daynight_known_count": 2,
        "detection_count": 2,
        "duration_hours": 0.0,
        "end_time_utc": "2025-04-13T19:15:00Z",
        "frp_max_mw": 6.71,
        "frp_mean_mw": 5.76,
        "frp_median_mw": 5.76,
        "frp_min_mw": 4.81,
        "frp_sum_mw": 11.52,
        "night_fraction": 0.0,
        "optical_cohort_status": "not_in_cohort",
        "possible_chain_merge": false,
        "public_event_id": "evt-0492",
        "satellite_count": 1,
        "satellites": [
          "N"
        ],
        "source_count": 1,
        "start_time_utc": "2025-04-13T19:15:00Z"
      },
      "type": "Feature"
    },
    {
      "geometry": {
        "coordinates": [
          -80.523825,
          8.30846
        ],
        "type": "Point"
      },
      "properties": {
        "configuration_id": "r1500_t06",
        "day_fraction": 0.0,
        "daynight_known_count": 2,
        "detection_count": 2,
        "duration_hours": 0.0,
        "end_time_utc": "2025-03-14T07:32:00Z",
        "frp_max_mw": 0.67,
        "frp_mean_mw": 0.67,
        "frp_median_mw": 0.67,
        "frp_min_mw": 0.67,
        "frp_sum_mw": 1.34,
        "night_fraction": 1.0,
        "optical_cohort_status": "not_in_cohort",
        "possible_chain_merge": false,
        "public_event_id": "evt-0493",
        "satellite_count": 1,
        "satellites": [
          "N"
        ],
        "source_count": 1,
        "start_time_utc": "2025-03-14T07:32:00Z"
      },
      "type": "Feature"
    },
    {
      "geometry": {
        "coordinates": [
          -80.22468,
          8.69317
        ],
        "type": "Point"
      },
      "properties": {
        "configuration_id": "r1500_t06",
        "day_fraction": 1.0,
        "daynight_known_count": 1,
        "detection_count": 1,
        "duration_hours": 0.0,
        "end_time_utc": "2025-04-09T19:12:00Z",
        "frp_max_mw": 6.4,
        "frp_mean_mw": 6.4,
        "frp_median_mw": 6.4,
        "frp_min_mw": 6.4,
        "frp_sum_mw": 6.4,
        "night_fraction": 0.0,
        "optical_cohort_status": "not_in_cohort",
        "possible_chain_merge": false,
        "public_event_id": "evt-0494",
        "satellite_count": 1,
        "satellites": [
          "N20"
        ],
        "source_count": 1,
        "start_time_utc": "2025-04-09T19:12:00Z"
      },
      "type": "Feature"
    },
    {
      "geometry": {
        "coordinates": [
          -80.6276,
          8.44033
        ],
        "type": "Point"
      },
      "properties": {
        "configuration_id": "r1500_t06",
        "day_fraction": 1.0,
        "daynight_known_count": 1,
        "detection_count": 1,
        "duration_hours": 0.0,
        "end_time_utc": "2025-02-11T18:18:00Z",
        "frp_max_mw": 3.95,
        "frp_mean_mw": 3.95,
        "frp_median_mw": 3.95,
        "frp_min_mw": 3.95,
        "frp_sum_mw": 3.95,
        "night_fraction": 0.0,
        "optical_cohort_status": "not_in_cohort",
        "possible_chain_merge": false,
        "public_event_id": "evt-0495",
        "satellite_count": 1,
        "satellites": [
          "N"
        ],
        "source_count": 1,
        "start_time_utc": "2025-02-11T18:18:00Z"
      },
      "type": "Feature"
    },
    {
      "geometry": {
        "coordinates": [
          -80.53415,
          8.49255
        ],
        "type": "Point"
      },
      "properties": {
        "configuration_id": "r1500_t06",
        "day_fraction": 1.0,
        "daynight_known_count": 1,
        "detection_count": 1,
        "duration_hours": 0.0,
        "end_time_utc": "2025-02-28T18:22:00Z",
        "frp_max_mw": 7.07,
        "frp_mean_mw": 7.07,
        "frp_median_mw": 7.07,
        "frp_min_mw": 7.07,
        "frp_sum_mw": 7.07,
        "night_fraction": 0.0,
        "optical_cohort_status": "observable",
        "possible_chain_merge": false,
        "public_event_id": "evt-0496",
        "satellite_count": 1,
        "satellites": [
          "N20"
        ],
        "source_count": 1,
        "start_time_utc": "2025-02-28T18:22:00Z"
      },
      "type": "Feature"
    },
    {
      "geometry": {
        "coordinates": [
          -80.494655,
          8.586845
        ],
        "type": "Point"
      },
      "properties": {
        "configuration_id": "r1500_t06",
        "day_fraction": 1.0,
        "daynight_known_count": 2,
        "detection_count": 2,
        "duration_hours": 0.366667,
        "end_time_utc": "2025-04-09T19:12:00Z",
        "frp_max_mw": 6.7,
        "frp_mean_mw": 5.0,
        "frp_median_mw": 5.0,
        "frp_min_mw": 3.3,
        "frp_sum_mw": 10.0,
        "night_fraction": 0.0,
        "optical_cohort_status": "not_in_cohort",
        "possible_chain_merge": false,
        "public_event_id": "evt-0497",
        "satellite_count": 2,
        "satellites": [
          "N",
          "N20"
        ],
        "source_count": 2,
        "start_time_utc": "2025-04-09T18:50:00Z"
      },
      "type": "Feature"
    },
    {
      "geometry": {
        "coordinates": [
          -80.33271,
          8.531385
        ],
        "type": "Point"
      },
      "properties": {
        "configuration_id": "r1500_t06",
        "day_fraction": 1.0,
        "daynight_known_count": 2,
        "detection_count": 2,
        "duration_hours": 0.0,
        "end_time_utc": "2025-03-26T18:11:00Z",
        "frp_max_mw": 6.52,
        "frp_mean_mw": 5.125,
        "frp_median_mw": 5.125,
        "frp_min_mw": 3.73,
        "frp_sum_mw": 10.25,
        "night_fraction": 0.0,
        "optical_cohort_status": "not_in_cohort",
        "possible_chain_merge": false,
        "public_event_id": "evt-0498",
        "satellite_count": 1,
        "satellites": [
          "N"
        ],
        "source_count": 1,
        "start_time_utc": "2025-03-26T18:11:00Z"
      },
      "type": "Feature"
    },
    {
      "geometry": {
        "coordinates": [
          -80.50321,
          8.31497
        ],
        "type": "Point"
      },
      "properties": {
        "configuration_id": "r1500_t06",
        "day_fraction": 1.0,
        "daynight_known_count": 1,
        "detection_count": 1,
        "duration_hours": 0.0,
        "end_time_utc": "2025-04-26T18:53:00Z",
        "frp_max_mw": 6.06,
        "frp_mean_mw": 6.06,
        "frp_median_mw": 6.06,
        "frp_min_mw": 6.06,
        "frp_sum_mw": 6.06,
        "night_fraction": 0.0,
        "optical_cohort_status": "not_in_cohort",
        "possible_chain_merge": false,
        "public_event_id": "evt-0499",
        "satellite_count": 1,
        "satellites": [
          "N20"
        ],
        "source_count": 1,
        "start_time_utc": "2025-04-26T18:53:00Z"
      },
      "type": "Feature"
    },
    {
      "geometry": {
        "coordinates": [
          -80.38213,
          8.49688
        ],
        "type": "Point"
      },
      "properties": {
        "configuration_id": "r1500_t06",
        "day_fraction": 0.0,
        "daynight_known_count": 1,
        "detection_count": 1,
        "duration_hours": 0.0,
        "end_time_utc": "2025-02-18T07:05:00Z",
        "frp_max_mw": 1.17,
        "frp_mean_mw": 1.17,
        "frp_median_mw": 1.17,
        "frp_min_mw": 1.17,
        "frp_sum_mw": 1.17,
        "night_fraction": 1.0,
        "optical_cohort_status": "not_in_cohort",
        "possible_chain_merge": false,
        "public_event_id": "evt-0500",
        "satellite_count": 1,
        "satellites": [
          "N20"
        ],
        "source_count": 1,
        "start_time_utc": "2025-02-18T07:05:00Z"
      },
      "type": "Feature"
    },
    {
      "geometry": {
        "coordinates": [
          -80.37487,
          8.85485
        ],
        "type": "Point"
      },
      "properties": {
        "configuration_id": "r1500_t06",
        "day_fraction": 1.0,
        "daynight_known_count": 1,
        "detection_count": 1,
        "duration_hours": 0.0,
        "end_time_utc": "2025-04-16T18:41:00Z",
        "frp_max_mw": 4.08,
        "frp_mean_mw": 4.08,
        "frp_median_mw": 4.08,
        "frp_min_mw": 4.08,
        "frp_sum_mw": 4.08,
        "night_fraction": 0.0,
        "optical_cohort_status": "not_in_cohort",
        "possible_chain_merge": false,
        "public_event_id": "evt-0501",
        "satellite_count": 1,
        "satellites": [
          "N20"
        ],
        "source_count": 1,
        "start_time_utc": "2025-04-16T18:41:00Z"
      },
      "type": "Feature"
    },
    {
      "geometry": {
        "coordinates": [
          -80.14449,
          8.75575
        ],
        "type": "Point"
      },
      "properties": {
        "configuration_id": "r1500_t06",
        "day_fraction": 1.0,
        "daynight_known_count": 1,
        "detection_count": 1,
        "duration_hours": 0.0,
        "end_time_utc": "2025-04-08T19:08:00Z",
        "frp_max_mw": 6.74,
        "frp_mean_mw": 6.74,
        "frp_median_mw": 6.74,
        "frp_min_mw": 6.74,
        "frp_sum_mw": 6.74,
        "night_fraction": 0.0,
        "optical_cohort_status": "not_in_cohort",
        "possible_chain_merge": false,
        "public_event_id": "evt-0502",
        "satellite_count": 1,
        "satellites": [
          "N"
        ],
        "source_count": 1,
        "start_time_utc": "2025-04-08T19:08:00Z"
      },
      "type": "Feature"
    },
    {
      "geometry": {
        "coordinates": [
          -80.16792,
          8.82772
        ],
        "type": "Point"
      },
      "properties": {
        "configuration_id": "r1500_t06",
        "day_fraction": 1.0,
        "daynight_known_count": 1,
        "detection_count": 1,
        "duration_hours": 0.0,
        "end_time_utc": "2025-03-29T19:18:00Z",
        "frp_max_mw": 8.23,
        "frp_mean_mw": 8.23,
        "frp_median_mw": 8.23,
        "frp_min_mw": 8.23,
        "frp_sum_mw": 8.23,
        "night_fraction": 0.0,
        "optical_cohort_status": "not_in_cohort",
        "possible_chain_merge": false,
        "public_event_id": "evt-0503",
        "satellite_count": 1,
        "satellites": [
          "N20"
        ],
        "source_count": 1,
        "start_time_utc": "2025-03-29T19:18:00Z"
      },
      "type": "Feature"
    },
    {
      "geometry": {
        "coordinates": [
          -80.64886,
          8.58217
        ],
        "type": "Point"
      },
      "properties": {
        "configuration_id": "r1500_t06",
        "day_fraction": 1.0,
        "daynight_known_count": 1,
        "detection_count": 1,
        "duration_hours": 0.0,
        "end_time_utc": "2025-04-15T19:00:00Z",
        "frp_max_mw": 4.41,
        "frp_mean_mw": 4.41,
        "frp_median_mw": 4.41,
        "frp_min_mw": 4.41,
        "frp_sum_mw": 4.41,
        "night_fraction": 0.0,
        "optical_cohort_status": "not_in_cohort",
        "possible_chain_merge": false,
        "public_event_id": "evt-0504",
        "satellite_count": 1,
        "satellites": [
          "N20"
        ],
        "source_count": 1,
        "start_time_utc": "2025-04-15T19:00:00Z"
      },
      "type": "Feature"
    },
    {
      "geometry": {
        "coordinates": [
          -80.772855,
          8.47625
        ],
        "type": "Point"
      },
      "properties": {
        "configuration_id": "r1500_t06",
        "day_fraction": 1.0,
        "daynight_known_count": 2,
        "detection_count": 2,
        "duration_hours": 0.0,
        "end_time_utc": "2025-04-14T18:56:00Z",
        "frp_max_mw": 9.88,
        "frp_mean_mw": 9.575,
        "frp_median_mw": 9.575,
        "frp_min_mw": 9.27,
        "frp_sum_mw": 19.15,
        "night_fraction": 0.0,
        "optical_cohort_status": "not_in_cohort",
        "possible_chain_merge": false,
        "public_event_id": "evt-0505",
        "satellite_count": 1,
        "satellites": [
          "N"
        ],
        "source_count": 1,
        "start_time_utc": "2025-04-14T18:56:00Z"
      },
      "type": "Feature"
    },
    {
      "geometry": {
        "coordinates": [
          -80.39422,
          8.62928
        ],
        "type": "Point"
      },
      "properties": {
        "configuration_id": "r1500_t06",
        "day_fraction": 1.0,
        "daynight_known_count": 1,
        "detection_count": 1,
        "duration_hours": 0.0,
        "end_time_utc": "2025-04-25T18:50:00Z",
        "frp_max_mw": 5.58,
        "frp_mean_mw": 5.58,
        "frp_median_mw": 5.58,
        "frp_min_mw": 5.58,
        "frp_sum_mw": 5.58,
        "night_fraction": 0.0,
        "optical_cohort_status": "not_in_cohort",
        "possible_chain_merge": false,
        "public_event_id": "evt-0506",
        "satellite_count": 1,
        "satellites": [
          "N"
        ],
        "source_count": 1,
        "start_time_utc": "2025-04-25T18:50:00Z"
      },
      "type": "Feature"
    },
    {
      "geometry": {
        "coordinates": [
          -80.2002,
          8.77672
        ],
        "type": "Point"
      },
      "properties": {
        "configuration_id": "r1500_t06",
        "day_fraction": 1.0,
        "daynight_known_count": 1,
        "detection_count": 1,
        "duration_hours": 0.0,
        "end_time_utc": "2025-03-15T18:18:00Z",
        "frp_max_mw": 3.53,
        "frp_mean_mw": 3.53,
        "frp_median_mw": 3.53,
        "frp_min_mw": 3.53,
        "frp_sum_mw": 3.53,
        "night_fraction": 0.0,
        "optical_cohort_status": "not_in_cohort",
        "possible_chain_merge": false,
        "public_event_id": "evt-0507",
        "satellite_count": 1,
        "satellites": [
          "N"
        ],
        "source_count": 1,
        "start_time_utc": "2025-03-15T18:18:00Z"
      },
      "type": "Feature"
    },
    {
      "geometry": {
        "coordinates": [
          -80.328425,
          8.73415
        ],
        "type": "Point"
      },
      "properties": {
        "configuration_id": "r1500_t06",
        "day_fraction": 1.0,
        "daynight_known_count": 2,
        "detection_count": 2,
        "duration_hours": 0.0,
        "end_time_utc": "2025-03-12T19:15:00Z",
        "frp_max_mw": 3.37,
        "frp_mean_mw": 2.495,
        "frp_median_mw": 2.495,
        "frp_min_mw": 1.62,
        "frp_sum_mw": 4.99,
        "night_fraction": 0.0,
        "optical_cohort_status": "not_in_cohort",
        "possible_chain_merge": false,
        "public_event_id": "evt-0508",
        "satellite_count": 1,
        "satellites": [
          "N"
        ],
        "source_count": 1,
        "start_time_utc": "2025-03-12T19:15:00Z"
      },
      "type": "Feature"
    },
    {
      "geometry": {
        "coordinates": [
          -80.30646,
          8.42369
        ],
        "type": "Point"
      },
      "properties": {
        "configuration_id": "r1500_t06",
        "day_fraction": 1.0,
        "daynight_known_count": 1,
        "detection_count": 1,
        "duration_hours": 0.0,
        "end_time_utc": "2025-04-19T19:02:00Z",
        "frp_max_mw": 3.42,
        "frp_mean_mw": 3.42,
        "frp_median_mw": 3.42,
        "frp_min_mw": 3.42,
        "frp_sum_mw": 3.42,
        "night_fraction": 0.0,
        "optical_cohort_status": "not_in_cohort",
        "possible_chain_merge": false,
        "public_event_id": "evt-0509",
        "satellite_count": 1,
        "satellites": [
          "N"
        ],
        "source_count": 1,
        "start_time_utc": "2025-04-19T19:02:00Z"
      },
      "type": "Feature"
    },
    {
      "geometry": {
        "coordinates": [
          -80.69481,
          8.57407
        ],
        "type": "Point"
      },
      "properties": {
        "configuration_id": "r1500_t06",
        "day_fraction": 1.0,
        "daynight_known_count": 1,
        "detection_count": 1,
        "duration_hours": 0.0,
        "end_time_utc": "2025-03-17T18:03:00Z",
        "frp_max_mw": 2.75,
        "frp_mean_mw": 2.75,
        "frp_median_mw": 2.75,
        "frp_min_mw": 2.75,
        "frp_sum_mw": 2.75,
        "night_fraction": 0.0,
        "optical_cohort_status": "not_in_cohort",
        "possible_chain_merge": false,
        "public_event_id": "evt-0510",
        "satellite_count": 1,
        "satellites": [
          "N20"
        ],
        "source_count": 1,
        "start_time_utc": "2025-03-17T18:03:00Z"
      },
      "type": "Feature"
    },
    {
      "geometry": {
        "coordinates": [
          -80.34637,
          8.78801
        ],
        "type": "Point"
      },
      "properties": {
        "configuration_id": "r1500_t06",
        "day_fraction": 1.0,
        "daynight_known_count": 1,
        "detection_count": 1,
        "duration_hours": 0.0,
        "end_time_utc": "2025-04-01T18:22:00Z",
        "frp_max_mw": 3.58,
        "frp_mean_mw": 3.58,
        "frp_median_mw": 3.58,
        "frp_min_mw": 3.58,
        "frp_sum_mw": 3.58,
        "night_fraction": 0.0,
        "optical_cohort_status": "not_in_cohort",
        "possible_chain_merge": false,
        "public_event_id": "evt-0511",
        "satellite_count": 1,
        "satellites": [
          "N20"
        ],
        "source_count": 1,
        "start_time_utc": "2025-04-01T18:22:00Z"
      },
      "type": "Feature"
    },
    {
      "geometry": {
        "coordinates": [
          -80.383046,
          8.532886
        ],
        "type": "Point"
      },
      "properties": {
        "configuration_id": "r1500_t06",
        "day_fraction": 1.0,
        "daynight_known_count": 5,
        "detection_count": 5,
        "duration_hours": 0.366667,
        "end_time_utc": "2025-01-15T18:47:00Z",
        "frp_max_mw": 10.12,
        "frp_mean_mw": 8.228,
        "frp_median_mw": 9.55,
        "frp_min_mw": 2.22,
        "frp_sum_mw": 41.14,
        "night_fraction": 0.0,
        "optical_cohort_status": "not_in_cohort",
        "possible_chain_merge": false,
        "public_event_id": "evt-0512",
        "satellite_count": 2,
        "satellites": [
          "N",
          "N20"
        ],
        "source_count": 2,
        "start_time_utc": "2025-01-15T18:25:00Z"
      },
      "type": "Feature"
    },
    {
      "geometry": {
        "coordinates": [
          -80.67352,
          8.27732
        ],
        "type": "Point"
      },
      "properties": {
        "configuration_id": "r1500_t06",
        "day_fraction": 1.0,
        "daynight_known_count": 1,
        "detection_count": 1,
        "duration_hours": 0.0,
        "end_time_utc": "2025-03-20T18:47:00Z",
        "frp_max_mw": 3.99,
        "frp_mean_mw": 3.99,
        "frp_median_mw": 3.99,
        "frp_min_mw": 3.99,
        "frp_sum_mw": 3.99,
        "night_fraction": 0.0,
        "optical_cohort_status": "not_in_cohort",
        "possible_chain_merge": false,
        "public_event_id": "evt-0513",
        "satellite_count": 1,
        "satellites": [
          "N20"
        ],
        "source_count": 1,
        "start_time_utc": "2025-03-20T18:47:00Z"
      },
      "type": "Feature"
    },
    {
      "geometry": {
        "coordinates": [
          -80.59662,
          8.47644
        ],
        "type": "Point"
      },
      "properties": {
        "configuration_id": "r1500_t06",
        "day_fraction": 1.0,
        "daynight_known_count": 1,
        "detection_count": 1,
        "duration_hours": 0.0,
        "end_time_utc": "2025-04-15T18:37:00Z",
        "frp_max_mw": 2.16,
        "frp_mean_mw": 2.16,
        "frp_median_mw": 2.16,
        "frp_min_mw": 2.16,
        "frp_sum_mw": 2.16,
        "night_fraction": 0.0,
        "optical_cohort_status": "observable",
        "possible_chain_merge": false,
        "public_event_id": "evt-0514",
        "satellite_count": 1,
        "satellites": [
          "N"
        ],
        "source_count": 1,
        "start_time_utc": "2025-04-15T18:37:00Z"
      },
      "type": "Feature"
    },
    {
      "geometry": {
        "coordinates": [
          -80.706095,
          8.413595
        ],
        "type": "Point"
      },
      "properties": {
        "configuration_id": "r1500_t06",
        "day_fraction": 1.0,
        "daynight_known_count": 2,
        "detection_count": 2,
        "duration_hours": 0.0,
        "end_time_utc": "2025-04-09T18:50:00Z",
        "frp_max_mw": 4.08,
        "frp_mean_mw": 3.785,
        "frp_median_mw": 3.785,
        "frp_min_mw": 3.49,
        "frp_sum_mw": 7.57,
        "night_fraction": 0.0,
        "optical_cohort_status": "not_in_cohort",
        "possible_chain_merge": false,
        "public_event_id": "evt-0515",
        "satellite_count": 1,
        "satellites": [
          "N"
        ],
        "source_count": 1,
        "start_time_utc": "2025-04-09T18:50:00Z"
      },
      "type": "Feature"
    },
    {
      "geometry": {
        "coordinates": [
          -80.1776,
          8.85381
        ],
        "type": "Point"
      },
      "properties": {
        "configuration_id": "r1500_t06",
        "day_fraction": 1.0,
        "daynight_known_count": 1,
        "detection_count": 1,
        "duration_hours": 0.0,
        "end_time_utc": "2025-04-01T18:22:00Z",
        "frp_max_mw": 11.0,
        "frp_mean_mw": 11.0,
        "frp_median_mw": 11.0,
        "frp_min_mw": 11.0,
        "frp_sum_mw": 11.0,
        "night_fraction": 0.0,
        "optical_cohort_status": "not_in_cohort",
        "possible_chain_merge": false,
        "public_event_id": "evt-0516",
        "satellite_count": 1,
        "satellites": [
          "N20"
        ],
        "source_count": 1,
        "start_time_utc": "2025-04-01T18:22:00Z"
      },
      "type": "Feature"
    },
    {
      "geometry": {
        "coordinates": [
          -80.66512,
          8.55567
        ],
        "type": "Point"
      },
      "properties": {
        "configuration_id": "r1500_t06",
        "day_fraction": 1.0,
        "daynight_known_count": 1,
        "detection_count": 1,
        "duration_hours": 0.0,
        "end_time_utc": "2025-03-31T18:18:00Z",
        "frp_max_mw": 6.44,
        "frp_mean_mw": 6.44,
        "frp_median_mw": 6.44,
        "frp_min_mw": 6.44,
        "frp_sum_mw": 6.44,
        "night_fraction": 0.0,
        "optical_cohort_status": "not_in_cohort",
        "possible_chain_merge": false,
        "public_event_id": "evt-0517",
        "satellite_count": 1,
        "satellites": [
          "N"
        ],
        "source_count": 1,
        "start_time_utc": "2025-03-31T18:18:00Z"
      },
      "type": "Feature"
    },
    {
      "geometry": {
        "coordinates": [
          -80.4293,
          8.43435
        ],
        "type": "Point"
      },
      "properties": {
        "configuration_id": "r1500_t06",
        "day_fraction": 1.0,
        "daynight_known_count": 1,
        "detection_count": 1,
        "duration_hours": 0.0,
        "end_time_utc": "2025-04-13T19:15:00Z",
        "frp_max_mw": 4.12,
        "frp_mean_mw": 4.12,
        "frp_median_mw": 4.12,
        "frp_min_mw": 4.12,
        "frp_sum_mw": 4.12,
        "night_fraction": 0.0,
        "optical_cohort_status": "not_in_cohort",
        "possible_chain_merge": false,
        "public_event_id": "evt-0518",
        "satellite_count": 1,
        "satellites": [
          "N"
        ],
        "source_count": 1,
        "start_time_utc": "2025-04-13T19:15:00Z"
      },
      "type": "Feature"
    },
    {
      "geometry": {
        "coordinates": [
          -80.46471,
          8.39432
        ],
        "type": "Point"
      },
      "properties": {
        "configuration_id": "r1500_t06",
        "day_fraction": 0.0,
        "daynight_known_count": 1,
        "detection_count": 1,
        "duration_hours": 0.0,
        "end_time_utc": "2025-03-06T07:05:00Z",
        "frp_max_mw": 16.61,
        "frp_mean_mw": 16.61,
        "frp_median_mw": 16.61,
        "frp_min_mw": 16.61,
        "frp_sum_mw": 16.61,
        "night_fraction": 1.0,
        "optical_cohort_status": "not_in_cohort",
        "possible_chain_merge": false,
        "public_event_id": "evt-0519",
        "satellite_count": 1,
        "satellites": [
          "N20"
        ],
        "source_count": 1,
        "start_time_utc": "2025-03-06T07:05:00Z"
      },
      "type": "Feature"
    },
    {
      "geometry": {
        "coordinates": [
          -80.19527,
          8.794
        ],
        "type": "Point"
      },
      "properties": {
        "configuration_id": "r1500_t06",
        "day_fraction": 1.0,
        "daynight_known_count": 1,
        "detection_count": 1,
        "duration_hours": 0.0,
        "end_time_utc": "2025-03-27T18:15:00Z",
        "frp_max_mw": 2.98,
        "frp_mean_mw": 2.98,
        "frp_median_mw": 2.98,
        "frp_min_mw": 2.98,
        "frp_sum_mw": 2.98,
        "night_fraction": 0.0,
        "optical_cohort_status": "not_in_cohort",
        "possible_chain_merge": false,
        "public_event_id": "evt-0520",
        "satellite_count": 1,
        "satellites": [
          "N20"
        ],
        "source_count": 1,
        "start_time_utc": "2025-03-27T18:15:00Z"
      },
      "type": "Feature"
    },
    {
      "geometry": {
        "coordinates": [
          -80.221245,
          8.818225
        ],
        "type": "Point"
      },
      "properties": {
        "configuration_id": "r1500_t06",
        "day_fraction": 1.0,
        "daynight_known_count": 2,
        "detection_count": 2,
        "duration_hours": 0.0,
        "end_time_utc": "2025-04-16T18:18:00Z",
        "frp_max_mw": 3.82,
        "frp_mean_mw": 3.82,
        "frp_median_mw": 3.82,
        "frp_min_mw": 3.82,
        "frp_sum_mw": 7.64,
        "night_fraction": 0.0,
        "optical_cohort_status": "not_in_cohort",
        "possible_chain_merge": false,
        "public_event_id": "evt-0521",
        "satellite_count": 1,
        "satellites": [
          "N"
        ],
        "source_count": 1,
        "start_time_utc": "2025-04-16T18:18:00Z"
      },
      "type": "Feature"
    },
    {
      "geometry": {
        "coordinates": [
          -80.514445,
          8.28962
        ],
        "type": "Point"
      },
      "properties": {
        "configuration_id": "r1500_t06",
        "day_fraction": 0.0,
        "daynight_known_count": 2,
        "detection_count": 2,
        "duration_hours": 0.0,
        "end_time_utc": "2025-02-12T07:17:00Z",
        "frp_max_mw": 5.67,
        "frp_mean_mw": 4.91,
        "frp_median_mw": 4.91,
        "frp_min_mw": 4.15,
        "frp_sum_mw": 9.82,
        "night_fraction": 1.0,
        "optical_cohort_status": "not_in_cohort",
        "possible_chain_merge": false,
        "public_event_id": "evt-0522",
        "satellite_count": 1,
        "satellites": [
          "N20"
        ],
        "source_count": 1,
        "start_time_utc": "2025-02-12T07:17:00Z"
      },
      "type": "Feature"
    },
    {
      "geometry": {
        "coordinates": [
          -80.62548,
          8.14938
        ],
        "type": "Point"
      },
      "properties": {
        "configuration_id": "r1500_t06",
        "day_fraction": 1.0,
        "daynight_known_count": 1,
        "detection_count": 1,
        "duration_hours": 0.0,
        "end_time_utc": "2025-04-26T18:31:00Z",
        "frp_max_mw": 8.51,
        "frp_mean_mw": 8.51,
        "frp_median_mw": 8.51,
        "frp_min_mw": 8.51,
        "frp_sum_mw": 8.51,
        "night_fraction": 0.0,
        "optical_cohort_status": "not_in_cohort",
        "possible_chain_merge": false,
        "public_event_id": "evt-0523",
        "satellite_count": 1,
        "satellites": [
          "N"
        ],
        "source_count": 1,
        "start_time_utc": "2025-04-26T18:31:00Z"
      },
      "type": "Feature"
    },
    {
      "geometry": {
        "coordinates": [
          -80.23889,
          8.71472
        ],
        "type": "Point"
      },
      "properties": {
        "configuration_id": "r1500_t06",
        "day_fraction": 1.0,
        "daynight_known_count": 2,
        "detection_count": 2,
        "duration_hours": 0.0,
        "end_time_utc": "2025-03-29T18:55:00Z",
        "frp_max_mw": 6.45,
        "frp_mean_mw": 4.79,
        "frp_median_mw": 4.79,
        "frp_min_mw": 3.13,
        "frp_sum_mw": 9.58,
        "night_fraction": 0.0,
        "optical_cohort_status": "not_in_cohort",
        "possible_chain_merge": false,
        "public_event_id": "evt-0524",
        "satellite_count": 1,
        "satellites": [
          "N"
        ],
        "source_count": 1,
        "start_time_utc": "2025-03-29T18:55:00Z"
      },
      "type": "Feature"
    },
    {
      "geometry": {
        "coordinates": [
          -80.16902,
          8.91498
        ],
        "type": "Point"
      },
      "properties": {
        "configuration_id": "r1500_t06",
        "day_fraction": 1.0,
        "daynight_known_count": 1,
        "detection_count": 1,
        "duration_hours": 0.0,
        "end_time_utc": "2025-03-20T18:47:00Z",
        "frp_max_mw": 13.3,
        "frp_mean_mw": 13.3,
        "frp_median_mw": 13.3,
        "frp_min_mw": 13.3,
        "frp_sum_mw": 13.3,
        "night_fraction": 0.0,
        "optical_cohort_status": "not_in_cohort",
        "possible_chain_merge": false,
        "public_event_id": "evt-0525",
        "satellite_count": 1,
        "satellites": [
          "N20"
        ],
        "source_count": 1,
        "start_time_utc": "2025-03-20T18:47:00Z"
      },
      "type": "Feature"
    },
    {
      "geometry": {
        "coordinates": [
          -80.463875,
          8.621985
        ],
        "type": "Point"
      },
      "properties": {
        "configuration_id": "r1500_t06",
        "day_fraction": 1.0,
        "daynight_known_count": 2,
        "detection_count": 2,
        "duration_hours": 0.0,
        "end_time_utc": "2025-03-04T18:47:00Z",
        "frp_max_mw": 15.65,
        "frp_mean_mw": 15.65,
        "frp_median_mw": 15.65,
        "frp_min_mw": 15.65,
        "frp_sum_mw": 31.3,
        "night_fraction": 0.0,
        "optical_cohort_status": "not_in_cohort",
        "possible_chain_merge": false,
        "public_event_id": "evt-0526",
        "satellite_count": 1,
        "satellites": [
          "N20"
        ],
        "source_count": 1,
        "start_time_utc": "2025-03-04T18:47:00Z"
      },
      "type": "Feature"
    },
    {
      "geometry": {
        "coordinates": [
          -80.16784,
          8.68417
        ],
        "type": "Point"
      },
      "properties": {
        "configuration_id": "r1500_t06",
        "day_fraction": 1.0,
        "daynight_known_count": 1,
        "detection_count": 1,
        "duration_hours": 0.0,
        "end_time_utc": "2025-03-20T18:47:00Z",
        "frp_max_mw": 2.82,
        "frp_mean_mw": 2.82,
        "frp_median_mw": 2.82,
        "frp_min_mw": 2.82,
        "frp_sum_mw": 2.82,
        "night_fraction": 0.0,
        "optical_cohort_status": "not_in_cohort",
        "possible_chain_merge": false,
        "public_event_id": "evt-0527",
        "satellite_count": 1,
        "satellites": [
          "N20"
        ],
        "source_count": 1,
        "start_time_utc": "2025-03-20T18:47:00Z"
      },
      "type": "Feature"
    },
    {
      "geometry": {
        "coordinates": [
          -80.13837,
          8.92645
        ],
        "type": "Point"
      },
      "properties": {
        "configuration_id": "r1500_t06",
        "day_fraction": 1.0,
        "daynight_known_count": 1,
        "detection_count": 1,
        "duration_hours": 0.0,
        "end_time_utc": "2025-03-18T19:02:00Z",
        "frp_max_mw": 6.48,
        "frp_mean_mw": 6.48,
        "frp_median_mw": 6.48,
        "frp_min_mw": 6.48,
        "frp_sum_mw": 6.48,
        "night_fraction": 0.0,
        "optical_cohort_status": "not_in_cohort",
        "possible_chain_merge": false,
        "public_event_id": "evt-0528",
        "satellite_count": 1,
        "satellites": [
          "N"
        ],
        "source_count": 1,
        "start_time_utc": "2025-03-18T19:02:00Z"
      },
      "type": "Feature"
    },
    {
      "geometry": {
        "coordinates": [
          -80.70584,
          8.53446
        ],
        "type": "Point"
      },
      "properties": {
        "configuration_id": "r1500_t06",
        "day_fraction": 1.0,
        "daynight_known_count": 1,
        "detection_count": 1,
        "duration_hours": 0.0,
        "end_time_utc": "2025-03-29T19:18:00Z",
        "frp_max_mw": 4.52,
        "frp_mean_mw": 4.52,
        "frp_median_mw": 4.52,
        "frp_min_mw": 4.52,
        "frp_sum_mw": 4.52,
        "night_fraction": 0.0,
        "optical_cohort_status": "not_in_cohort",
        "possible_chain_merge": false,
        "public_event_id": "evt-0529",
        "satellite_count": 1,
        "satellites": [
          "N20"
        ],
        "source_count": 1,
        "start_time_utc": "2025-03-29T19:18:00Z"
      },
      "type": "Feature"
    },
    {
      "geometry": {
        "coordinates": [
          -80.3901,
          8.72663
        ],
        "type": "Point"
      },
      "properties": {
        "configuration_id": "r1500_t06",
        "day_fraction": 1.0,
        "daynight_known_count": 1,
        "detection_count": 1,
        "duration_hours": 0.0,
        "end_time_utc": "2025-03-15T18:18:00Z",
        "frp_max_mw": 4.42,
        "frp_mean_mw": 4.42,
        "frp_median_mw": 4.42,
        "frp_min_mw": 4.42,
        "frp_sum_mw": 4.42,
        "night_fraction": 0.0,
        "optical_cohort_status": "not_in_cohort",
        "possible_chain_merge": false,
        "public_event_id": "evt-0530",
        "satellite_count": 1,
        "satellites": [
          "N"
        ],
        "source_count": 1,
        "start_time_utc": "2025-03-15T18:18:00Z"
      },
      "type": "Feature"
    },
    {
      "geometry": {
        "coordinates": [
          -80.608313,
          8.218253
        ],
        "type": "Point"
      },
      "properties": {
        "configuration_id": "r1500_t06",
        "day_fraction": 1.0,
        "daynight_known_count": 3,
        "detection_count": 3,
        "duration_hours": 0.383333,
        "end_time_utc": "2025-03-20T18:47:00Z",
        "frp_max_mw": 3.14,
        "frp_mean_mw": 2.243333,
        "frp_median_mw": 1.85,
        "frp_min_mw": 1.74,
        "frp_sum_mw": 6.73,
        "night_fraction": 0.0,
        "optical_cohort_status": "not_in_cohort",
        "possible_chain_merge": false,
        "public_event_id": "evt-0531",
        "satellite_count": 2,
        "satellites": [
          "N",
          "N20"
        ],
        "source_count": 2,
        "start_time_utc": "2025-03-20T18:24:00Z"
      },
      "type": "Feature"
    },
    {
      "geometry": {
        "coordinates": [
          -80.461,
          8.4147
        ],
        "type": "Point"
      },
      "properties": {
        "configuration_id": "r1500_t06",
        "day_fraction": 0.0,
        "daynight_known_count": 1,
        "detection_count": 1,
        "duration_hours": 0.0,
        "end_time_utc": "2025-04-18T06:36:00Z",
        "frp_max_mw": 0.61,
        "frp_mean_mw": 0.61,
        "frp_median_mw": 0.61,
        "frp_min_mw": 0.61,
        "frp_sum_mw": 0.61,
        "night_fraction": 1.0,
        "optical_cohort_status": "not_in_cohort",
        "possible_chain_merge": false,
        "public_event_id": "evt-0532",
        "satellite_count": 1,
        "satellites": [
          "N"
        ],
        "source_count": 1,
        "start_time_utc": "2025-04-18T06:36:00Z"
      },
      "type": "Feature"
    },
    {
      "geometry": {
        "coordinates": [
          -80.37128,
          8.5345
        ],
        "type": "Point"
      },
      "properties": {
        "configuration_id": "r1500_t06",
        "day_fraction": 1.0,
        "daynight_known_count": 1,
        "detection_count": 1,
        "duration_hours": 0.0,
        "end_time_utc": "2025-02-04T18:50:00Z",
        "frp_max_mw": 3.25,
        "frp_mean_mw": 3.25,
        "frp_median_mw": 3.25,
        "frp_min_mw": 3.25,
        "frp_sum_mw": 3.25,
        "night_fraction": 0.0,
        "optical_cohort_status": "not_in_cohort",
        "possible_chain_merge": false,
        "public_event_id": "evt-0533",
        "satellite_count": 1,
        "satellites": [
          "N"
        ],
        "source_count": 1,
        "start_time_utc": "2025-02-04T18:50:00Z"
      },
      "type": "Feature"
    },
    {
      "geometry": {
        "coordinates": [
          -80.60554,
          8.22855
        ],
        "type": "Point"
      },
      "properties": {
        "configuration_id": "r1500_t06",
        "day_fraction": 0.0,
        "daynight_known_count": 2,
        "detection_count": 2,
        "duration_hours": 0.383333,
        "end_time_utc": "2025-02-03T06:46:00Z",
        "frp_max_mw": 1.77,
        "frp_mean_mw": 1.475,
        "frp_median_mw": 1.475,
        "frp_min_mw": 1.18,
        "frp_sum_mw": 2.95,
        "night_fraction": 1.0,
        "optical_cohort_status": "not_in_cohort",
        "possible_chain_merge": false,
        "public_event_id": "evt-0534",
        "satellite_count": 2,
        "satellites": [
          "N",
          "N20"
        ],
        "source_count": 2,
        "start_time_utc": "2025-02-03T06:23:00Z"
      },
      "type": "Feature"
    },
    {
      "geometry": {
        "coordinates": [
          -80.21024,
          8.8493
        ],
        "type": "Point"
      },
      "properties": {
        "configuration_id": "r1500_t06",
        "day_fraction": 1.0,
        "daynight_known_count": 1,
        "detection_count": 1,
        "duration_hours": 0.0,
        "end_time_utc": "2025-03-04T18:47:00Z",
        "frp_max_mw": 1.57,
        "frp_mean_mw": 1.57,
        "frp_median_mw": 1.57,
        "frp_min_mw": 1.57,
        "frp_sum_mw": 1.57,
        "night_fraction": 0.0,
        "optical_cohort_status": "not_in_cohort",
        "possible_chain_merge": false,
        "public_event_id": "evt-0535",
        "satellite_count": 1,
        "satellites": [
          "N20"
        ],
        "source_count": 1,
        "start_time_utc": "2025-03-04T18:47:00Z"
      },
      "type": "Feature"
    },
    {
      "geometry": {
        "coordinates": [
          -80.65549,
          8.439405
        ],
        "type": "Point"
      },
      "properties": {
        "configuration_id": "r1500_t06",
        "day_fraction": 1.0,
        "daynight_known_count": 2,
        "detection_count": 2,
        "duration_hours": 0.383333,
        "end_time_utc": "2025-03-26T18:34:00Z",
        "frp_max_mw": 7.03,
        "frp_mean_mw": 5.925,
        "frp_median_mw": 5.925,
        "frp_min_mw": 4.82,
        "frp_sum_mw": 11.85,
        "night_fraction": 0.0,
        "optical_cohort_status": "not_in_cohort",
        "possible_chain_merge": false,
        "public_event_id": "evt-0536",
        "satellite_count": 2,
        "satellites": [
          "N",
          "N20"
        ],
        "source_count": 2,
        "start_time_utc": "2025-03-26T18:11:00Z"
      },
      "type": "Feature"
    },
    {
      "geometry": {
        "coordinates": [
          -80.53314,
          8.25079
        ],
        "type": "Point"
      },
      "properties": {
        "configuration_id": "r1500_t06",
        "day_fraction": 1.0,
        "daynight_known_count": 1,
        "detection_count": 1,
        "duration_hours": 0.0,
        "end_time_utc": "2025-04-12T18:15:00Z",
        "frp_max_mw": 39.83,
        "frp_mean_mw": 39.83,
        "frp_median_mw": 39.83,
        "frp_min_mw": 39.83,
        "frp_sum_mw": 39.83,
        "night_fraction": 0.0,
        "optical_cohort_status": "not_in_cohort",
        "possible_chain_merge": false,
        "public_event_id": "evt-0537",
        "satellite_count": 1,
        "satellites": [
          "N20"
        ],
        "source_count": 1,
        "start_time_utc": "2025-04-12T18:15:00Z"
      },
      "type": "Feature"
    },
    {
      "geometry": {
        "coordinates": [
          -80.57176,
          8.226775
        ],
        "type": "Point"
      },
      "properties": {
        "configuration_id": "r1500_t06",
        "day_fraction": 1.0,
        "daynight_known_count": 2,
        "detection_count": 2,
        "duration_hours": 0.383333,
        "end_time_utc": "2025-01-26T18:41:00Z",
        "frp_max_mw": 2.48,
        "frp_mean_mw": 2.275,
        "frp_median_mw": 2.275,
        "frp_min_mw": 2.07,
        "frp_sum_mw": 4.55,
        "night_fraction": 0.0,
        "optical_cohort_status": "not_in_cohort",
        "possible_chain_merge": false,
        "public_event_id": "evt-0538",
        "satellite_count": 2,
        "satellites": [
          "N",
          "N20"
        ],
        "source_count": 2,
        "start_time_utc": "2025-01-26T18:18:00Z"
      },
      "type": "Feature"
    },
    {
      "geometry": {
        "coordinates": [
          -80.27956,
          8.65431
        ],
        "type": "Point"
      },
      "properties": {
        "configuration_id": "r1500_t06",
        "day_fraction": 1.0,
        "daynight_known_count": 1,
        "detection_count": 1,
        "duration_hours": 0.0,
        "end_time_utc": "2025-04-09T18:50:00Z",
        "frp_max_mw": 3.05,
        "frp_mean_mw": 3.05,
        "frp_median_mw": 3.05,
        "frp_min_mw": 3.05,
        "frp_sum_mw": 3.05,
        "night_fraction": 0.0,
        "optical_cohort_status": "not_in_cohort",
        "possible_chain_merge": false,
        "public_event_id": "evt-0539",
        "satellite_count": 1,
        "satellites": [
          "N"
        ],
        "source_count": 1,
        "start_time_utc": "2025-04-09T18:50:00Z"
      },
      "type": "Feature"
    },
    {
      "geometry": {
        "coordinates": [
          -80.27998,
          8.89847
        ],
        "type": "Point"
      },
      "properties": {
        "configuration_id": "r1500_t06",
        "day_fraction": 1.0,
        "daynight_known_count": 2,
        "detection_count": 2,
        "duration_hours": 0.0,
        "end_time_utc": "2025-03-09T18:54:00Z",
        "frp_max_mw": 6.19,
        "frp_mean_mw": 5.81,
        "frp_median_mw": 5.81,
        "frp_min_mw": 5.43,
        "frp_sum_mw": 11.62,
        "night_fraction": 0.0,
        "optical_cohort_status": "not_in_cohort",
        "possible_chain_merge": false,
        "public_event_id": "evt-0540",
        "satellite_count": 1,
        "satellites": [
          "N20"
        ],
        "source_count": 1,
        "start_time_utc": "2025-03-09T18:54:00Z"
      },
      "type": "Feature"
    },
    {
      "geometry": {
        "coordinates": [
          -80.51035,
          8.29701
        ],
        "type": "Point"
      },
      "properties": {
        "configuration_id": "r1500_t06",
        "day_fraction": 0.0,
        "daynight_known_count": 1,
        "detection_count": 1,
        "duration_hours": 0.0,
        "end_time_utc": "2025-01-24T06:33:00Z",
        "frp_max_mw": 1.55,
        "frp_mean_mw": 1.55,
        "frp_median_mw": 1.55,
        "frp_min_mw": 1.55,
        "frp_sum_mw": 1.55,
        "night_fraction": 1.0,
        "optical_cohort_status": "not_in_cohort",
        "possible_chain_merge": false,
        "public_event_id": "evt-0541",
        "satellite_count": 1,
        "satellites": [
          "N20"
        ],
        "source_count": 1,
        "start_time_utc": "2025-01-24T06:33:00Z"
      },
      "type": "Feature"
    },
    {
      "geometry": {
        "coordinates": [
          -80.56643,
          8.37641
        ],
        "type": "Point"
      },
      "properties": {
        "configuration_id": "r1500_t06",
        "day_fraction": 0.0,
        "daynight_known_count": 1,
        "detection_count": 1,
        "duration_hours": 0.0,
        "end_time_utc": "2025-03-27T06:48:00Z",
        "frp_max_mw": 1.99,
        "frp_mean_mw": 1.99,
        "frp_median_mw": 1.99,
        "frp_min_mw": 1.99,
        "frp_sum_mw": 1.99,
        "night_fraction": 1.0,
        "optical_cohort_status": "not_in_cohort",
        "possible_chain_merge": false,
        "public_event_id": "evt-0542",
        "satellite_count": 1,
        "satellites": [
          "N"
        ],
        "source_count": 1,
        "start_time_utc": "2025-03-27T06:48:00Z"
      },
      "type": "Feature"
    },
    {
      "geometry": {
        "coordinates": [
          -80.18156,
          8.99449
        ],
        "type": "Point"
      },
      "properties": {
        "configuration_id": "r1500_t06",
        "day_fraction": 1.0,
        "daynight_known_count": 2,
        "detection_count": 2,
        "duration_hours": 0.0,
        "end_time_utc": "2025-03-18T17:44:00Z",
        "frp_max_mw": 6.48,
        "frp_mean_mw": 6.42,
        "frp_median_mw": 6.42,
        "frp_min_mw": 6.36,
        "frp_sum_mw": 12.84,
        "night_fraction": 0.0,
        "optical_cohort_status": "observable",
        "possible_chain_merge": false,
        "public_event_id": "evt-0543",
        "satellite_count": 1,
        "satellites": [
          "N20"
        ],
        "source_count": 1,
        "start_time_utc": "2025-03-18T17:44:00Z"
      },
      "type": "Feature"
    },
    {
      "geometry": {
        "coordinates": [
          -80.62424,
          8.56061
        ],
        "type": "Point"
      },
      "properties": {
        "configuration_id": "r1500_t06",
        "day_fraction": 1.0,
        "daynight_known_count": 1,
        "detection_count": 1,
        "duration_hours": 0.0,
        "end_time_utc": "2025-03-08T18:50:00Z",
        "frp_max_mw": 1.79,
        "frp_mean_mw": 1.79,
        "frp_median_mw": 1.79,
        "frp_min_mw": 1.79,
        "frp_sum_mw": 1.79,
        "night_fraction": 0.0,
        "optical_cohort_status": "not_in_cohort",
        "possible_chain_merge": false,
        "public_event_id": "evt-0544",
        "satellite_count": 1,
        "satellites": [
          "N"
        ],
        "source_count": 1,
        "start_time_utc": "2025-03-08T18:50:00Z"
      },
      "type": "Feature"
    },
    {
      "geometry": {
        "coordinates": [
          -80.57806,
          8.16725
        ],
        "type": "Point"
      },
      "properties": {
        "configuration_id": "r1500_t06",
        "day_fraction": 0.0,
        "daynight_known_count": 2,
        "detection_count": 2,
        "duration_hours": 0.0,
        "end_time_utc": "2025-03-13T06:10:00Z",
        "frp_max_mw": 9.7,
        "frp_mean_mw": 8.635,
        "frp_median_mw": 8.635,
        "frp_min_mw": 7.57,
        "frp_sum_mw": 17.27,
        "night_fraction": 1.0,
        "optical_cohort_status": "not_in_cohort",
        "possible_chain_merge": false,
        "public_event_id": "evt-0545",
        "satellite_count": 1,
        "satellites": [
          "N"
        ],
        "source_count": 1,
        "start_time_utc": "2025-03-13T06:10:00Z"
      },
      "type": "Feature"
    },
    {
      "geometry": {
        "coordinates": [
          -80.22037,
          8.63374
        ],
        "type": "Point"
      },
      "properties": {
        "configuration_id": "r1500_t06",
        "day_fraction": 1.0,
        "daynight_known_count": 1,
        "detection_count": 1,
        "duration_hours": 0.0,
        "end_time_utc": "2025-04-01T17:59:00Z",
        "frp_max_mw": 4.28,
        "frp_mean_mw": 4.28,
        "frp_median_mw": 4.28,
        "frp_min_mw": 4.28,
        "frp_sum_mw": 4.28,
        "night_fraction": 0.0,
        "optical_cohort_status": "not_in_cohort",
        "possible_chain_merge": false,
        "public_event_id": "evt-0546",
        "satellite_count": 1,
        "satellites": [
          "N"
        ],
        "source_count": 1,
        "start_time_utc": "2025-04-01T17:59:00Z"
      },
      "type": "Feature"
    },
    {
      "geometry": {
        "coordinates": [
          -80.568765,
          8.24817
        ],
        "type": "Point"
      },
      "properties": {
        "configuration_id": "r1500_t06",
        "day_fraction": 0.0,
        "daynight_known_count": 2,
        "detection_count": 2,
        "duration_hours": 0.0,
        "end_time_utc": "2025-04-10T07:26:00Z",
        "frp_max_mw": 1.72,
        "frp_mean_mw": 1.6,
        "frp_median_mw": 1.6,
        "frp_min_mw": 1.48,
        "frp_sum_mw": 3.2,
        "night_fraction": 1.0,
        "optical_cohort_status": "not_in_cohort",
        "possible_chain_merge": false,
        "public_event_id": "evt-0547",
        "satellite_count": 1,
        "satellites": [
          "N"
        ],
        "source_count": 1,
        "start_time_utc": "2025-04-10T07:26:00Z"
      },
      "type": "Feature"
    },
    {
      "geometry": {
        "coordinates": [
          -80.68307,
          8.31998
        ],
        "type": "Point"
      },
      "properties": {
        "configuration_id": "r1500_t06",
        "day_fraction": 1.0,
        "daynight_known_count": 1,
        "detection_count": 1,
        "duration_hours": 0.0,
        "end_time_utc": "2025-03-15T18:41:00Z",
        "frp_max_mw": 2.59,
        "frp_mean_mw": 2.59,
        "frp_median_mw": 2.59,
        "frp_min_mw": 2.59,
        "frp_sum_mw": 2.59,
        "night_fraction": 0.0,
        "optical_cohort_status": "not_in_cohort",
        "possible_chain_merge": false,
        "public_event_id": "evt-0548",
        "satellite_count": 1,
        "satellites": [
          "N20"
        ],
        "source_count": 1,
        "start_time_utc": "2025-03-15T18:41:00Z"
      },
      "type": "Feature"
    },
    {
      "geometry": {
        "coordinates": [
          -80.39423,
          8.51458
        ],
        "type": "Point"
      },
      "properties": {
        "configuration_id": "r1500_t06",
        "day_fraction": 1.0,
        "daynight_known_count": 1,
        "detection_count": 1,
        "duration_hours": 0.0,
        "end_time_utc": "2025-03-08T18:49:00Z",
        "frp_max_mw": 4.79,
        "frp_mean_mw": 4.79,
        "frp_median_mw": 4.79,
        "frp_min_mw": 4.79,
        "frp_sum_mw": 4.79,
        "night_fraction": 0.0,
        "optical_cohort_status": "observable",
        "possible_chain_merge": false,
        "public_event_id": "evt-0549",
        "satellite_count": 1,
        "satellites": [
          "N"
        ],
        "source_count": 1,
        "start_time_utc": "2025-03-08T18:49:00Z"
      },
      "type": "Feature"
    },
    {
      "geometry": {
        "coordinates": [
          -80.45793,
          8.39446
        ],
        "type": "Point"
      },
      "properties": {
        "configuration_id": "r1500_t06",
        "day_fraction": 0.0,
        "daynight_known_count": 1,
        "detection_count": 1,
        "duration_hours": 0.0,
        "end_time_utc": "2025-03-08T06:04:00Z",
        "frp_max_mw": 4.26,
        "frp_mean_mw": 4.26,
        "frp_median_mw": 4.26,
        "frp_min_mw": 4.26,
        "frp_sum_mw": 4.26,
        "night_fraction": 1.0,
        "optical_cohort_status": "not_in_cohort",
        "possible_chain_merge": false,
        "public_event_id": "evt-0550",
        "satellite_count": 1,
        "satellites": [
          "N"
        ],
        "source_count": 1,
        "start_time_utc": "2025-03-08T06:04:00Z"
      },
      "type": "Feature"
    },
    {
      "geometry": {
        "coordinates": [
          -80.16412,
          8.91991
        ],
        "type": "Point"
      },
      "properties": {
        "configuration_id": "r1500_t06",
        "day_fraction": 1.0,
        "daynight_known_count": 1,
        "detection_count": 1,
        "duration_hours": 0.0,
        "end_time_utc": "2025-03-29T18:56:00Z",
        "frp_max_mw": 23.51,
        "frp_mean_mw": 23.51,
        "frp_median_mw": 23.51,
        "frp_min_mw": 23.51,
        "frp_sum_mw": 23.51,
        "night_fraction": 0.0,
        "optical_cohort_status": "not_in_cohort",
        "possible_chain_merge": false,
        "public_event_id": "evt-0551",
        "satellite_count": 1,
        "satellites": [
          "N"
        ],
        "source_count": 1,
        "start_time_utc": "2025-03-29T18:56:00Z"
      },
      "type": "Feature"
    },
    {
      "geometry": {
        "coordinates": [
          -80.55077,
          8.23038
        ],
        "type": "Point"
      },
      "properties": {
        "configuration_id": "r1500_t06",
        "day_fraction": 1.0,
        "daynight_known_count": 1,
        "detection_count": 1,
        "duration_hours": 0.0,
        "end_time_utc": "2025-03-08T18:49:00Z",
        "frp_max_mw": 3.74,
        "frp_mean_mw": 3.74,
        "frp_median_mw": 3.74,
        "frp_min_mw": 3.74,
        "frp_sum_mw": 3.74,
        "night_fraction": 0.0,
        "optical_cohort_status": "not_in_cohort",
        "possible_chain_merge": false,
        "public_event_id": "evt-0552",
        "satellite_count": 1,
        "satellites": [
          "N"
        ],
        "source_count": 1,
        "start_time_utc": "2025-03-08T18:49:00Z"
      },
      "type": "Feature"
    },
    {
      "geometry": {
        "coordinates": [
          -80.48697,
          8.28766
        ],
        "type": "Point"
      },
      "properties": {
        "configuration_id": "r1500_t06",
        "day_fraction": 1.0,
        "daynight_known_count": 1,
        "detection_count": 1,
        "duration_hours": 0.0,
        "end_time_utc": "2025-03-11T17:53:00Z",
        "frp_max_mw": 2.98,
        "frp_mean_mw": 2.98,
        "frp_median_mw": 2.98,
        "frp_min_mw": 2.98,
        "frp_sum_mw": 2.98,
        "night_fraction": 0.0,
        "optical_cohort_status": "not_in_cohort",
        "possible_chain_merge": false,
        "public_event_id": "evt-0553",
        "satellite_count": 1,
        "satellites": [
          "N"
        ],
        "source_count": 1,
        "start_time_utc": "2025-03-11T17:53:00Z"
      },
      "type": "Feature"
    },
    {
      "geometry": {
        "coordinates": [
          -80.08497,
          8.41328
        ],
        "type": "Point"
      },
      "properties": {
        "configuration_id": "r1500_t06",
        "day_fraction": 1.0,
        "daynight_known_count": 1,
        "detection_count": 1,
        "duration_hours": 0.0,
        "end_time_utc": "2025-04-12T18:15:00Z",
        "frp_max_mw": 5.68,
        "frp_mean_mw": 5.68,
        "frp_median_mw": 5.68,
        "frp_min_mw": 5.68,
        "frp_sum_mw": 5.68,
        "night_fraction": 0.0,
        "optical_cohort_status": "not_in_cohort",
        "possible_chain_merge": false,
        "public_event_id": "evt-0554",
        "satellite_count": 1,
        "satellites": [
          "N20"
        ],
        "source_count": 1,
        "start_time_utc": "2025-04-12T18:15:00Z"
      },
      "type": "Feature"
    },
    {
      "geometry": {
        "coordinates": [
          -80.57079,
          8.49539
        ],
        "type": "Point"
      },
      "properties": {
        "configuration_id": "r1500_t06",
        "day_fraction": 1.0,
        "daynight_known_count": 1,
        "detection_count": 1,
        "duration_hours": 0.0,
        "end_time_utc": "2025-01-23T19:15:00Z",
        "frp_max_mw": 2.06,
        "frp_mean_mw": 2.06,
        "frp_median_mw": 2.06,
        "frp_min_mw": 2.06,
        "frp_sum_mw": 2.06,
        "night_fraction": 0.0,
        "optical_cohort_status": "not_in_cohort",
        "possible_chain_merge": false,
        "public_event_id": "evt-0555",
        "satellite_count": 1,
        "satellites": [
          "N"
        ],
        "source_count": 1,
        "start_time_utc": "2025-01-23T19:15:00Z"
      },
      "type": "Feature"
    },
    {
      "geometry": {
        "coordinates": [
          -80.47265,
          8.656855
        ],
        "type": "Point"
      },
      "properties": {
        "configuration_id": "r1500_t06",
        "day_fraction": 1.0,
        "daynight_known_count": 2,
        "detection_count": 2,
        "duration_hours": 0.0,
        "end_time_utc": "2025-04-16T18:18:00Z",
        "frp_max_mw": 5.56,
        "frp_mean_mw": 4.615,
        "frp_median_mw": 4.615,
        "frp_min_mw": 3.67,
        "frp_sum_mw": 9.23,
        "night_fraction": 0.0,
        "optical_cohort_status": "not_in_cohort",
        "possible_chain_merge": false,
        "public_event_id": "evt-0556",
        "satellite_count": 1,
        "satellites": [
          "N"
        ],
        "source_count": 1,
        "start_time_utc": "2025-04-16T18:18:00Z"
      },
      "type": "Feature"
    },
    {
      "geometry": {
        "coordinates": [
          -80.47074,
          8.49654
        ],
        "type": "Point"
      },
      "properties": {
        "configuration_id": "r1500_t06",
        "day_fraction": 0.0,
        "daynight_known_count": 2,
        "detection_count": 2,
        "duration_hours": 0.366667,
        "end_time_utc": "2025-01-24T06:33:00Z",
        "frp_max_mw": 7.69,
        "frp_mean_mw": 5.85,
        "frp_median_mw": 5.85,
        "frp_min_mw": 4.01,
        "frp_sum_mw": 11.7,
        "night_fraction": 1.0,
        "optical_cohort_status": "not_in_cohort",
        "possible_chain_merge": false,
        "public_event_id": "evt-0557",
        "satellite_count": 2,
        "satellites": [
          "N",
          "N20"
        ],
        "source_count": 2,
        "start_time_utc": "2025-01-24T06:11:00Z"
      },
      "type": "Feature"
    },
    {
      "geometry": {
        "coordinates": [
          -80.22442,
          8.53683
        ],
        "type": "Point"
      },
      "properties": {
        "configuration_id": "r1500_t06",
        "day_fraction": 1.0,
        "daynight_known_count": 1,
        "detection_count": 1,
        "duration_hours": 0.0,
        "end_time_utc": "2025-04-16T18:18:00Z",
        "frp_max_mw": 32.26,
        "frp_mean_mw": 32.26,
        "frp_median_mw": 32.26,
        "frp_min_mw": 32.26,
        "frp_sum_mw": 32.26,
        "night_fraction": 0.0,
        "optical_cohort_status": "not_in_cohort",
        "possible_chain_merge": false,
        "public_event_id": "evt-0558",
        "satellite_count": 1,
        "satellites": [
          "N"
        ],
        "source_count": 1,
        "start_time_utc": "2025-04-16T18:18:00Z"
      },
      "type": "Feature"
    },
    {
      "geometry": {
        "coordinates": [
          -80.506675,
          8.378025
        ],
        "type": "Point"
      },
      "properties": {
        "configuration_id": "r1500_t06",
        "day_fraction": 1.0,
        "daynight_known_count": 2,
        "detection_count": 2,
        "duration_hours": 0.0,
        "end_time_utc": "2025-04-10T18:53:00Z",
        "frp_max_mw": 9.24,
        "frp_mean_mw": 9.24,
        "frp_median_mw": 9.24,
        "frp_min_mw": 9.24,
        "frp_sum_mw": 18.48,
        "night_fraction": 0.0,
        "optical_cohort_status": "not_in_cohort",
        "possible_chain_merge": false,
        "public_event_id": "evt-0559",
        "satellite_count": 1,
        "satellites": [
          "N20"
        ],
        "source_count": 1,
        "start_time_utc": "2025-04-10T18:53:00Z"
      },
      "type": "Feature"
    },
    {
      "geometry": {
        "coordinates": [
          -80.601202,
          8.369404
        ],
        "type": "Point"
      },
      "properties": {
        "configuration_id": "r1500_t06",
        "day_fraction": 1.0,
        "daynight_known_count": 5,
        "detection_count": 5,
        "duration_hours": 0.383333,
        "end_time_utc": "2025-03-04T18:47:00Z",
        "frp_max_mw": 5.25,
        "frp_mean_mw": 3.816,
        "frp_median_mw": 4.45,
        "frp_min_mw": 2.42,
        "frp_sum_mw": 19.08,
        "night_fraction": 0.0,
        "optical_cohort_status": "not_in_cohort",
        "possible_chain_merge": false,
        "public_event_id": "evt-0560",
        "satellite_count": 2,
        "satellites": [
          "N",
          "N20"
        ],
        "source_count": 2,
        "start_time_utc": "2025-03-04T18:24:00Z"
      },
      "type": "Feature"
    },
    {
      "geometry": {
        "coordinates": [
          -80.56499,
          8.26316
        ],
        "type": "Point"
      },
      "properties": {
        "configuration_id": "r1500_t06",
        "day_fraction": 1.0,
        "daynight_known_count": 2,
        "detection_count": 2,
        "duration_hours": 0.0,
        "end_time_utc": "2025-04-18T18:03:00Z",
        "frp_max_mw": 3.15,
        "frp_mean_mw": 3.15,
        "frp_median_mw": 3.15,
        "frp_min_mw": 3.15,
        "frp_sum_mw": 6.3,
        "night_fraction": 0.0,
        "optical_cohort_status": "not_in_cohort",
        "possible_chain_merge": false,
        "public_event_id": "evt-0561",
        "satellite_count": 1,
        "satellites": [
          "N20"
        ],
        "source_count": 1,
        "start_time_utc": "2025-04-18T18:03:00Z"
      },
      "type": "Feature"
    },
    {
      "geometry": {
        "coordinates": [
          -80.317615,
          8.411267
        ],
        "type": "Point"
      },
      "properties": {
        "configuration_id": "r1500_t06",
        "day_fraction": 1.0,
        "daynight_known_count": 6,
        "detection_count": 6,
        "duration_hours": 1.3,
        "end_time_utc": "2025-03-12T19:15:00Z",
        "frp_max_mw": 6.65,
        "frp_mean_mw": 5.86,
        "frp_median_mw": 5.78,
        "frp_min_mw": 5.15,
        "frp_sum_mw": 35.16,
        "night_fraction": 0.0,
        "optical_cohort_status": "not_in_cohort",
        "possible_chain_merge": false,
        "public_event_id": "evt-0562",
        "satellite_count": 2,
        "satellites": [
          "N",
          "N20"
        ],
        "source_count": 2,
        "start_time_utc": "2025-03-12T17:57:00Z"
      },
      "type": "Feature"
    },
    {
      "geometry": {
        "coordinates": [
          -80.523515,
          8.512215
        ],
        "type": "Point"
      },
      "properties": {
        "configuration_id": "r1500_t06",
        "day_fraction": 1.0,
        "daynight_known_count": 2,
        "detection_count": 2,
        "duration_hours": 0.0,
        "end_time_utc": "2025-04-09T18:50:00Z",
        "frp_max_mw": 2.73,
        "frp_mean_mw": 2.73,
        "frp_median_mw": 2.73,
        "frp_min_mw": 2.73,
        "frp_sum_mw": 5.46,
        "night_fraction": 0.0,
        "optical_cohort_status": "not_in_cohort",
        "possible_chain_merge": false,
        "public_event_id": "evt-0563",
        "satellite_count": 1,
        "satellites": [
          "N"
        ],
        "source_count": 1,
        "start_time_utc": "2025-04-09T18:50:00Z"
      },
      "type": "Feature"
    },
    {
      "geometry": {
        "coordinates": [
          -80.642767,
          8.617457
        ],
        "type": "Point"
      },
      "properties": {
        "configuration_id": "r1500_t06",
        "day_fraction": 1.0,
        "daynight_known_count": 3,
        "detection_count": 3,
        "duration_hours": 0.383333,
        "end_time_utc": "2025-03-18T19:25:00Z",
        "frp_max_mw": 10.46,
        "frp_mean_mw": 8.373333,
        "frp_median_mw": 10.1,
        "frp_min_mw": 4.56,
        "frp_sum_mw": 25.12,
        "night_fraction": 0.0,
        "optical_cohort_status": "not_in_cohort",
        "possible_chain_merge": false,
        "public_event_id": "evt-0564",
        "satellite_count": 2,
        "satellites": [
          "N",
          "N20"
        ],
        "source_count": 2,
        "start_time_utc": "2025-03-18T19:02:00Z"
      },
      "type": "Feature"
    },
    {
      "geometry": {
        "coordinates": [
          -80.152027,
          8.955723
        ],
        "type": "Point"
      },
      "properties": {
        "configuration_id": "r1500_t06",
        "day_fraction": 1.0,
        "daynight_known_count": 3,
        "detection_count": 3,
        "duration_hours": 0.383333,
        "end_time_utc": "2025-04-01T18:22:00Z",
        "frp_max_mw": 3.47,
        "frp_mean_mw": 2.893333,
        "frp_median_mw": 3.09,
        "frp_min_mw": 2.12,
        "frp_sum_mw": 8.68,
        "night_fraction": 0.0,
        "optical_cohort_status": "not_in_cohort",
        "possible_chain_merge": false,
        "public_event_id": "evt-0565",
        "satellite_count": 2,
        "satellites": [
          "N",
          "N20"
        ],
        "source_count": 2,
        "start_time_utc": "2025-04-01T17:59:00Z"
      },
      "type": "Feature"
    },
    {
      "geometry": {
        "coordinates": [
          -80.56625,
          8.14244
        ],
        "type": "Point"
      },
      "properties": {
        "configuration_id": "r1500_t06",
        "day_fraction": 1.0,
        "daynight_known_count": 1,
        "detection_count": 1,
        "duration_hours": 0.0,
        "end_time_utc": "2025-02-26T19:00:00Z",
        "frp_max_mw": 1.98,
        "frp_mean_mw": 1.98,
        "frp_median_mw": 1.98,
        "frp_min_mw": 1.98,
        "frp_sum_mw": 1.98,
        "night_fraction": 0.0,
        "optical_cohort_status": "not_in_cohort",
        "possible_chain_merge": false,
        "public_event_id": "evt-0566",
        "satellite_count": 1,
        "satellites": [
          "N20"
        ],
        "source_count": 1,
        "start_time_utc": "2025-02-26T19:00:00Z"
      },
      "type": "Feature"
    },
    {
      "geometry": {
        "coordinates": [
          -80.5638,
          8.22905
        ],
        "type": "Point"
      },
      "properties": {
        "configuration_id": "r1500_t06",
        "day_fraction": 1.0,
        "daynight_known_count": 1,
        "detection_count": 1,
        "duration_hours": 0.0,
        "end_time_utc": "2025-01-12T19:21:00Z",
        "frp_max_mw": 5.58,
        "frp_mean_mw": 5.58,
        "frp_median_mw": 5.58,
        "frp_min_mw": 5.58,
        "frp_sum_mw": 5.58,
        "night_fraction": 0.0,
        "optical_cohort_status": "not_in_cohort",
        "possible_chain_merge": false,
        "public_event_id": "evt-0567",
        "satellite_count": 1,
        "satellites": [
          "N"
        ],
        "source_count": 1,
        "start_time_utc": "2025-01-12T19:21:00Z"
      },
      "type": "Feature"
    },
    {
      "geometry": {
        "coordinates": [
          -80.31722,
          8.57751
        ],
        "type": "Point"
      },
      "properties": {
        "configuration_id": "r1500_t06",
        "day_fraction": 1.0,
        "daynight_known_count": 1,
        "detection_count": 1,
        "duration_hours": 0.0,
        "end_time_utc": "2025-04-27T18:12:00Z",
        "frp_max_mw": 5.34,
        "frp_mean_mw": 5.34,
        "frp_median_mw": 5.34,
        "frp_min_mw": 5.34,
        "frp_sum_mw": 5.34,
        "night_fraction": 0.0,
        "optical_cohort_status": "not_in_cohort",
        "possible_chain_merge": false,
        "public_event_id": "evt-0568",
        "satellite_count": 1,
        "satellites": [
          "N"
        ],
        "source_count": 1,
        "start_time_utc": "2025-04-27T18:12:00Z"
      },
      "type": "Feature"
    },
    {
      "geometry": {
        "coordinates": [
          -80.58535,
          8.77998
        ],
        "type": "Point"
      },
      "properties": {
        "configuration_id": "r1500_t06",
        "day_fraction": 1.0,
        "daynight_known_count": 1,
        "detection_count": 1,
        "duration_hours": 0.0,
        "end_time_utc": "2025-03-17T19:21:00Z",
        "frp_max_mw": 2.84,
        "frp_mean_mw": 2.84,
        "frp_median_mw": 2.84,
        "frp_min_mw": 2.84,
        "frp_sum_mw": 2.84,
        "night_fraction": 0.0,
        "optical_cohort_status": "observable",
        "possible_chain_merge": false,
        "public_event_id": "evt-0569",
        "satellite_count": 1,
        "satellites": [
          "N"
        ],
        "source_count": 1,
        "start_time_utc": "2025-03-17T19:21:00Z"
      },
      "type": "Feature"
    },
    {
      "geometry": {
        "coordinates": [
          -80.238253,
          8.314507
        ],
        "type": "Point"
      },
      "properties": {
        "configuration_id": "r1500_t06",
        "day_fraction": 1.0,
        "daynight_known_count": 3,
        "detection_count": 3,
        "duration_hours": 0.366667,
        "end_time_utc": "2025-02-12T18:22:00Z",
        "frp_max_mw": 3.87,
        "frp_mean_mw": 3.236667,
        "frp_median_mw": 3.03,
        "frp_min_mw": 2.81,
        "frp_sum_mw": 9.71,
        "night_fraction": 0.0,
        "optical_cohort_status": "not_in_cohort",
        "possible_chain_merge": false,
        "public_event_id": "evt-0570",
        "satellite_count": 2,
        "satellites": [
          "N",
          "N20"
        ],
        "source_count": 2,
        "start_time_utc": "2025-02-12T18:00:00Z"
      },
      "type": "Feature"
    },
    {
      "geometry": {
        "coordinates": [
          -80.27261,
          8.91151
        ],
        "type": "Point"
      },
      "properties": {
        "configuration_id": "r1500_t06",
        "day_fraction": 1.0,
        "daynight_known_count": 2,
        "detection_count": 2,
        "duration_hours": 0.383333,
        "end_time_utc": "2025-04-01T18:22:00Z",
        "frp_max_mw": 3.65,
        "frp_mean_mw": 3.16,
        "frp_median_mw": 3.16,
        "frp_min_mw": 2.67,
        "frp_sum_mw": 6.32,
        "night_fraction": 0.0,
        "optical_cohort_status": "not_in_cohort",
        "possible_chain_merge": false,
        "public_event_id": "evt-0571",
        "satellite_count": 2,
        "satellites": [
          "N",
          "N20"
        ],
        "source_count": 2,
        "start_time_utc": "2025-04-01T17:59:00Z"
      },
      "type": "Feature"
    },
    {
      "geometry": {
        "coordinates": [
          -80.47638,
          8.427072
        ],
        "type": "Point"
      },
      "properties": {
        "configuration_id": "r1500_t06",
        "day_fraction": 0.0,
        "daynight_known_count": 4,
        "detection_count": 4,
        "duration_hours": 0.366667,
        "end_time_utc": "2025-03-24T06:26:00Z",
        "frp_max_mw": 2.96,
        "frp_mean_mw": 2.4225,
        "frp_median_mw": 2.6,
        "frp_min_mw": 1.53,
        "frp_sum_mw": 9.69,
        "night_fraction": 1.0,
        "optical_cohort_status": "not_in_cohort",
        "possible_chain_merge": false,
        "public_event_id": "evt-0572",
        "satellite_count": 2,
        "satellites": [
          "N",
          "N20"
        ],
        "source_count": 2,
        "start_time_utc": "2025-03-24T06:04:00Z"
      },
      "type": "Feature"
    },
    {
      "geometry": {
        "coordinates": [
          -80.506467,
          8.3742
        ],
        "type": "Point"
      },
      "properties": {
        "configuration_id": "r1500_t06",
        "day_fraction": 1.0,
        "daynight_known_count": 3,
        "detection_count": 3,
        "duration_hours": 0.383333,
        "end_time_utc": "2025-04-16T18:41:00Z",
        "frp_max_mw": 6.75,
        "frp_mean_mw": 5.56,
        "frp_median_mw": 5.59,
        "frp_min_mw": 4.34,
        "frp_sum_mw": 16.68,
        "night_fraction": 0.0,
        "optical_cohort_status": "not_in_cohort",
        "possible_chain_merge": false,
        "public_event_id": "evt-0573",
        "satellite_count": 2,
        "satellites": [
          "N",
          "N20"
        ],
        "source_count": 2,
        "start_time_utc": "2025-04-16T18:18:00Z"
      },
      "type": "Feature"
    },
    {
      "geometry": {
        "coordinates": [
          -80.14365,
          8.45665
        ],
        "type": "Point"
      },
      "properties": {
        "configuration_id": "r1500_t06",
        "day_fraction": 1.0,
        "daynight_known_count": 1,
        "detection_count": 1,
        "duration_hours": 0.0,
        "end_time_utc": "2025-01-31T18:48:00Z",
        "frp_max_mw": 4.01,
        "frp_mean_mw": 4.01,
        "frp_median_mw": 4.01,
        "frp_min_mw": 4.01,
        "frp_sum_mw": 4.01,
        "night_fraction": 0.0,
        "optical_cohort_status": "not_in_cohort",
        "possible_chain_merge": false,
        "public_event_id": "evt-0574",
        "satellite_count": 1,
        "satellites": [
          "N20"
        ],
        "source_count": 1,
        "start_time_utc": "2025-01-31T18:48:00Z"
      },
      "type": "Feature"
    },
    {
      "geometry": {
        "coordinates": [
          -80.36458,
          8.35498
        ],
        "type": "Point"
      },
      "properties": {
        "configuration_id": "r1500_t06",
        "day_fraction": 1.0,
        "daynight_known_count": 1,
        "detection_count": 1,
        "duration_hours": 0.0,
        "end_time_utc": "2025-02-04T18:50:00Z",
        "frp_max_mw": 5.42,
        "frp_mean_mw": 5.42,
        "frp_median_mw": 5.42,
        "frp_min_mw": 5.42,
        "frp_sum_mw": 5.42,
        "night_fraction": 0.0,
        "optical_cohort_status": "not_in_cohort",
        "possible_chain_merge": false,
        "public_event_id": "evt-0575",
        "satellite_count": 1,
        "satellites": [
          "N"
        ],
        "source_count": 1,
        "start_time_utc": "2025-02-04T18:50:00Z"
      },
      "type": "Feature"
    },
    {
      "geometry": {
        "coordinates": [
          -80.55384,
          8.41705
        ],
        "type": "Point"
      },
      "properties": {
        "configuration_id": "r1500_t06",
        "day_fraction": 1.0,
        "daynight_known_count": 1,
        "detection_count": 1,
        "duration_hours": 0.0,
        "end_time_utc": "2025-04-16T18:41:00Z",
        "frp_max_mw": 1.95,
        "frp_mean_mw": 1.95,
        "frp_median_mw": 1.95,
        "frp_min_mw": 1.95,
        "frp_sum_mw": 1.95,
        "night_fraction": 0.0,
        "optical_cohort_status": "not_in_cohort",
        "possible_chain_merge": false,
        "public_event_id": "evt-0576",
        "satellite_count": 1,
        "satellites": [
          "N20"
        ],
        "source_count": 1,
        "start_time_utc": "2025-04-16T18:41:00Z"
      },
      "type": "Feature"
    },
    {
      "geometry": {
        "coordinates": [
          -80.624623,
          8.369487
        ],
        "type": "Point"
      },
      "properties": {
        "configuration_id": "r1500_t06",
        "day_fraction": 0.0,
        "daynight_known_count": 6,
        "detection_count": 6,
        "duration_hours": 0.383333,
        "end_time_utc": "2025-03-18T06:39:00Z",
        "frp_max_mw": 2.08,
        "frp_mean_mw": 1.255,
        "frp_median_mw": 1.155,
        "frp_min_mw": 0.53,
        "frp_sum_mw": 7.53,
        "night_fraction": 1.0,
        "optical_cohort_status": "observable",
        "possible_chain_merge": true,
        "public_event_id": "evt-0577",
        "satellite_count": 2,
        "satellites": [
          "N",
          "N20"
        ],
        "source_count": 2,
        "start_time_utc": "2025-03-18T06:16:00Z"
      },
      "type": "Feature"
    },
    {
      "geometry": {
        "coordinates": [
          -80.12043,
          8.48481
        ],
        "type": "Point"
      },
      "properties": {
        "configuration_id": "r1500_t06",
        "day_fraction": 0.0,
        "daynight_known_count": 1,
        "detection_count": 1,
        "duration_hours": 0.0,
        "end_time_utc": "2025-04-20T06:20:00Z",
        "frp_max_mw": 0.94,
        "frp_mean_mw": 0.94,
        "frp_median_mw": 0.94,
        "frp_min_mw": 0.94,
        "frp_sum_mw": 0.94,
        "night_fraction": 1.0,
        "optical_cohort_status": "not_in_cohort",
        "possible_chain_merge": false,
        "public_event_id": "evt-0578",
        "satellite_count": 1,
        "satellites": [
          "N20"
        ],
        "source_count": 1,
        "start_time_utc": "2025-04-20T06:20:00Z"
      },
      "type": "Feature"
    },
    {
      "geometry": {
        "coordinates": [
          -80.49123,
          8.58769
        ],
        "type": "Point"
      },
      "properties": {
        "configuration_id": "r1500_t06",
        "day_fraction": 1.0,
        "daynight_known_count": 1,
        "detection_count": 1,
        "duration_hours": 0.0,
        "end_time_utc": "2025-04-07T18:09:00Z",
        "frp_max_mw": 3.81,
        "frp_mean_mw": 3.81,
        "frp_median_mw": 3.81,
        "frp_min_mw": 3.81,
        "frp_sum_mw": 3.81,
        "night_fraction": 0.0,
        "optical_cohort_status": "not_in_cohort",
        "possible_chain_merge": false,
        "public_event_id": "evt-0579",
        "satellite_count": 1,
        "satellites": [
          "N20"
        ],
        "source_count": 1,
        "start_time_utc": "2025-04-07T18:09:00Z"
      },
      "type": "Feature"
    },
    {
      "geometry": {
        "coordinates": [
          -80.28095,
          8.59285
        ],
        "type": "Point"
      },
      "properties": {
        "configuration_id": "r1500_t06",
        "day_fraction": 1.0,
        "daynight_known_count": 2,
        "detection_count": 2,
        "duration_hours": 0.0,
        "end_time_utc": "2025-03-27T18:15:00Z",
        "frp_max_mw": 9.35,
        "frp_mean_mw": 9.09,
        "frp_median_mw": 9.09,
        "frp_min_mw": 8.83,
        "frp_sum_mw": 18.18,
        "night_fraction": 0.0,
        "optical_cohort_status": "not_in_cohort",
        "possible_chain_merge": false,
        "public_event_id": "evt-0580",
        "satellite_count": 1,
        "satellites": [
          "N20"
        ],
        "source_count": 1,
        "start_time_utc": "2025-03-27T18:15:00Z"
      },
      "type": "Feature"
    },
    {
      "geometry": {
        "coordinates": [
          -80.278155,
          8.943685
        ],
        "type": "Point"
      },
      "properties": {
        "configuration_id": "r1500_t06",
        "day_fraction": 1.0,
        "daynight_known_count": 2,
        "detection_count": 2,
        "duration_hours": 0.0,
        "end_time_utc": "2025-03-29T18:56:00Z",
        "frp_max_mw": 4.81,
        "frp_mean_mw": 4.81,
        "frp_median_mw": 4.81,
        "frp_min_mw": 4.81,
        "frp_sum_mw": 9.62,
        "night_fraction": 0.0,
        "optical_cohort_status": "not_in_cohort",
        "possible_chain_merge": false,
        "public_event_id": "evt-0581",
        "satellite_count": 1,
        "satellites": [
          "N"
        ],
        "source_count": 1,
        "start_time_utc": "2025-03-29T18:56:00Z"
      },
      "type": "Feature"
    },
    {
      "geometry": {
        "coordinates": [
          -80.24892,
          8.88586
        ],
        "type": "Point"
      },
      "properties": {
        "configuration_id": "r1500_t06",
        "day_fraction": 1.0,
        "daynight_known_count": 1,
        "detection_count": 1,
        "duration_hours": 0.0,
        "end_time_utc": "2025-03-18T19:02:00Z",
        "frp_max_mw": 6.48,
        "frp_mean_mw": 6.48,
        "frp_median_mw": 6.48,
        "frp_min_mw": 6.48,
        "frp_sum_mw": 6.48,
        "night_fraction": 0.0,
        "optical_cohort_status": "not_in_cohort",
        "possible_chain_merge": false,
        "public_event_id": "evt-0582",
        "satellite_count": 1,
        "satellites": [
          "N"
        ],
        "source_count": 1,
        "start_time_utc": "2025-03-18T19:02:00Z"
      },
      "type": "Feature"
    },
    {
      "geometry": {
        "coordinates": [
          -80.64998,
          8.226876
        ],
        "type": "Point"
      },
      "properties": {
        "configuration_id": "r1500_t06",
        "day_fraction": 1.0,
        "daynight_known_count": 13,
        "detection_count": 13,
        "duration_hours": 0.366667,
        "end_time_utc": "2025-04-15T18:59:00Z",
        "frp_max_mw": 47.25,
        "frp_mean_mw": 11.272308,
        "frp_median_mw": 8.73,
        "frp_min_mw": 2.82,
        "frp_sum_mw": 146.54,
        "night_fraction": 0.0,
        "optical_cohort_status": "not_in_cohort",
        "possible_chain_merge": true,
        "public_event_id": "evt-0583",
        "satellite_count": 2,
        "satellites": [
          "N",
          "N20"
        ],
        "source_count": 2,
        "start_time_utc": "2025-04-15T18:37:00Z"
      },
      "type": "Feature"
    },
    {
      "geometry": {
        "coordinates": [
          -80.63488,
          8.35905
        ],
        "type": "Point"
      },
      "properties": {
        "configuration_id": "r1500_t06",
        "day_fraction": 1.0,
        "daynight_known_count": 1,
        "detection_count": 1,
        "duration_hours": 0.0,
        "end_time_utc": "2025-04-21T18:47:00Z",
        "frp_max_mw": 4.5,
        "frp_mean_mw": 4.5,
        "frp_median_mw": 4.5,
        "frp_min_mw": 4.5,
        "frp_sum_mw": 4.5,
        "night_fraction": 0.0,
        "optical_cohort_status": "observable",
        "possible_chain_merge": false,
        "public_event_id": "evt-0584",
        "satellite_count": 1,
        "satellites": [
          "N20"
        ],
        "source_count": 1,
        "start_time_utc": "2025-04-21T18:47:00Z"
      },
      "type": "Feature"
    },
    {
      "geometry": {
        "coordinates": [
          -80.53618,
          8.40128
        ],
        "type": "Point"
      },
      "properties": {
        "configuration_id": "r1500_t06",
        "day_fraction": 0.0,
        "daynight_known_count": 1,
        "detection_count": 1,
        "duration_hours": 0.0,
        "end_time_utc": "2025-04-02T06:58:00Z",
        "frp_max_mw": 0.77,
        "frp_mean_mw": 0.77,
        "frp_median_mw": 0.77,
        "frp_min_mw": 0.77,
        "frp_sum_mw": 0.77,
        "night_fraction": 1.0,
        "optical_cohort_status": "not_in_cohort",
        "possible_chain_merge": false,
        "public_event_id": "evt-0585",
        "satellite_count": 1,
        "satellites": [
          "N20"
        ],
        "source_count": 1,
        "start_time_utc": "2025-04-02T06:58:00Z"
      },
      "type": "Feature"
    },
    {
      "geometry": {
        "coordinates": [
          -80.3581,
          8.57277
        ],
        "type": "Point"
      },
      "properties": {
        "configuration_id": "r1500_t06",
        "day_fraction": 1.0,
        "daynight_known_count": 1,
        "detection_count": 1,
        "duration_hours": 0.0,
        "end_time_utc": "2025-04-19T19:02:00Z",
        "frp_max_mw": 5.53,
        "frp_mean_mw": 5.53,
        "frp_median_mw": 5.53,
        "frp_min_mw": 5.53,
        "frp_sum_mw": 5.53,
        "night_fraction": 0.0,
        "optical_cohort_status": "not_in_cohort",
        "possible_chain_merge": false,
        "public_event_id": "evt-0586",
        "satellite_count": 1,
        "satellites": [
          "N"
        ],
        "source_count": 1,
        "start_time_utc": "2025-04-19T19:02:00Z"
      },
      "type": "Feature"
    },
    {
      "geometry": {
        "coordinates": [
          -80.725335,
          8.1953
        ],
        "type": "Point"
      },
      "properties": {
        "configuration_id": "r1500_t06",
        "day_fraction": 1.0,
        "daynight_known_count": 4,
        "detection_count": 4,
        "duration_hours": 0.383333,
        "end_time_utc": "2025-04-19T19:25:00Z",
        "frp_max_mw": 7.51,
        "frp_mean_mw": 5.31,
        "frp_median_mw": 5.195,
        "frp_min_mw": 3.34,
        "frp_sum_mw": 21.24,
        "night_fraction": 0.0,
        "optical_cohort_status": "not_in_cohort",
        "possible_chain_merge": false,
        "public_event_id": "evt-0587",
        "satellite_count": 2,
        "satellites": [
          "N",
          "N20"
        ],
        "source_count": 2,
        "start_time_utc": "2025-04-19T19:02:00Z"
      },
      "type": "Feature"
    },
    {
      "geometry": {
        "coordinates": [
          -80.72316,
          8.48005
        ],
        "type": "Point"
      },
      "properties": {
        "configuration_id": "r1500_t06",
        "day_fraction": 1.0,
        "daynight_known_count": 1,
        "detection_count": 1,
        "duration_hours": 0.0,
        "end_time_utc": "2025-03-17T18:03:00Z",
        "frp_max_mw": 4.97,
        "frp_mean_mw": 4.97,
        "frp_median_mw": 4.97,
        "frp_min_mw": 4.97,
        "frp_sum_mw": 4.97,
        "night_fraction": 0.0,
        "optical_cohort_status": "not_in_cohort",
        "possible_chain_merge": false,
        "public_event_id": "evt-0588",
        "satellite_count": 1,
        "satellites": [
          "N20"
        ],
        "source_count": 1,
        "start_time_utc": "2025-03-17T18:03:00Z"
      },
      "type": "Feature"
    },
    {
      "geometry": {
        "coordinates": [
          -80.54903,
          8.28722
        ],
        "type": "Point"
      },
      "properties": {
        "configuration_id": "r1500_t06",
        "day_fraction": 0.0,
        "daynight_known_count": 1,
        "detection_count": 1,
        "duration_hours": 0.0,
        "end_time_utc": "2025-03-18T06:16:00Z",
        "frp_max_mw": 1.13,
        "frp_mean_mw": 1.13,
        "frp_median_mw": 1.13,
        "frp_min_mw": 1.13,
        "frp_sum_mw": 1.13,
        "night_fraction": 1.0,
        "optical_cohort_status": "not_in_cohort",
        "possible_chain_merge": false,
        "public_event_id": "evt-0589",
        "satellite_count": 1,
        "satellites": [
          "N"
        ],
        "source_count": 1,
        "start_time_utc": "2025-03-18T06:16:00Z"
      },
      "type": "Feature"
    },
    {
      "geometry": {
        "coordinates": [
          -80.79237,
          8.52204
        ],
        "type": "Point"
      },
      "properties": {
        "configuration_id": "r1500_t06",
        "day_fraction": 1.0,
        "daynight_known_count": 1,
        "detection_count": 1,
        "duration_hours": 0.0,
        "end_time_utc": "2025-03-21T18:05:00Z",
        "frp_max_mw": 4.98,
        "frp_mean_mw": 4.98,
        "frp_median_mw": 4.98,
        "frp_min_mw": 4.98,
        "frp_sum_mw": 4.98,
        "night_fraction": 0.0,
        "optical_cohort_status": "not_in_cohort",
        "possible_chain_merge": false,
        "public_event_id": "evt-0590",
        "satellite_count": 1,
        "satellites": [
          "N"
        ],
        "source_count": 1,
        "start_time_utc": "2025-03-21T18:05:00Z"
      },
      "type": "Feature"
    },
    {
      "geometry": {
        "coordinates": [
          -80.25865,
          8.327935
        ],
        "type": "Point"
      },
      "properties": {
        "configuration_id": "r1500_t06",
        "day_fraction": 1.0,
        "daynight_known_count": 2,
        "detection_count": 2,
        "duration_hours": 0.0,
        "end_time_utc": "2025-03-20T18:47:00Z",
        "frp_max_mw": 13.64,
        "frp_mean_mw": 11.43,
        "frp_median_mw": 11.43,
        "frp_min_mw": 9.22,
        "frp_sum_mw": 22.86,
        "night_fraction": 0.0,
        "optical_cohort_status": "not_in_cohort",
        "possible_chain_merge": false,
        "public_event_id": "evt-0591",
        "satellite_count": 1,
        "satellites": [
          "N20"
        ],
        "source_count": 1,
        "start_time_utc": "2025-03-20T18:47:00Z"
      },
      "type": "Feature"
    },
    {
      "geometry": {
        "coordinates": [
          -80.54462,
          8.50588
        ],
        "type": "Point"
      },
      "properties": {
        "configuration_id": "r1500_t06",
        "day_fraction": 1.0,
        "daynight_known_count": 1,
        "detection_count": 1,
        "duration_hours": 0.0,
        "end_time_utc": "2025-03-11T18:16:00Z",
        "frp_max_mw": 3.7,
        "frp_mean_mw": 3.7,
        "frp_median_mw": 3.7,
        "frp_min_mw": 3.7,
        "frp_sum_mw": 3.7,
        "night_fraction": 0.0,
        "optical_cohort_status": "not_in_cohort",
        "possible_chain_merge": false,
        "public_event_id": "evt-0592",
        "satellite_count": 1,
        "satellites": [
          "N20"
        ],
        "source_count": 1,
        "start_time_utc": "2025-03-11T18:16:00Z"
      },
      "type": "Feature"
    },
    {
      "geometry": {
        "coordinates": [
          -80.202153,
          8.356603
        ],
        "type": "Point"
      },
      "properties": {
        "configuration_id": "r1500_t06",
        "day_fraction": 1.0,
        "daynight_known_count": 3,
        "detection_count": 3,
        "duration_hours": 1.283333,
        "end_time_utc": "2025-03-12T19:14:00Z",
        "frp_max_mw": 6.23,
        "frp_mean_mw": 4.416667,
        "frp_median_mw": 3.59,
        "frp_min_mw": 3.43,
        "frp_sum_mw": 13.25,
        "night_fraction": 0.0,
        "optical_cohort_status": "not_in_cohort",
        "possible_chain_merge": false,
        "public_event_id": "evt-0593",
        "satellite_count": 2,
        "satellites": [
          "N",
          "N20"
        ],
        "source_count": 2,
        "start_time_utc": "2025-03-12T17:57:00Z"
      },
      "type": "Feature"
    },
    {
      "geometry": {
        "coordinates": [
          -80.19977,
          8.47735
        ],
        "type": "Point"
      },
      "properties": {
        "configuration_id": "r1500_t06",
        "day_fraction": 1.0,
        "daynight_known_count": 2,
        "detection_count": 2,
        "duration_hours": 0.0,
        "end_time_utc": "2025-04-27T18:12:00Z",
        "frp_max_mw": 6.09,
        "frp_mean_mw": 5.365,
        "frp_median_mw": 5.365,
        "frp_min_mw": 4.64,
        "frp_sum_mw": 10.73,
        "night_fraction": 0.0,
        "optical_cohort_status": "not_in_cohort",
        "possible_chain_merge": false,
        "public_event_id": "evt-0594",
        "satellite_count": 1,
        "satellites": [
          "N"
        ],
        "source_count": 1,
        "start_time_utc": "2025-04-27T18:12:00Z"
      },
      "type": "Feature"
    },
    {
      "geometry": {
        "coordinates": [
          -80.61092,
          8.48645
        ],
        "type": "Point"
      },
      "properties": {
        "configuration_id": "r1500_t06",
        "day_fraction": 1.0,
        "daynight_known_count": 1,
        "detection_count": 1,
        "duration_hours": 0.0,
        "end_time_utc": "2025-04-25T18:50:00Z",
        "frp_max_mw": 4.56,
        "frp_mean_mw": 4.56,
        "frp_median_mw": 4.56,
        "frp_min_mw": 4.56,
        "frp_sum_mw": 4.56,
        "night_fraction": 0.0,
        "optical_cohort_status": "not_in_cohort",
        "possible_chain_merge": false,
        "public_event_id": "evt-0595",
        "satellite_count": 1,
        "satellites": [
          "N"
        ],
        "source_count": 1,
        "start_time_utc": "2025-04-25T18:50:00Z"
      },
      "type": "Feature"
    },
    {
      "geometry": {
        "coordinates": [
          -80.287835,
          8.704855
        ],
        "type": "Point"
      },
      "properties": {
        "configuration_id": "r1500_t06",
        "day_fraction": 1.0,
        "daynight_known_count": 2,
        "detection_count": 2,
        "duration_hours": 0.383333,
        "end_time_utc": "2025-04-01T18:22:00Z",
        "frp_max_mw": 10.18,
        "frp_mean_mw": 8.27,
        "frp_median_mw": 8.27,
        "frp_min_mw": 6.36,
        "frp_sum_mw": 16.54,
        "night_fraction": 0.0,
        "optical_cohort_status": "not_in_cohort",
        "possible_chain_merge": false,
        "public_event_id": "evt-0596",
        "satellite_count": 2,
        "satellites": [
          "N",
          "N20"
        ],
        "source_count": 2,
        "start_time_utc": "2025-04-01T17:59:00Z"
      },
      "type": "Feature"
    },
    {
      "geometry": {
        "coordinates": [
          -80.70341,
          8.55706
        ],
        "type": "Point"
      },
      "properties": {
        "configuration_id": "r1500_t06",
        "day_fraction": 1.0,
        "daynight_known_count": 1,
        "detection_count": 1,
        "duration_hours": 0.0,
        "end_time_utc": "2025-04-16T18:41:00Z",
        "frp_max_mw": 11.03,
        "frp_mean_mw": 11.03,
        "frp_median_mw": 11.03,
        "frp_min_mw": 11.03,
        "frp_sum_mw": 11.03,
        "night_fraction": 0.0,
        "optical_cohort_status": "not_in_cohort",
        "possible_chain_merge": false,
        "public_event_id": "evt-0597",
        "satellite_count": 1,
        "satellites": [
          "N20"
        ],
        "source_count": 1,
        "start_time_utc": "2025-04-16T18:41:00Z"
      },
      "type": "Feature"
    },
    {
      "geometry": {
        "coordinates": [
          -80.51173,
          8.61478
        ],
        "type": "Point"
      },
      "properties": {
        "configuration_id": "r1500_t06",
        "day_fraction": 1.0,
        "daynight_known_count": 1,
        "detection_count": 1,
        "duration_hours": 0.0,
        "end_time_utc": "2025-03-02T19:02:00Z",
        "frp_max_mw": 12.02,
        "frp_mean_mw": 12.02,
        "frp_median_mw": 12.02,
        "frp_min_mw": 12.02,
        "frp_sum_mw": 12.02,
        "night_fraction": 0.0,
        "optical_cohort_status": "not_in_cohort",
        "possible_chain_merge": false,
        "public_event_id": "evt-0598",
        "satellite_count": 1,
        "satellites": [
          "N"
        ],
        "source_count": 1,
        "start_time_utc": "2025-03-02T19:02:00Z"
      },
      "type": "Feature"
    },
    {
      "geometry": {
        "coordinates": [
          -80.546963,
          8.228813
        ],
        "type": "Point"
      },
      "properties": {
        "configuration_id": "r1500_t06",
        "day_fraction": 1.0,
        "daynight_known_count": 3,
        "detection_count": 3,
        "duration_hours": 0.0,
        "end_time_utc": "2025-03-27T18:15:00Z",
        "frp_max_mw": 6.32,
        "frp_mean_mw": 4.96,
        "frp_median_mw": 4.28,
        "frp_min_mw": 4.28,
        "frp_sum_mw": 14.88,
        "night_fraction": 0.0,
        "optical_cohort_status": "not_in_cohort",
        "possible_chain_merge": false,
        "public_event_id": "evt-0599",
        "satellite_count": 1,
        "satellites": [
          "N20"
        ],
        "source_count": 1,
        "start_time_utc": "2025-03-27T18:15:00Z"
      },
      "type": "Feature"
    },
    {
      "geometry": {
        "coordinates": [
          -80.63463,
          8.605183
        ],
        "type": "Point"
      },
      "properties": {
        "configuration_id": "r1500_t06",
        "day_fraction": 1.0,
        "daynight_known_count": 3,
        "detection_count": 3,
        "duration_hours": 0.0,
        "end_time_utc": "2025-04-14T18:56:00Z",
        "frp_max_mw": 7.52,
        "frp_mean_mw": 6.36,
        "frp_median_mw": 5.78,
        "frp_min_mw": 5.78,
        "frp_sum_mw": 19.08,
        "night_fraction": 0.0,
        "optical_cohort_status": "not_in_cohort",
        "possible_chain_merge": false,
        "public_event_id": "evt-0600",
        "satellite_count": 1,
        "satellites": [
          "N"
        ],
        "source_count": 1,
        "start_time_utc": "2025-04-14T18:56:00Z"
      },
      "type": "Feature"
    },
    {
      "geometry": {
        "coordinates": [
          -80.62362,
          8.14783
        ],
        "type": "Point"
      },
      "properties": {
        "configuration_id": "r1500_t06",
        "day_fraction": 1.0,
        "daynight_known_count": 4,
        "detection_count": 4,
        "duration_hours": 0.0,
        "end_time_utc": "2025-03-15T18:18:00Z",
        "frp_max_mw": 2.4,
        "frp_mean_mw": 2.17,
        "frp_median_mw": 2.17,
        "frp_min_mw": 1.94,
        "frp_sum_mw": 8.68,
        "night_fraction": 0.0,
        "optical_cohort_status": "not_in_cohort",
        "possible_chain_merge": false,
        "public_event_id": "evt-0601",
        "satellite_count": 1,
        "satellites": [
          "N"
        ],
        "source_count": 1,
        "start_time_utc": "2025-03-15T18:18:00Z"
      },
      "type": "Feature"
    },
    {
      "geometry": {
        "coordinates": [
          -80.21281,
          8.88477
        ],
        "type": "Point"
      },
      "properties": {
        "configuration_id": "r1500_t06",
        "day_fraction": 1.0,
        "daynight_known_count": 1,
        "detection_count": 1,
        "duration_hours": 0.0,
        "end_time_utc": "2025-03-20T18:24:00Z",
        "frp_max_mw": 8.43,
        "frp_mean_mw": 8.43,
        "frp_median_mw": 8.43,
        "frp_min_mw": 8.43,
        "frp_sum_mw": 8.43,
        "night_fraction": 0.0,
        "optical_cohort_status": "not_in_cohort",
        "possible_chain_merge": false,
        "public_event_id": "evt-0602",
        "satellite_count": 1,
        "satellites": [
          "N"
        ],
        "source_count": 1,
        "start_time_utc": "2025-03-20T18:24:00Z"
      },
      "type": "Feature"
    },
    {
      "geometry": {
        "coordinates": [
          -80.56975,
          8.2571
        ],
        "type": "Point"
      },
      "properties": {
        "configuration_id": "r1500_t06",
        "day_fraction": 1.0,
        "daynight_known_count": 1,
        "detection_count": 1,
        "duration_hours": 0.0,
        "end_time_utc": "2025-01-26T18:41:00Z",
        "frp_max_mw": 4.14,
        "frp_mean_mw": 4.14,
        "frp_median_mw": 4.14,
        "frp_min_mw": 4.14,
        "frp_sum_mw": 4.14,
        "night_fraction": 0.0,
        "optical_cohort_status": "not_in_cohort",
        "possible_chain_merge": false,
        "public_event_id": "evt-0603",
        "satellite_count": 1,
        "satellites": [
          "N20"
        ],
        "source_count": 1,
        "start_time_utc": "2025-01-26T18:41:00Z"
      },
      "type": "Feature"
    },
    {
      "geometry": {
        "coordinates": [
          -80.28737,
          8.351441
        ],
        "type": "Point"
      },
      "properties": {
        "configuration_id": "r1500_t06",
        "day_fraction": 1.0,
        "daynight_known_count": 11,
        "detection_count": 11,
        "duration_hours": 0.383333,
        "end_time_utc": "2025-03-15T18:41:00Z",
        "frp_max_mw": 10.77,
        "frp_mean_mw": 6.398182,
        "frp_median_mw": 6.11,
        "frp_min_mw": 2.71,
        "frp_sum_mw": 70.38,
        "night_fraction": 0.0,
        "optical_cohort_status": "not_in_cohort",
        "possible_chain_merge": false,
        "public_event_id": "evt-0604",
        "satellite_count": 2,
        "satellites": [
          "N",
          "N20"
        ],
        "source_count": 2,
        "start_time_utc": "2025-03-15T18:18:00Z"
      },
      "type": "Feature"
    },
    {
      "geometry": {
        "coordinates": [
          -80.73122,
          8.399725
        ],
        "type": "Point"
      },
      "properties": {
        "configuration_id": "r1500_t06",
        "day_fraction": 1.0,
        "daynight_known_count": 2,
        "detection_count": 2,
        "duration_hours": 0.0,
        "end_time_utc": "2025-03-07T19:08:00Z",
        "frp_max_mw": 4.68,
        "frp_mean_mw": 4.68,
        "frp_median_mw": 4.68,
        "frp_min_mw": 4.68,
        "frp_sum_mw": 9.36,
        "night_fraction": 0.0,
        "optical_cohort_status": "not_in_cohort",
        "possible_chain_merge": false,
        "public_event_id": "evt-0605",
        "satellite_count": 1,
        "satellites": [
          "N"
        ],
        "source_count": 1,
        "start_time_utc": "2025-03-07T19:08:00Z"
      },
      "type": "Feature"
    },
    {
      "geometry": {
        "coordinates": [
          -80.276385,
          8.416615
        ],
        "type": "Point"
      },
      "properties": {
        "configuration_id": "r1500_t06",
        "day_fraction": 1.0,
        "daynight_known_count": 4,
        "detection_count": 4,
        "duration_hours": 1.3,
        "end_time_utc": "2025-03-12T19:15:00Z",
        "frp_max_mw": 7.23,
        "frp_mean_mw": 5.0025,
        "frp_median_mw": 4.615,
        "frp_min_mw": 3.55,
        "frp_sum_mw": 20.01,
        "night_fraction": 0.0,
        "optical_cohort_status": "not_in_cohort",
        "possible_chain_merge": false,
        "public_event_id": "evt-0606",
        "satellite_count": 2,
        "satellites": [
          "N",
          "N20"
        ],
        "source_count": 2,
        "start_time_utc": "2025-03-12T17:57:00Z"
      },
      "type": "Feature"
    },
    {
      "geometry": {
        "coordinates": [
          -80.12409,
          8.392043
        ],
        "type": "Point"
      },
      "properties": {
        "configuration_id": "r1500_t06",
        "day_fraction": 1.0,
        "daynight_known_count": 3,
        "detection_count": 3,
        "duration_hours": 0.0,
        "end_time_utc": "2025-03-24T18:49:00Z",
        "frp_max_mw": 3.01,
        "frp_mean_mw": 2.57,
        "frp_median_mw": 2.35,
        "frp_min_mw": 2.35,
        "frp_sum_mw": 7.71,
        "night_fraction": 0.0,
        "optical_cohort_status": "not_in_cohort",
        "possible_chain_merge": false,
        "public_event_id": "evt-0607",
        "satellite_count": 1,
        "satellites": [
          "N"
        ],
        "source_count": 1,
        "start_time_utc": "2025-03-24T18:49:00Z"
      },
      "type": "Feature"
    },
    {
      "geometry": {
        "coordinates": [
          -80.26004,
          8.70452
        ],
        "type": "Point"
      },
      "properties": {
        "configuration_id": "r1500_t06",
        "day_fraction": 1.0,
        "daynight_known_count": 1,
        "detection_count": 1,
        "duration_hours": 0.0,
        "end_time_utc": "2025-03-06T18:10:00Z",
        "frp_max_mw": 3.38,
        "frp_mean_mw": 3.38,
        "frp_median_mw": 3.38,
        "frp_min_mw": 3.38,
        "frp_sum_mw": 3.38,
        "night_fraction": 0.0,
        "optical_cohort_status": "not_in_cohort",
        "possible_chain_merge": false,
        "public_event_id": "evt-0608",
        "satellite_count": 1,
        "satellites": [
          "N20"
        ],
        "source_count": 1,
        "start_time_utc": "2025-03-06T18:10:00Z"
      },
      "type": "Feature"
    },
    {
      "geometry": {
        "coordinates": [
          -80.62367,
          8.39839
        ],
        "type": "Point"
      },
      "properties": {
        "configuration_id": "r1500_t06",
        "day_fraction": 1.0,
        "daynight_known_count": 1,
        "detection_count": 1,
        "duration_hours": 0.0,
        "end_time_utc": "2025-04-26T18:53:00Z",
        "frp_max_mw": 2.67,
        "frp_mean_mw": 2.67,
        "frp_median_mw": 2.67,
        "frp_min_mw": 2.67,
        "frp_sum_mw": 2.67,
        "night_fraction": 0.0,
        "optical_cohort_status": "not_in_cohort",
        "possible_chain_merge": false,
        "public_event_id": "evt-0609",
        "satellite_count": 1,
        "satellites": [
          "N20"
        ],
        "source_count": 1,
        "start_time_utc": "2025-04-26T18:53:00Z"
      },
      "type": "Feature"
    },
    {
      "geometry": {
        "coordinates": [
          -80.26891,
          8.37658
        ],
        "type": "Point"
      },
      "properties": {
        "configuration_id": "r1500_t06",
        "day_fraction": 0.0,
        "daynight_known_count": 1,
        "detection_count": 1,
        "duration_hours": 0.0,
        "end_time_utc": "2025-04-16T07:13:00Z",
        "frp_max_mw": 1.07,
        "frp_mean_mw": 1.07,
        "frp_median_mw": 1.07,
        "frp_min_mw": 1.07,
        "frp_sum_mw": 1.07,
        "night_fraction": 1.0,
        "optical_cohort_status": "not_in_cohort",
        "possible_chain_merge": false,
        "public_event_id": "evt-0610",
        "satellite_count": 1,
        "satellites": [
          "N"
        ],
        "source_count": 1,
        "start_time_utc": "2025-04-16T07:13:00Z"
      },
      "type": "Feature"
    },
    {
      "geometry": {
        "coordinates": [
          -80.63384,
          8.57158
        ],
        "type": "Point"
      },
      "properties": {
        "configuration_id": "r1500_t06",
        "day_fraction": 1.0,
        "daynight_known_count": 1,
        "detection_count": 1,
        "duration_hours": 0.0,
        "end_time_utc": "2025-03-14T19:00:00Z",
        "frp_max_mw": 2.3,
        "frp_mean_mw": 2.3,
        "frp_median_mw": 2.3,
        "frp_min_mw": 2.3,
        "frp_sum_mw": 2.3,
        "night_fraction": 0.0,
        "optical_cohort_status": "not_in_cohort",
        "possible_chain_merge": false,
        "public_event_id": "evt-0611",
        "satellite_count": 1,
        "satellites": [
          "N20"
        ],
        "source_count": 1,
        "start_time_utc": "2025-03-14T19:00:00Z"
      },
      "type": "Feature"
    }
  ],
  "type": "FeatureCollection"
}
